timestamp,t_hours,temperature_c,ph,ph_true,do_percent,biomass_gL,substrate_gL,product_titer_gL,feed_rate_Lh
2026-01-01 00:00:00.000000000,0.0,35.015,6.802,6.802,64.533,2.1057,7.7688,0.1342,0.4937
2026-01-01 00:01:00.000000001,0.0167,34.952,6.7705,6.7705,63.571,1.9873,8.0307,0.0497,0.4524
2026-01-01 00:01:59.999999998,0.0333,35.045,6.8032,6.8032,65.478,2.0343,7.8816,0.1544,0.531
2026-01-01 00:03:00.000000000,0.05,35.059,6.7826,6.7826,64.853,2.0382,8.1208,0.1328,0.4713
2026-01-01 00:04:00.000000001,0.0667,34.918,6.7929,6.7929,65.052,2.0185,8.072,0.1929,0.4836
2026-01-01 00:04:59.999999998,0.0833,34.955,6.8231,6.8231,65.641,1.9057,8.0497,0.1286,0.4748
2026-01-01 00:06:00.000000000,0.1,35.03,6.8121,6.8121,64.87,1.8128,7.744,0.0841,0.526
2026-01-01 00:07:00.000000001,0.1167,35.012,6.8144,6.8144,65.059,1.9456,7.967,0.0805,0.5084
2026-01-01 00:07:59.999999998,0.1333,35.031,6.7681,6.7681,65.233,2.1604,7.8035,0.0932,0.4905
2026-01-01 00:09:00.000000000,0.15,34.993,6.8407,6.8407,66.528,2.1654,7.9721,0.0809,0.4891
2026-01-01 00:10:00.000000001,0.1667,35.083,6.7805,6.7805,65.416,1.9979,7.6278,0.1745,0.5036
2026-01-01 00:10:59.999999998,0.1833,35.082,6.8354,6.8354,64.442,1.9442,7.7415,0.1717,0.4751
2026-01-01 00:12:00.000000000,0.2,35.05,6.8257,6.8257,64.513,2.0449,8.1485,0.0338,0.5076
2026-01-01 00:13:00.000000001,0.2167,35.107,6.8172,6.8172,65.619,2.0597,8.023,0.1113,0.489
2026-01-01 00:13:59.999999998,0.2333,35.078,6.789,6.789,64.643,2.0746,7.9121,0.1132,0.5104
2026-01-01 00:15:00.000000000,0.25,35.015,6.8096,6.8096,64.335,1.8262,7.8264,0.0717,0.5097
2026-01-01 00:16:00.000000001,0.2667,35.081,6.7975,6.7975,66.132,2.2829,7.7976,0.1334,0.4881
2026-01-01 00:16:59.999999998,0.2833,35.018,6.808,6.808,66.21,2.1228,7.9878,0.1853,0.4589
2026-01-01 00:18:00.000000000,0.3,35.114,6.8028,6.8028,65.406,2.0183,7.9038,0.1576,0.4951
2026-01-01 00:19:00.000000001,0.3167,35.071,6.7675,6.7675,65.973,1.9786,8.1849,0.1811,0.471
2026-01-01 00:19:59.999999998,0.3333,35.068,6.8311,6.8311,65.927,2.1169,7.9227,0.0785,0.5016
2026-01-01 00:21:00.000000000,0.35,35.047,6.8075,6.8075,66.296,2.0795,7.9568,0.117,0.4949
2026-01-01 00:22:00.000000001,0.3667,35.146,6.7998,6.7998,66.336,2.0492,7.7372,0.0776,0.4882
2026-01-01 00:22:59.999999998,0.3833,35.081,6.7988,6.7988,63.805,2.0804,7.8889,0.1286,0.4741
2026-01-01 00:24:00.000000000,0.4,35.071,6.8176,6.8176,65.735,2.0366,7.9671,0.1338,0.5237
2026-01-01 00:25:00.000000001,0.4167,35.078,6.7929,6.7929,66.379,2.0797,7.8822,0.1661,0.4909
2026-01-01 00:25:59.999999998,0.4333,35.126,6.7661,6.7661,65.673,2.1076,7.8629,0.1845,0.5471
2026-01-01 00:27:00.000000000,0.45,35.122,6.8198,6.8198,66.067,2.0789,7.9823,0.154,0.5007
2026-01-01 00:28:00.000000001,0.4667,35.128,6.8225,6.8225,66.676,2.0766,8.158,0.0773,0.507
2026-01-01 00:28:59.999999998,0.4833,35.132,6.8085,6.8085,66.176,2.1667,7.9501,0.0534,0.5008
2026-01-01 00:30:00.000000000,0.5,35.221,6.79,6.79,67.354,1.9294,8.0976,0.1477,0.5068
2026-01-01 00:31:00.000000001,0.5167,35.097,6.8151,6.8151,67.086,1.9953,8.0167,0.1975,0.5219
2026-01-01 00:31:59.999999998,0.5333,35.096,6.7845,6.7845,66.125,2.0632,8.0837,0.122,0.5221
2026-01-01 00:33:00.000000000,0.55,35.084,6.7937,6.7937,66.098,2.0046,7.8272,0.0476,0.4647
2026-01-01 00:34:00.000000001,0.5667,35.159,6.7996,6.7996,64.011,2.0333,7.8852,0.2289,0.5171
2026-01-01 00:34:59.999999998,0.5833,35.188,6.8319,6.8319,66.066,2.1699,7.8833,0.1499,0.5099
2026-01-01 00:36:00.000000000,0.6,35.129,6.8082,6.8082,65.279,2.0569,7.9933,0.1347,0.5007
2026-01-01 00:37:00.000000001,0.6167,35.096,6.8069,6.8069,66.574,1.9245,8.0278,0.0685,0.5343
2026-01-01 00:37:59.999999998,0.6333,35.101,6.8554,6.8554,66.554,2.0389,7.9252,0.1285,0.5351
2026-01-01 00:39:00.000000000,0.65,35.178,6.8237,6.8237,67.023,2.0794,8.0356,0.1627,0.5181
2026-01-01 00:40:00.000000001,0.6667,35.186,6.8239,6.8239,67.617,2.0798,7.8171,0.1543,0.4891
2026-01-01 00:40:59.999999998,0.6833,35.179,6.8101,6.8101,66.513,2.1231,8.032,0.0959,0.4762
2026-01-01 00:42:00.000000000,0.7,35.122,6.806,6.806,68.392,2.1185,8.0492,0.1278,0.5151
2026-01-01 00:43:00.000000001,0.7167,35.17,6.7746,6.7746,66.787,2.0714,7.996,0.1006,0.5272
2026-01-01 00:43:59.999999998,0.7333,35.167,6.8381,6.8381,65.586,1.989,7.9121,0.2153,0.4594
2026-01-01 00:45:00.000000000,0.75,35.176,6.8281,6.8281,66.217,2.0512,7.9966,0.1776,0.5217
2026-01-01 00:46:00.000000001,0.7667,35.211,6.816,6.816,66.401,2.0386,7.7531,0.1074,0.4949
2026-01-01 00:46:59.999999998,0.7833,35.182,6.8172,6.8172,67.205,2.0676,7.9145,0.0759,0.4638
2026-01-01 00:48:00.000000000,0.8,35.208,6.8351,6.8351,66.006,2.1476,7.9274,0.149,0.5094
2026-01-01 00:49:00.000000001,0.8167,35.18,6.7896,6.7896,66.557,2.1266,7.6805,0.1112,0.5182
2026-01-01 00:49:59.999999998,0.8333,35.194,6.8093,6.8093,66.697,2.1622,7.9488,0.1157,0.493
2026-01-01 00:51:00.000000000,0.85,35.214,6.7988,6.7988,66.499,2.0675,7.6878,0.0806,0.4789
2026-01-01 00:52:00.000000001,0.8667,35.113,6.8573,6.8573,67.537,2.2209,7.8086,0.0875,0.5342
2026-01-01 00:52:59.999999998,0.8833,35.173,6.8398,6.8398,67.431,2.156,7.8763,0.147,0.4866
2026-01-01 00:54:00.000000000,0.9,35.168,6.7786,6.7786,67.882,2.1131,7.7584,0.1262,0.5232
2026-01-01 00:55:00.000000001,0.9167,35.162,6.7928,6.7928,66.713,2.1544,7.878,0.2652,0.4697
2026-01-01 00:55:59.999999998,0.9333,35.183,6.8208,6.8208,67.969,2.0541,7.8732,0.1708,0.5083
2026-01-01 00:57:00.000000000,0.95,35.274,6.8144,6.8144,65.945,1.9414,7.7378,0.0843,0.5078
2026-01-01 00:58:00.000000001,0.9667,35.159,6.7978,6.7978,65.954,2.0636,7.9436,0.0658,0.5175
2026-01-01 00:58:59.999999998,0.9833,35.253,6.8635,6.8635,66.122,2.1739,7.7414,0.1633,0.5299
2026-01-01 01:00:00.000000000,1.0,35.123,6.8313,6.8313,67.129,2.1225,8.1969,0.1243,0.4837
2026-01-01 01:01:00.000000001,1.0167,35.193,6.8349,6.8349,68.111,2.1071,7.8349,0.2114,0.5104
2026-01-01 01:01:59.999999998,1.0333,35.221,6.8119,6.8119,66.694,2.0522,7.6732,0.1597,0.4727
2026-01-01 01:03:00.000000000,1.05,35.244,6.8406,6.8406,66.822,1.9656,7.6989,0.0472,0.4724
2026-01-01 01:04:00.000000001,1.0667,35.253,6.8189,6.8189,67.057,2.238,8.0163,0.0962,0.4884
2026-01-01 01:04:59.999999998,1.0833,35.26,6.8212,6.8212,67.714,2.1094,7.7804,0.1141,0.5082
2026-01-01 01:06:00.000000000,1.1,35.205,6.8395,6.8395,66.899,2.0937,7.6349,0.1708,0.5335
2026-01-01 01:07:00.000000001,1.1167,35.201,6.795,6.795,66.88,2.0763,7.9651,0.0968,0.5372
2026-01-01 01:07:59.999999998,1.1333,35.27,6.8599,6.8599,66.255,2.2324,7.7724,0.1578,0.4929
2026-01-01 01:09:00.000000000,1.15,35.219,6.832,6.832,66.899,2.2045,7.9304,0.0841,0.5061
2026-01-01 01:10:00.000000001,1.1667,35.167,6.8543,6.8543,68.322,2.0587,7.9703,0.152,0.5189
2026-01-01 01:10:59.999999998,1.1833,35.177,6.8075,6.8075,67.477,2.2312,7.8688,0.171,0.5153
2026-01-01 01:12:00.000000000,1.2,35.189,6.8109,6.8109,66.835,2.1285,8.1847,0.2263,0.4966
2026-01-01 01:13:00.000000001,1.2167,35.262,6.8065,6.8065,68.439,2.0932,7.5642,0.1663,0.5015
2026-01-01 01:13:59.999999998,1.2333,35.247,6.8351,6.8351,67.004,2.1206,7.6979,0.1139,0.4978
2026-01-01 01:15:00.000000000,1.25,35.276,6.8318,6.8318,68.63,2.0834,7.7798,0.2302,0.4958
2026-01-01 01:16:00.000000001,1.2667,35.222,6.8215,6.8215,68.639,2.0424,8.1551,0.1471,0.4932
2026-01-01 01:16:59.999999998,1.2833,35.253,6.8108,6.8108,67.582,2.2122,8.0832,0.1957,0.4976
2026-01-01 01:18:00.000000000,1.3,35.278,6.8061,6.8061,66.359,2.1345,8.0045,0.1272,0.4919
2026-01-01 01:19:00.000000001,1.3167,35.233,6.8308,6.8308,69.41,2.2036,7.6897,0.1631,0.4773
2026-01-01 01:19:59.999999998,1.3333,35.273,6.8228,6.8228,67.908,2.1792,7.7049,0.1193,0.5173
2026-01-01 01:21:00.000000000,1.35,35.219,6.8188,6.8188,67.358,2.2021,7.6799,0.1762,0.5103
2026-01-01 01:22:00.000000001,1.3667,35.235,6.8637,6.8637,68.401,1.9966,7.6843,0.2011,0.5375
2026-01-01 01:22:59.999999998,1.3833,35.236,6.8315,6.8315,68.217,2.0929,8.0234,0.1369,0.5074
2026-01-01 01:24:00.000000000,1.4,35.197,6.8589,6.8589,68.722,2.2099,7.7606,0.1349,0.4917
2026-01-01 01:25:00.000000001,1.4167,35.283,6.8231,6.8231,67.161,2.0644,7.7781,0.1811,0.4875
2026-01-01 01:25:59.999999998,1.4333,35.236,6.839,6.839,67.963,2.1982,7.9087,0.1227,0.5009
2026-01-01 01:27:00.000000000,1.45,35.262,6.8333,6.8333,66.776,2.0592,7.5407,0.0889,0.5111
2026-01-01 01:28:00.000000001,1.4667,35.286,6.8008,6.8008,68.274,2.1738,7.7958,0.1832,0.4951
2026-01-01 01:28:59.999999998,1.4833,35.286,6.8636,6.8636,67.738,2.3033,7.621,0.1609,0.4706
2026-01-01 01:30:00.000000000,1.5,35.298,6.8327,6.8327,67.996,2.2385,7.7391,0.1606,0.4852
2026-01-01 01:31:00.000000001,1.5167,35.261,6.8506,6.8506,67.669,2.0305,7.6929,0.1939,0.5004
2026-01-01 01:31:59.999999998,1.5333,35.246,6.8209,6.8209,67.6,2.2485,7.6829,0.2017,0.5148
2026-01-01 01:33:00.000000000,1.55,35.264,6.833,6.833,67.12,2.3285,7.8101,0.1614,0.4703
2026-01-01 01:34:00.000000001,1.5667,35.185,6.8192,6.8192,68.46,2.4085,7.8072,0.1141,0.5053
2026-01-01 01:34:59.999999998,1.5833,35.198,6.8616,6.8616,69.033,2.2248,7.7387,0.1391,0.5044
2026-01-01 01:36:00.000000000,1.6,35.205,6.8434,6.8434,67.408,2.0797,7.825,0.201,0.491
2026-01-01 01:37:00.000000001,1.6167,35.222,6.8448,6.8448,68.308,2.2257,7.6368,0.1794,0.4883
2026-01-01 01:37:59.999999998,1.6333,35.293,6.8649,6.8649,68.222,2.3206,7.867,0.1458,0.4853
2026-01-01 01:39:00.000000000,1.65,35.228,6.8611,6.8611,67.894,2.1801,7.7315,0.1349,0.5028
2026-01-01 01:40:00.000000001,1.6667,35.256,6.8536,6.8536,66.677,2.2805,7.6876,0.2058,0.5225
2026-01-01 01:40:59.999999998,1.6833,35.34,6.8101,6.8101,66.866,2.132,7.6386,0.1646,0.524
2026-01-01 01:42:00.000000000,1.7,35.258,6.8249,6.8249,67.292,2.231,7.7193,0.2141,0.4775
2026-01-01 01:43:00.000000001,1.7167,35.313,6.8191,6.8191,66.215,2.0041,8.0338,0.2212,0.4963
2026-01-01 01:43:59.999999998,1.7333,35.23,6.854,6.854,69.061,2.1293,7.7415,0.1624,0.4561
2026-01-01 01:45:00.000000000,1.75,35.267,6.8431,6.8431,68.237,2.2069,7.577,0.2263,0.5022
2026-01-01 01:46:00.000000001,1.7667,35.231,6.8121,6.8121,67.926,2.1804,7.8842,0.1865,0.512
2026-01-01 01:46:59.999999998,1.7833,35.262,6.8364,6.8364,66.204,2.1075,7.6733,0.1938,0.5314
2026-01-01 01:48:00.000000000,1.8,35.321,6.8106,6.8106,66.504,2.1737,7.7844,0.0717,0.4643
2026-01-01 01:49:00.000000001,1.8167,35.193,6.8396,6.8396,67.967,2.2421,7.6487,0.1334,0.4782
2026-01-01 01:49:59.999999998,1.8333,35.301,6.8079,6.8079,69.551,2.2109,7.9293,0.1369,0.5029
2026-01-01 01:51:00.000000000,1.85,35.292,6.8518,6.8518,67.42,2.2248,7.6463,0.1676,0.4676
2026-01-01 01:52:00.000000001,1.8667,35.25,6.849,6.849,68.675,2.2805,7.9423,0.1901,0.5034
2026-01-01 01:52:59.999999998,1.8833,35.208,6.8799,6.8799,67.603,2.1966,7.573,0.1929,0.5125
2026-01-01 01:54:00.000000000,1.9,35.284,6.8589,6.8589,68.035,2.3349,7.6842,0.2002,0.4744
2026-01-01 01:55:00.000000001,1.9167,35.254,6.8337,6.8337,68.965,2.1491,7.9358,0.1525,0.5027
2026-01-01 01:55:59.999999998,1.9333,35.292,6.8588,6.8588,67.719,2.3846,7.7488,0.2221,0.4758
2026-01-01 01:57:00.000000000,1.95,35.281,6.8147,6.8147,67.446,2.3215,8.062,0.2788,0.5275
2026-01-01 01:58:00.000000001,1.9667,35.36,6.8236,6.8236,69.133,2.2061,7.6787,0.1715,0.5041
2026-01-01 01:58:59.999999998,1.9833,35.268,6.8497,6.8497,68.036,2.2135,7.7553,0.1567,0.4872
2026-01-01 02:00:00.000000000,2.0,35.229,6.8001,6.8001,68.873,2.2553,8.0003,0.1565,0.4752
2026-01-01 02:01:00.000000001,2.0167,35.289,6.8428,6.8428,67.452,2.2887,7.4852,0.1958,0.5078
2026-01-01 02:01:59.999999998,2.0333,35.29,6.8233,6.8233,69.124,2.3305,7.4643,0.166,0.5272
2026-01-01 02:03:00.000000000,2.05,35.347,6.846,6.846,68.217,2.1378,7.5884,0.1066,0.4846
2026-01-01 02:04:00.000000001,2.0667,35.321,6.8226,6.8226,68.344,2.2821,7.8275,0.1211,0.4912
2026-01-01 02:04:59.999999998,2.0833,35.296,6.8528,6.8528,68.099,2.0799,7.4617,0.2457,0.485
2026-01-01 02:06:00.000000000,2.1,35.351,6.8449,6.8449,67.586,2.2372,7.7905,0.2596,0.5311
2026-01-01 02:07:00.000000001,2.1167,35.218,6.8728,6.8728,67.986,2.3698,7.7777,0.2763,0.4618
2026-01-01 02:07:59.999999998,2.1333,35.245,6.8451,6.8451,67.629,2.1422,7.9986,0.2084,0.5257
2026-01-01 02:09:00.000000000,2.15,35.23,6.8298,6.8298,68.747,2.1298,7.8511,0.1484,0.4925
2026-01-01 02:10:00.000000001,2.1667,35.257,6.8404,6.8404,67.812,2.2775,7.7466,0.1768,0.4986
2026-01-01 02:10:59.999999998,2.1833,35.207,6.8186,6.8186,66.772,2.373,7.8936,0.125,0.4932
2026-01-01 02:12:00.000000000,2.2,35.307,6.8538,6.8538,66.62,2.2901,7.7683,0.1239,0.5048
2026-01-01 02:13:00.000000001,2.2167,35.263,6.8577,6.8577,66.575,2.1139,7.6163,0.2139,0.4854
2026-01-01 02:13:59.999999998,2.2333,35.2,6.8954,6.8954,68.444,2.1337,7.5113,0.2289,0.5212
2026-01-01 02:15:00.000000000,2.25,35.222,6.8338,6.8338,67.021,2.2783,7.5954,0.3007,0.522
2026-01-01 02:16:00.000000001,2.2667,35.288,6.841,6.841,68.175,2.1783,7.6725,0.1994,0.4803
2026-01-01 02:16:59.999999998,2.2833,35.313,6.835,6.835,68.035,2.2857,7.7026,0.1365,0.5133
2026-01-01 02:18:00.000000000,2.3,35.37,6.8509,6.8509,67.865,2.2926,7.3538,0.1991,0.4929
2026-01-01 02:19:00.000000001,2.3167,35.415,6.8545,6.8545,68.258,2.2398,7.6389,0.1919,0.501
2026-01-01 02:19:59.999999998,2.3333,35.289,6.8459,6.8459,68.024,2.4263,7.6739,0.1823,0.5305
2026-01-01 02:21:00.000000000,2.35,35.218,6.8689,6.8689,65.72,2.3305,7.7496,0.2248,0.4865
2026-01-01 02:22:00.000000001,2.3667,35.16,6.8349,6.8349,67.618,2.3824,7.9092,0.1477,0.5185
2026-01-01 02:22:59.999999998,2.3833,35.279,6.8671,6.8671,68.205,2.3612,7.6908,0.2158,0.5091
2026-01-01 02:24:00.000000000,2.4,35.224,6.8583,6.8583,69.165,2.2777,7.5243,0.2427,0.4961
2026-01-01 02:25:00.000000001,2.4167,35.243,6.8474,6.8474,69.19,2.2763,7.3858,0.2819,0.5073
2026-01-01 02:25:59.999999998,2.4333,35.232,6.8415,6.8415,66.737,2.2702,7.7594,0.2273,0.505
2026-01-01 02:27:00.000000000,2.45,35.254,6.8965,6.8965,67.535,2.3507,7.5238,0.2647,0.4768
2026-01-01 02:28:00.000000001,2.4667,35.313,6.8317,6.8317,66.548,2.2463,7.7819,0.1912,0.4879
2026-01-01 02:28:59.999999998,2.4833,35.267,6.8541,6.8541,69.002,2.4385,7.8593,0.199,0.4791
2026-01-01 02:30:00.000000000,2.5,35.25,6.8333,6.8333,68.582,2.243,7.4159,0.2824,0.4945
2026-01-01 02:31:00.000000001,2.5167,35.205,6.8841,6.8841,68.037,2.322,7.7284,0.1473,0.5269
2026-01-01 02:31:59.999999998,2.5333,35.171,6.8663,6.8663,67.874,2.2887,7.837,0.1965,0.5116
2026-01-01 02:33:00.000000000,2.55,35.23,6.8351,6.8351,68.829,2.2731,7.7937,0.2739,0.4713
2026-01-01 02:34:00.000000001,2.5667,35.25,6.859,6.859,68.677,2.4851,7.3242,0.2077,0.4945
2026-01-01 02:34:59.999999998,2.5833,35.34,6.854,6.854,68.617,2.2784,7.5084,0.2048,0.5047
2026-01-01 02:36:00.000000000,2.6,35.256,6.8386,6.8386,68.038,2.2913,7.4423,0.2067,0.5149
2026-01-01 02:37:00.000000001,2.6167,35.298,6.8642,6.8642,67.376,2.2647,7.7106,0.2266,0.487
2026-01-01 02:37:59.999999998,2.6333,35.222,6.8569,6.8569,68.25,2.3233,7.6919,0.2759,0.4753
2026-01-01 02:39:00.000000000,2.65,35.186,6.8535,6.8535,68.27,2.3141,7.223,0.2686,0.4989
2026-01-01 02:40:00.000000001,2.6667,35.196,6.8484,6.8484,67.446,2.2348,7.5804,0.2238,0.5114
2026-01-01 02:40:59.999999998,2.6833,35.206,6.8579,6.8579,67.297,2.2926,7.7434,0.2787,0.5047
2026-01-01 02:42:00.000000000,2.7,35.348,6.854,6.854,68.465,2.3775,7.6433,0.242,0.4823
2026-01-01 02:43:00.000000001,2.7167,35.199,6.8506,6.8506,68.868,2.4131,7.6409,0.2687,0.5351
2026-01-01 02:43:59.999999998,2.7333,35.28,6.8367,6.8367,66.916,2.335,7.562,0.1752,0.498
2026-01-01 02:45:00.000000000,2.75,35.191,6.8834,6.8834,67.284,2.34,7.4558,0.3143,0.5039
2026-01-01 02:46:00.000000001,2.7667,35.282,6.8286,6.8286,67.753,2.3086,7.6099,0.2392,0.4868
2026-01-01 02:46:59.999999998,2.7833,35.253,6.8582,6.8582,67.839,2.2995,7.6181,0.0917,0.5221
2026-01-01 02:48:00.000000000,2.8,35.224,6.8433,6.8433,67.009,2.2683,7.7004,0.3129,0.5114
2026-01-01 02:49:00.000000001,2.8167,35.228,6.885,6.885,68.911,2.2195,7.7104,0.231,0.5063
2026-01-01 02:49:59.999999998,2.8333,35.196,6.8317,6.8317,67.718,2.2901,7.6166,0.2118,0.477
2026-01-01 02:51:00.000000000,2.85,35.249,6.8351,6.8351,67.781,2.4208,7.7658,0.2021,0.5219
2026-01-01 02:52:00.000000001,2.8667,35.203,6.8305,6.8305,68.739,2.3167,7.5432,0.2552,0.5151
2026-01-01 02:52:59.999999998,2.8833,35.163,6.8564,6.8564,66.947,2.3252,7.3806,0.1897,0.5203
2026-01-01 02:54:00.000000000,2.9,35.158,6.8225,6.8225,67.21,2.3258,7.6666,0.2061,0.5007
2026-01-01 02:55:00.000000001,2.9167,35.229,6.8404,6.8404,66.253,2.4569,7.6119,0.2081,0.4985
2026-01-01 02:55:59.999999998,2.9333,35.298,6.8069,6.8069,67.092,2.2852,7.6653,0.222,0.4964
2026-01-01 02:57:00.000000000,2.95,35.225,6.8548,6.8548,66.012,2.3839,7.3989,0.2117,0.5456
2026-01-01 02:58:00.000000001,2.9667,35.21,6.84,6.84,67.774,2.3584,7.8551,0.2809,0.4892
2026-01-01 02:58:59.999999998,2.9833,35.228,6.8202,6.8202,67.485,2.3716,7.6909,0.2527,0.4763
2026-01-01 03:00:00.000000000,3.0,35.277,6.8717,6.8717,66.9,2.3879,7.5389,0.2596,0.4925
2026-01-01 03:01:00.000000001,3.0167,35.221,6.8238,6.8238,67.013,2.3752,7.4397,0.2714,0.4893
2026-01-01 03:01:59.999999998,3.0333,35.188,6.8659,6.8659,67.674,2.4363,7.7394,0.237,0.5252
2026-01-01 03:03:00.000000000,3.05,35.262,6.836,6.836,66.128,2.3727,7.4104,0.1915,0.4729
2026-01-01 03:04:00.000000001,3.0667,35.227,6.882,6.882,67.171,2.5168,7.9127,0.3336,0.4888
2026-01-01 03:04:59.999999998,3.0833,35.28,6.8649,6.8649,67.538,2.3831,7.4794,0.2906,0.5038
2026-01-01 03:06:00.000000000,3.1,35.211,6.8298,6.8298,65.523,2.2455,7.8273,0.3257,0.5254
2026-01-01 03:07:00.000000001,3.1167,35.139,6.8316,6.8316,67.466,2.435,7.5394,0.2976,0.5143
2026-01-01 03:07:59.999999998,3.1333,35.13,6.862,6.862,65.549,2.4176,7.8021,0.2237,0.5324
2026-01-01 03:09:00.000000000,3.15,35.279,6.8446,6.8446,66.763,2.3911,7.4526,0.1302,0.5069
2026-01-01 03:10:00.000000001,3.1667,35.281,6.8464,6.8464,65.896,2.3699,7.5635,0.187,0.4959
2026-01-01 03:10:59.999999998,3.1833,35.184,6.8752,6.8752,67.94,2.2238,7.6793,0.2811,0.5171
2026-01-01 03:12:00.000000000,3.2,35.173,6.8348,6.8348,65.838,2.2394,7.6557,0.2451,0.4727
2026-01-01 03:13:00.000000001,3.2167,35.263,6.8515,6.8515,65.411,2.5292,7.7194,0.23,0.4658
2026-01-01 03:13:59.999999998,3.2333,35.133,6.8687,6.8687,66.806,2.3528,7.4791,0.1271,0.5195
2026-01-01 03:15:00.000000000,3.25,35.142,6.8658,6.8658,66.336,2.4792,7.5628,0.2521,0.5042
2026-01-01 03:16:00.000000001,3.2667,35.217,6.8463,6.8463,65.43,2.2759,7.7352,0.1995,0.5193
2026-01-01 03:16:59.999999998,3.2833,35.164,6.8437,6.8437,67.021,2.3227,7.44,0.2182,0.483
2026-01-01 03:18:00.000000000,3.3,35.182,6.8146,6.8146,64.974,2.463,7.6296,0.2978,0.5257
2026-01-01 03:19:00.000000001,3.3167,35.172,6.8282,6.8282,65.705,2.4028,7.5087,0.2047,0.5134
2026-01-01 03:19:59.999999998,3.3333,35.195,6.8556,6.8556,66.04,2.4562,7.5703,0.2103,0.4994
2026-01-01 03:21:00.000000000,3.35,35.247,6.8464,6.8464,67.108,2.4144,7.55,0.2672,0.5041
2026-01-01 03:22:00.000000001,3.3667,35.18,6.8506,6.8506,67.468,2.4011,7.417,0.3024,0.5069
2026-01-01 03:22:59.999999998,3.3833,35.206,6.8698,6.8698,67.279,2.3656,7.494,0.2395,0.4829
2026-01-01 03:24:00.000000000,3.4,35.07,6.8252,6.8252,66.239,2.3268,7.5527,0.3338,0.4923
2026-01-01 03:25:00.000000001,3.4167,35.168,6.8441,6.8441,64.385,2.5368,7.5135,0.1974,0.5066
2026-01-01 03:25:59.999999998,3.4333,35.127,6.8525,6.8525,66.604,2.5522,7.7627,0.1895,0.4915
2026-01-01 03:27:00.000000000,3.45,35.107,6.8345,6.8345,67.432,2.346,7.6762,0.1861,0.4706
2026-01-01 03:28:00.000000001,3.4667,35.122,6.8771,6.8771,67.207,2.3431,7.5661,0.1813,0.5059
2026-01-01 03:28:59.999999998,3.4833,35.148,6.8666,6.8666,66.555,2.4058,7.406,0.2816,0.5167
2026-01-01 03:30:00.000000000,3.5,35.209,6.8541,6.8541,65.196,2.4632,7.3948,0.2168,0.5214
2026-01-01 03:31:00.000000001,3.5167,35.095,6.8841,6.8841,65.691,2.4237,7.8123,0.196,0.5106
2026-01-01 03:31:59.999999998,3.5333,35.162,6.8181,6.8181,67.622,2.4805,7.3627,0.2864,0.5164
2026-01-01 03:33:00.000000000,3.55,35.134,6.8478,6.8478,64.905,2.4389,7.5292,0.3095,0.5198
2026-01-01 03:34:00.000000001,3.5667,35.141,6.8551,6.8551,65.083,2.4359,7.5641,0.3217,0.5016
2026-01-01 03:34:59.999999998,3.5833,35.206,6.8294,6.8294,66.718,2.6404,7.4612,0.3138,0.4576
2026-01-01 03:36:00.000000000,3.6,35.181,6.8536,6.8536,65.582,2.4077,7.3555,0.225,0.5232
2026-01-01 03:37:00.000000001,3.6167,35.22,6.8253,6.8253,64.944,2.5832,7.386,0.2856,0.4821
2026-01-01 03:37:59.999999998,3.6333,35.144,6.8611,6.8611,67.074,2.57,7.4197,0.2975,0.4774
2026-01-01 03:39:00.000000000,3.65,35.116,6.8683,6.8683,66.183,2.4969,7.3931,0.2498,0.4779
2026-01-01 03:40:00.000000001,3.6667,35.138,6.8524,6.8524,65.471,2.3048,7.6966,0.2826,0.5497
2026-01-01 03:40:59.999999998,3.6833,35.16,6.8098,6.8098,64.822,2.4637,7.494,0.2127,0.5088
2026-01-01 03:42:00.000000000,3.7,35.156,6.8273,6.8273,67.338,2.4223,7.4147,0.2447,0.4792
2026-01-01 03:43:00.000000001,3.7167,35.091,6.8578,6.8578,65.643,2.4674,7.5073,0.2956,0.4863
2026-01-01 03:43:59.999999998,3.7333,35.149,6.8468,6.8468,66.742,2.3831,7.5894,0.3533,0.5
2026-01-01 03:45:00.000000000,3.75,35.155,6.7923,6.7923,66.3,2.5309,7.4354,0.3363,0.5108
2026-01-01 03:46:00.000000001,3.7667,35.268,6.8709,6.8709,65.13,2.5515,7.6203,0.3127,0.5056
2026-01-01 03:46:59.999999998,3.7833,35.235,6.8486,6.8486,65.098,2.5687,7.2923,0.2845,0.4814
2026-01-01 03:48:00.000000000,3.8,35.097,6.8293,6.8293,66.626,2.4468,7.6566,0.2776,0.5063
2026-01-01 03:49:00.000000001,3.8167,35.125,6.8654,6.8654,66.6,2.3949,7.4775,0.2099,0.4878
2026-01-01 03:49:59.999999998,3.8333,35.065,6.8318,6.8318,63.89,2.5102,7.4695,0.2414,0.5209
2026-01-01 03:51:00.000000000,3.85,35.108,6.8314,6.8314,65.792,2.6248,7.3707,0.2439,0.5011
2026-01-01 03:52:00.000000001,3.8667,35.152,6.8521,6.8521,65.217,2.4922,7.2884,0.3137,0.4848
2026-01-01 03:52:59.999999998,3.8833,35.196,6.8804,6.8804,64.448,2.5252,7.2206,0.3331,0.5138
2026-01-01 03:54:00.000000000,3.9,35.098,6.877,6.877,65.445,2.4725,7.3541,0.3235,0.5077
2026-01-01 03:55:00.000000001,3.9167,35.101,6.8515,6.8515,64.117,2.4534,7.5546,0.3467,0.4905
2026-01-01 03:55:59.999999998,3.9333,35.025,6.8534,6.8534,64.784,2.5487,7.3202,0.2921,0.5146
2026-01-01 03:57:00.000000000,3.95,35.124,6.8598,6.8598,64.479,2.4899,7.2301,0.2402,0.5126
2026-01-01 03:58:00.000000001,3.9667,35.078,6.8186,6.8186,64.679,2.533,7.3239,0.2878,0.524
2026-01-01 03:58:59.999999998,3.9833,35.104,6.8564,6.8564,64.982,2.5436,7.4005,0.2549,0.5142
2026-01-01 04:00:00.000000000,4.0,35.086,6.8286,6.8286,64.188,2.5332,7.4044,0.3249,0.4957
2026-01-01 04:01:00.000000001,4.0167,35.125,6.8495,6.8495,66.219,2.5523,7.4348,0.275,0.4662
2026-01-01 04:01:59.999999998,4.0333,35.041,6.8383,6.8383,65.316,2.4418,7.607,0.2889,0.5037
2026-01-01 04:03:00.000000000,4.05,35.055,6.8527,6.8527,66.318,2.4393,7.6374,0.3294,0.5068
2026-01-01 04:04:00.000000001,4.0667,35.234,6.8448,6.8448,64.715,2.5114,7.7488,0.2586,0.501
2026-01-01 04:04:59.999999998,4.0833,35.063,6.7807,6.7807,64.365,2.5156,7.2022,0.3447,0.4398
2026-01-01 04:06:00.000000000,4.1,35.072,6.8455,6.8455,66.171,2.4777,7.3156,0.23,0.5136
2026-01-01 04:07:00.000000001,4.1167,35.218,6.8545,6.8545,64.263,2.5411,7.5467,0.3136,0.4818
2026-01-01 04:07:59.999999998,4.1333,35.271,6.8504,6.8504,64.544,2.5969,7.3718,0.2947,0.5137
2026-01-01 04:09:00.000000000,4.15,35.067,6.8392,6.8392,65.223,2.6216,7.567,0.3415,0.534
2026-01-01 04:10:00.000000001,4.1667,35.107,6.8738,6.8738,63.618,2.6419,7.4669,0.2323,0.4949
2026-01-01 04:10:59.999999998,4.1833,35.142,6.8469,6.8469,65.139,2.4261,7.6707,0.2254,0.5088
2026-01-01 04:12:00.000000000,4.2,35.211,6.8492,6.8492,64.997,2.4406,7.5882,0.3403,0.5007
2026-01-01 04:13:00.000000001,4.2167,35.075,6.8611,6.8611,65.507,2.5129,7.5889,0.2842,0.5105
2026-01-01 04:13:59.999999998,4.2333,35.112,6.8472,6.8472,65.165,2.5449,7.3659,0.3001,0.5021
2026-01-01 04:15:00.000000000,4.25,35.163,6.8217,6.8217,65.455,2.5217,7.4111,0.2725,0.4897
2026-01-01 04:16:00.000000001,4.2667,35.146,6.7906,6.7906,64.288,2.499,7.3779,0.3521,0.4819
2026-01-01 04:16:59.999999998,4.2833,35.105,6.8296,6.8296,63.648,2.5212,7.1958,0.3223,0.5318
2026-01-01 04:18:00.000000000,4.3,35.117,6.8541,6.8541,65.988,2.5866,7.6404,0.3203,0.5088
2026-01-01 04:19:00.000000001,4.3167,35.055,6.8315,6.8315,63.04,2.444,7.5294,0.2507,0.5166
2026-01-01 04:19:59.999999998,4.3333,35.112,6.8543,6.8543,63.082,2.7402,7.3638,0.3351,0.508
2026-01-01 04:21:00.000000000,4.35,35.111,6.841,6.841,64.638,2.5568,7.6093,0.2613,0.5195
2026-01-01 04:22:00.000000001,4.3667,35.136,6.8635,6.8635,65.448,2.6416,7.317,0.2789,0.4821
2026-01-01 04:22:59.999999998,4.3833,35.097,6.8315,6.8315,64.262,2.5135,7.1338,0.2445,0.5017
2026-01-01 04:24:00.000000000,4.4,35.148,6.8465,6.8465,64.872,2.6083,7.5587,0.3059,0.5101
2026-01-01 04:25:00.000000001,4.4167,35.176,6.847,6.847,62.439,2.5727,7.2138,0.3678,0.5259
2026-01-01 04:25:59.999999998,4.4333,35.133,6.8666,6.8666,63.599,2.6357,7.3742,0.3268,0.5535
2026-01-01 04:27:00.000000000,4.45,35.143,6.8021,6.8021,62.462,2.5536,7.4325,0.2943,0.5082
2026-01-01 04:28:00.000000001,4.4667,35.129,6.8268,6.8268,64.549,2.6961,7.4574,0.3228,0.4868
2026-01-01 04:28:59.999999998,4.4833,35.127,6.8526,6.8526,62.651,2.455,7.5248,0.3234,0.4761
2026-01-01 04:30:00.000000000,4.5,35.091,6.8663,6.8663,62.83,2.6527,7.4827,0.3225,0.4819
2026-01-01 04:31:00.000000001,4.5167,35.144,6.8398,6.8398,64.227,2.5887,7.476,0.329,0.4845
2026-01-01 04:31:59.999999998,4.5333,35.123,6.8289,6.8289,64.629,2.5001,7.2729,0.269,0.442
2026-01-01 04:33:00.000000000,4.55,35.234,6.8496,6.8496,63.617,2.7402,7.4337,0.3272,0.4865
2026-01-01 04:34:00.000000001,4.5667,35.208,6.8515,6.8515,64.165,2.7343,7.1617,0.2351,0.5143
2026-01-01 04:34:59.999999998,4.5833,35.149,6.8266,6.8266,64.103,2.4229,7.6199,0.3525,0.5015
2026-01-01 04:36:00.000000000,4.6,35.093,6.8401,6.8401,63.466,2.6054,7.1732,0.2695,0.4948
2026-01-01 04:37:00.000000001,4.6167,35.076,6.8567,6.8567,62.727,2.6502,7.3296,0.3845,0.4676
2026-01-01 04:37:59.999999998,4.6333,35.192,6.8706,6.8706,64.02,2.6315,7.1818,0.2043,0.521
2026-01-01 04:39:00.000000000,4.65,35.146,6.8473,6.8473,64.025,2.7198,7.2681,0.4112,0.5102
2026-01-01 04:40:00.000000001,4.6667,35.158,6.833,6.833,64.215,2.7056,7.3777,0.2464,0.4997
2026-01-01 04:40:59.999999998,4.6833,35.048,6.8307,6.8307,63.716,2.6246,7.2944,0.2693,0.4559
2026-01-01 04:42:00.000000000,4.7,35.182,6.8426,6.8426,62.498,2.788,7.5433,0.3452,0.4902
2026-01-01 04:43:00.000000001,4.7167,35.16,6.8288,6.8288,63.951,2.6832,7.4038,0.3621,0.5087
2026-01-01 04:43:59.999999998,4.7333,35.083,6.8346,6.8346,63.365,2.5826,7.2983,0.3179,0.4994
2026-01-01 04:45:00.000000000,4.75,35.116,6.8093,6.8093,62.947,2.569,7.3458,0.3776,0.5038
2026-01-01 04:46:00.000000001,4.7667,35.153,6.856,6.856,63.065,2.7151,7.5468,0.2941,0.5137
2026-01-01 04:46:59.999999998,4.7833,35.144,6.8069,6.8069,62.716,2.5547,7.4982,0.3149,0.5031
2026-01-01 04:48:00.000000000,4.8,35.128,6.8207,6.8207,63.948,2.5878,7.1891,0.3207,0.513
2026-01-01 04:49:00.000000001,4.8167,35.139,6.831,6.831,62.071,2.6038,7.2558,0.3098,0.4831
2026-01-01 04:49:59.999999998,4.8333,35.133,6.8685,6.8685,62.379,2.6539,7.4272,0.241,0.4755
2026-01-01 04:51:00.000000000,4.85,35.154,6.8199,6.8199,62.88,2.6124,7.407,0.3374,0.5095
2026-01-01 04:52:00.000000001,4.8667,35.221,6.8146,6.8146,64.403,2.525,7.1945,0.3338,0.5136
2026-01-01 04:52:59.999999998,4.8833,35.021,6.8166,6.8166,63.925,2.7258,7.4624,0.3944,0.5104
2026-01-01 04:54:00.000000000,4.9,35.139,6.8604,6.8604,61.739,2.6029,7.2145,0.2771,0.5026
2026-01-01 04:55:00.000000001,4.9167,35.161,6.7706,6.7706,64.103,2.7994,7.5417,0.3104,0.4935
2026-01-01 04:55:59.999999998,4.9333,35.168,6.8064,6.8064,64.072,2.6646,7.4236,0.4035,0.5042
2026-01-01 04:57:00.000000000,4.95,35.136,6.8808,6.8808,62.024,2.7441,7.1725,0.3589,0.5076
2026-01-01 04:58:00.000000001,4.9667,35.069,6.8376,6.8376,60.918,2.6956,7.2609,0.3726,0.5088
2026-01-01 04:58:59.999999998,4.9833,35.175,6.8033,6.8033,62.849,2.7529,7.2564,0.3688,0.5521
2026-01-01 05:00:00.000000000,5.0,35.246,6.8242,6.8242,63.777,2.6958,7.3604,0.3699,0.4816
2026-01-01 05:01:00.000000001,5.0167,35.085,6.826,6.826,64.124,2.6714,7.3039,0.439,0.5645
2026-01-01 05:01:59.999999998,5.0333,35.206,6.8412,6.8412,62.127,2.7426,7.1607,0.3535,0.4749
2026-01-01 05:03:00.000000000,5.05,35.149,6.8606,6.8606,64.199,2.8565,7.1214,0.2993,0.5077
2026-01-01 05:04:00.000000001,5.0667,35.164,6.8312,6.8312,60.988,2.6385,7.411,0.3828,0.4761
2026-01-01 05:04:59.999999998,5.0833,35.116,6.8123,6.8123,62.45,2.7261,7.3696,0.3234,0.5061
2026-01-01 05:06:00.000000000,5.1,35.154,6.8384,6.8384,62.385,2.6646,7.3406,0.3472,0.5196
2026-01-01 05:07:00.000000001,5.1167,35.237,6.8083,6.8083,63.615,2.708,7.3634,0.3722,0.5007
2026-01-01 05:07:59.999999998,5.1333,35.203,6.8013,6.8013,63.707,2.6734,7.228,0.3135,0.5195
2026-01-01 05:09:00.000000000,5.15,35.263,6.7863,6.7863,63.407,2.4999,7.3465,0.33,0.4915
2026-01-01 05:10:00.000000001,5.1667,35.237,6.7898,6.7898,61.539,2.659,7.6978,0.3803,0.459
2026-01-01 05:10:59.999999998,5.1833,35.202,6.8028,6.8028,63.286,2.7575,7.4913,0.33,0.5125
2026-01-01 05:12:00.000000000,5.2,35.269,6.7968,6.7968,62.98,2.6188,7.2699,0.4071,0.5006
2026-01-01 05:13:00.000000001,5.2167,35.206,6.8262,6.8262,61.213,2.7562,7.2327,0.3101,0.4904
2026-01-01 05:13:59.999999998,5.2333,35.227,6.7955,6.7955,60.874,2.6998,6.8802,0.3109,0.4918
2026-01-01 05:15:00.000000000,5.25,35.173,6.7563,6.7563,63.336,2.6723,7.4677,0.4566,0.5081
2026-01-01 05:16:00.000000001,5.2667,35.194,6.7979,6.7979,62.34,2.7626,7.4234,0.2857,0.4837
2026-01-01 05:16:59.999999998,5.2833,35.158,6.8089,6.8089,61.435,2.7471,7.222,0.3619,0.5075
2026-01-01 05:18:00.000000000,5.3,35.244,6.8058,6.8058,62.276,2.7288,7.0869,0.4567,0.5238
2026-01-01 05:19:00.000000001,5.3167,35.138,6.8479,6.8479,62.713,2.7789,7.1264,0.3637,0.5412
2026-01-01 05:19:59.999999998,5.3333,35.238,6.8048,6.8048,62.336,2.7164,7.3644,0.4334,0.5281
2026-01-01 05:21:00.000000000,5.35,35.192,6.8343,6.8343,61.141,2.5711,7.2825,0.3996,0.5032
2026-01-01 05:22:00.000000001,5.3667,35.262,6.8159,6.8159,63.872,2.675,7.3977,0.3676,0.5052
2026-01-01 05:22:59.999999998,5.3833,35.243,6.815,6.815,63.148,2.5634,7.305,0.3624,0.492
2026-01-01 05:24:00.000000000,5.4,35.299,6.7987,6.7987,62.059,2.7629,7.4352,0.2639,0.4907
2026-01-01 05:25:00.000000001,5.4167,35.247,6.8139,6.8139,62.073,2.7845,7.3437,0.3549,0.5174
2026-01-01 05:25:59.999999998,5.4333,35.134,6.7993,6.7993,62.58,2.7907,7.4106,0.3835,0.4938
2026-01-01 05:27:00.000000000,5.45,35.212,6.8176,6.8176,61.372,2.757,6.971,0.3844,0.5073
2026-01-01 05:28:00.000000001,5.4667,35.159,6.8091,6.8091,62.518,2.7979,7.0974,0.4971,0.4807
2026-01-01 05:28:59.999999998,5.4833,35.194,6.7945,6.7945,61.179,2.5969,7.226,0.3888,0.5274
2026-01-01 05:30:00.000000000,5.5,35.298,6.8328,6.8328,62.172,2.7169,7.4407,0.4072,0.4936
2026-01-01 05:31:00.000000001,5.5167,35.257,6.8211,6.8211,61.279,2.6149,7.5589,0.4349,0.5218
2026-01-01 05:31:59.999999998,5.5333,35.192,6.8031,6.8031,61.305,2.702,7.2503,0.4047,0.4859
2026-01-01 05:33:00.000000000,5.55,35.179,6.8146,6.8146,63.502,2.8625,7.1813,0.3743,0.4849
2026-01-01 05:34:00.000000001,5.5667,35.234,6.8096,6.8096,62.219,2.8232,6.9779,0.3755,0.5266
2026-01-01 05:34:59.999999998,5.5833,35.174,6.7935,6.7935,62.325,2.7913,7.3988,0.363,0.4875
2026-01-01 05:36:00.000000000,5.6,35.204,6.8118,6.8118,60.538,2.7264,7.1848,0.4037,0.4686
2026-01-01 05:37:00.000000001,5.6167,35.255,6.7975,6.7975,61.657,2.664,7.7092,0.374,0.4792
2026-01-01 05:37:59.999999998,5.6333,35.3,6.7906,6.7906,62.493,2.761,7.1527,0.4147,0.5171
2026-01-01 05:39:00.000000000,5.65,35.275,6.7767,6.7767,62.268,2.8374,7.5775,0.334,0.5152
2026-01-01 05:40:00.000000001,5.6667,35.133,6.8015,6.8015,60.379,2.784,7.3721,0.3928,0.4847
2026-01-01 05:40:59.999999998,5.6833,35.265,6.8196,6.8196,62.258,2.6269,7.1037,0.464,0.4874
2026-01-01 05:42:00.000000000,5.7,35.256,6.7939,6.7939,62.376,2.7647,7.2909,0.3762,0.5135
2026-01-01 05:43:00.000000001,5.7167,35.276,6.8578,6.8578,63.101,2.6058,7.3699,0.4805,0.5263
2026-01-01 05:43:59.999999998,5.7333,35.339,6.8247,6.8247,61.541,2.8258,7.2185,0.3975,0.4986
2026-01-01 05:45:00.000000000,5.75,35.157,6.8326,6.8326,60.264,2.7086,7.3761,0.3875,0.5111
2026-01-01 05:46:00.000000001,5.7667,35.234,6.822,6.822,61.253,2.6688,7.3709,0.3972,0.5175
2026-01-01 05:46:59.999999998,5.7833,35.295,6.8427,6.8427,61.166,2.8347,7.3361,0.3767,0.5431
2026-01-01 05:48:00.000000000,5.8,35.189,6.7895,6.7895,62.626,2.8166,7.2423,0.2943,0.4769
2026-01-01 05:49:00.000000001,5.8167,35.345,6.7536,6.7536,59.858,2.793,7.0667,0.4383,0.4866
2026-01-01 05:49:59.999999998,5.8333,35.292,6.7954,6.7954,61.667,2.9524,7.2295,0.5049,0.4899
2026-01-01 05:51:00.000000000,5.85,35.319,6.8151,6.8151,63.161,2.8304,7.2656,0.4203,0.5166
2026-01-01 05:52:00.000000001,5.8667,35.25,6.8065,6.8065,62.022,2.7306,6.9559,0.4243,0.495
2026-01-01 05:52:59.999999998,5.8833,35.322,6.8086,6.8086,62.73,2.8264,7.2608,0.3891,0.5062
2026-01-01 05:54:00.000000000,5.9,35.338,6.829,6.829,60.696,2.7645,7.2191,0.4571,0.5024
2026-01-01 05:55:00.000000001,5.9167,35.298,6.8098,6.8098,60.725,2.8914,7.0372,0.3982,0.5
2026-01-01 05:55:59.999999998,5.9333,35.301,6.8177,6.8177,63.154,2.8151,7.1799,0.4146,0.5021
2026-01-01 05:57:00.000000000,5.95,35.306,6.7825,6.7825,62.083,2.8256,7.1812,0.3239,0.5206
2026-01-01 05:58:00.000000001,5.9667,35.252,6.779,6.779,62.084,2.6825,7.5157,0.3767,0.4806
2026-01-01 05:58:59.999999998,5.9833,35.29,6.8327,6.8327,61.106,2.8054,7.2573,0.4225,0.497
2026-01-01 06:00:00.000000000,6.0,35.292,6.802,6.802,62.081,2.7986,7.3779,0.4505,0.4757
2026-01-01 06:01:00.000000001,6.0167,35.322,6.7871,6.7871,61.084,2.7238,7.2029,0.4529,0.5045
2026-01-01 06:01:59.999999998,6.0333,35.355,6.7867,6.7867,62.951,2.7906,6.9377,0.3282,0.4961
2026-01-01 06:03:00.000000000,6.05,35.255,6.7857,6.7857,64.185,2.8458,7.3178,0.3343,0.5214
2026-01-01 06:04:00.000000001,6.0667,35.304,6.7841,6.7841,62.391,2.8133,7.1163,0.4384,0.4999
2026-01-01 06:04:59.999999998,6.0833,35.387,6.7722,6.7722,61.498,2.7033,7.1629,0.3728,0.4911
2026-01-01 06:06:00.000000000,6.1,35.278,6.7674,6.7674,59.982,2.797,7.0534,0.4559,0.4951
2026-01-01 06:07:00.000000001,6.1167,35.277,6.793,6.793,60.665,2.784,7.2204,0.3307,0.5345
2026-01-01 06:07:59.999999998,6.1333,35.331,6.7847,6.7847,63.26,2.8396,7.3675,0.4082,0.4686
2026-01-01 06:09:00.000000000,6.15,35.365,6.8182,6.8182,61.197,2.8336,7.3458,0.4125,0.4874
2026-01-01 06:10:00.000000001,6.1667,35.326,6.8015,6.8015,61.729,2.7965,7.4419,0.4392,0.5007
2026-01-01 06:10:59.999999998,6.1833,35.395,6.8005,6.8005,62.555,2.796,7.4614,0.3646,0.4873
2026-01-01 06:12:00.000000000,6.2,35.374,6.7799,6.7799,63.223,2.8401,6.8935,0.3189,0.5098
2026-01-01 06:13:00.000000001,6.2167,35.375,6.7919,6.7919,61.884,2.9144,7.0195,0.4268,0.4989
2026-01-01 06:13:59.999999998,6.2333,35.363,6.8011,6.8011,61.727,2.8623,6.9254,0.4455,0.5051
2026-01-01 06:15:00.000000000,6.25,35.455,6.8078,6.8078,62.115,2.9565,7.2896,0.4706,0.5024
2026-01-01 06:16:00.000000001,6.2667,35.33,6.7912,6.7912,61.563,2.936,7.0891,0.4033,0.4979
2026-01-01 06:16:59.999999998,6.2833,35.243,6.8142,6.8142,61.615,2.9677,7.1178,0.461,0.4742
2026-01-01 06:18:00.000000000,6.3,35.426,6.7923,6.7923,62.412,2.9601,7.1569,0.4475,0.5035
2026-01-01 06:19:00.000000001,6.3167,35.325,6.8076,6.8076,62.241,2.9783,7.2449,0.4904,0.4647
2026-01-01 06:19:59.999999998,6.3333,35.356,6.7815,6.7815,63.808,2.7637,6.9629,0.4225,0.4866
2026-01-01 06:21:00.000000000,6.35,35.418,6.7546,6.7546,62.464,2.9104,6.9951,0.3398,0.5098
2026-01-01 06:22:00.000000001,6.3667,35.275,6.7958,6.7958,63.044,2.9588,7.1823,0.4239,0.5238
2026-01-01 06:22:59.999999998,6.3833,35.295,6.8045,6.8045,61.278,2.9759,7.3601,0.4327,0.547
2026-01-01 06:24:00.000000000,6.4,35.279,6.8011,6.8011,62.567,2.805,7.1746,0.4552,0.4914
2026-01-01 06:25:00.000000001,6.4167,35.322,6.7976,6.7976,61.581,2.9219,7.0579,0.3537,0.4827
2026-01-01 06:25:59.999999998,6.4333,35.386,6.7818,6.7818,62.488,2.878,6.8526,0.4158,0.5104
2026-01-01 06:27:00.000000000,6.45,35.392,6.7722,6.7722,62.736,3.0225,7.3159,0.4758,0.5374
2026-01-01 06:28:00.000000001,6.4667,35.382,6.7989,6.7989,62.239,2.7664,7.0608,0.4282,0.5307
2026-01-01 06:28:59.999999998,6.4833,35.3,6.796,6.796,64.139,2.8185,6.9973,0.4191,0.4793
2026-01-01 06:30:00.000000000,6.5,35.257,6.7758,6.7758,63.371,2.7379,6.9103,0.5308,0.4972
2026-01-01 06:31:00.000000001,6.5167,35.377,6.8088,6.8088,63.185,2.897,6.9499,0.383,0.517
2026-01-01 06:31:59.999999998,6.5333,35.353,6.7686,6.7686,62.871,3.0693,7.0198,0.4992,0.5184
2026-01-01 06:33:00.000000000,6.55,35.402,6.7741,6.7741,63.686,2.8873,7.1263,0.4896,0.5118
2026-01-01 06:34:00.000000001,6.5667,35.416,6.8181,6.8181,61.143,2.9016,6.9791,0.4283,0.491
2026-01-01 06:34:59.999999998,6.5833,35.389,6.8023,6.8023,63.406,2.9403,7.1864,0.4389,0.5117
2026-01-01 06:36:00.000000000,6.6,35.422,6.7774,6.7774,61.534,2.8897,7.1198,0.4398,0.5186
2026-01-01 06:37:00.000000001,6.6167,35.398,6.7899,6.7899,61.894,2.9309,7.4883,0.4517,0.4814
2026-01-01 06:37:59.999999998,6.6333,35.415,6.7868,6.7868,62.813,2.9358,6.8975,0.4139,0.5266
2026-01-01 06:39:00.000000000,6.65,35.355,6.7284,6.7284,63.369,2.8394,7.1756,0.4233,0.5198
2026-01-01 06:40:00.000000001,6.6667,35.383,6.7648,6.7648,61.479,2.9023,7.1757,0.428,0.4852
2026-01-01 06:40:59.999999998,6.6833,35.403,6.7815,6.7815,62.012,2.9719,6.9932,0.4306,0.5185
2026-01-01 06:42:00.000000000,6.7,35.436,6.7749,6.7749,62.52,2.9895,7.1603,0.4323,0.5163
2026-01-01 06:43:00.000000001,6.7167,35.377,6.7866,6.7866,62.314,3.0219,7.2597,0.3368,0.517
2026-01-01 06:43:59.999999998,6.7333,35.425,6.8039,6.8039,63.167,2.9475,7.1569,0.4548,0.5315
2026-01-01 06:45:00.000000000,6.75,35.387,6.7744,6.7744,65.254,2.9519,7.3483,0.4245,0.4998
2026-01-01 06:46:00.000000001,6.7667,35.396,6.7593,6.7593,62.863,2.9862,6.8122,0.3586,0.5066
2026-01-01 06:46:59.999999998,6.7833,35.445,6.7866,6.7866,61.962,2.8813,7.0108,0.4355,0.4472
2026-01-01 06:48:00.000000000,6.8,35.305,6.7731,6.7731,61.536,2.8808,7.3566,0.435,0.5223
2026-01-01 06:49:00.000000001,6.8167,35.342,6.7761,6.7761,62.336,2.9244,7.2703,0.5188,0.5204
2026-01-01 06:49:59.999999998,6.8333,35.334,6.773,6.773,61.868,2.8351,7.2128,0.4291,0.5271
2026-01-01 06:51:00.000000000,6.85,35.292,6.8233,6.8233,63.018,2.9724,7.315,0.4905,0.4813
2026-01-01 06:52:00.000000001,6.8667,35.377,6.7333,6.7333,63.03,3.0265,6.8407,0.5273,0.5192
2026-01-01 06:52:59.999999998,6.8833,35.449,6.7699,6.7699,62.323,2.8886,7.2458,0.4278,0.5204
2026-01-01 06:54:00.000000000,6.9,35.399,6.7772,6.7772,64.307,2.9829,7.2843,0.4579,0.487
2026-01-01 06:55:00.000000001,6.9167,35.424,6.7613,6.7613,62.156,2.9005,7.0241,0.5478,0.5211
2026-01-01 06:55:59.999999998,6.9333,35.47,6.7945,6.7945,62.675,2.8723,7.5155,0.4738,0.5093
2026-01-01 06:57:00.000000000,6.95,35.483,6.7924,6.7924,63.308,3.1208,7.1488,0.4821,0.466
2026-01-01 06:58:00.000000001,6.9667,35.414,6.7748,6.7748,63.538,2.879,6.7887,0.4441,0.5117
2026-01-01 06:58:59.999999998,6.9833,35.486,6.77,6.77,63.873,2.8596,7.173,0.4999,0.4847
2026-01-01 07:00:00.000000000,7.0,35.424,6.7728,6.7728,63.221,2.9819,7.0061,0.4646,0.4665
2026-01-01 07:01:00.000000001,7.0167,35.379,6.7725,6.7725,63.747,2.9889,7.2871,0.376,0.5073
2026-01-01 07:01:59.999999998,7.0333,35.392,6.7727,6.7727,62.403,3.0236,7.1927,0.4509,0.4987
2026-01-01 07:03:00.000000000,7.05,35.348,6.7701,6.7701,63.698,3.1331,7.0191,0.4106,0.5281
2026-01-01 07:04:00.000000001,7.0667,35.379,6.7786,6.7786,63.716,2.9136,7.3324,0.4764,0.5036
2026-01-01 07:04:59.999999998,7.0833,35.406,6.7882,6.7882,64.232,2.9323,7.2462,0.426,0.5156
2026-01-01 07:06:00.000000000,7.1,35.465,6.7482,6.7482,61.717,3.1101,6.9793,0.4968,0.5102
2026-01-01 07:07:00.000000001,7.1167,35.511,6.7514,6.7514,62.356,3.0593,7.079,0.4762,0.5204
2026-01-01 07:07:59.999999998,7.1333,35.357,6.7371,6.7371,63.771,3.0509,7.1776,0.4126,0.4823
2026-01-01 07:09:00.000000000,7.15,35.446,6.789,6.789,61.022,2.9425,7.0436,0.4515,0.504
2026-01-01 07:10:00.000000001,7.1667,35.375,6.7763,6.7763,63.567,3.0826,7.0464,0.5082,0.4972
2026-01-01 07:10:59.999999998,7.1833,35.451,6.7811,6.7811,64.053,3.0596,7.1003,0.5356,0.5131
2026-01-01 07:12:00.000000000,7.2,35.421,6.742,6.742,62.776,3.0133,6.9332,0.4342,0.5051
2026-01-01 07:13:00.000000001,7.2167,35.337,6.806,6.806,62.924,2.9541,6.7564,0.4255,0.4877
2026-01-01 07:13:59.999999998,7.2333,35.475,6.7577,6.7577,62.441,3.0122,7.1254,0.579,0.4932
2026-01-01 07:15:00.000000000,7.25,35.399,6.7729,6.7729,62.916,3.1384,6.7895,0.482,0.533
2026-01-01 07:16:00.000000001,7.2667,35.403,6.7863,6.7863,62.972,2.9218,6.9371,0.4881,0.4661
2026-01-01 07:16:59.999999998,7.2833,35.376,6.7491,6.7491,62.853,2.9481,6.8186,0.4476,0.5142
2026-01-01 07:18:00.000000000,7.3,35.397,6.7576,6.7576,62.842,2.9647,6.8353,0.4964,0.5248
2026-01-01 07:19:00.000000001,7.3167,35.451,6.7718,6.7718,63.249,2.9849,7.1448,0.5725,0.5116
2026-01-01 07:19:59.999999998,7.3333,35.42,6.825,6.825,63.274,3.0193,7.0458,0.5005,0.5394
2026-01-01 07:21:00.000000000,7.35,35.446,6.7736,6.7736,65.033,3.1001,7.0386,0.5421,0.5188
2026-01-01 07:22:00.000000001,7.3667,35.448,6.7993,6.7993,63.253,3.0631,6.8783,0.4914,0.5077
2026-01-01 07:22:59.999999998,7.3833,35.495,6.791,6.791,63.878,3.0339,6.9756,0.4397,0.4907
2026-01-01 07:24:00.000000000,7.4,35.412,6.7739,6.7739,63.177,3.054,7.1287,0.4579,0.5081
2026-01-01 07:25:00.000000001,7.4167,35.355,6.7464,6.7464,63.201,3.0846,7.0627,0.4373,0.5136
2026-01-01 07:25:59.999999998,7.4333,35.482,6.7871,6.7871,62.345,2.903,7.1922,0.5051,0.5001
2026-01-01 07:27:00.000000000,7.45,35.412,6.7356,6.7356,62.487,3.1261,7.2118,0.5565,0.4851
2026-01-01 07:28:00.000000001,7.4667,35.484,6.7973,6.7973,62.814,2.9771,7.0275,0.5045,0.4759
2026-01-01 07:28:59.999999998,7.4833,35.447,6.769,6.769,63.963,3.0105,6.7857,0.4821,0.5037
2026-01-01 07:30:00.000000000,7.5,35.421,6.7116,6.7116,64.713,3.0761,6.9484,0.4591,0.4704
2026-01-01 07:31:00.000000001,7.5167,35.444,6.7575,6.7575,62.459,3.0457,7.0455,0.5174,0.4906
2026-01-01 07:31:59.999999998,7.5333,35.524,6.7771,6.7771,63.486,3.0935,6.942,0.4388,0.4514
2026-01-01 07:33:00.000000000,7.55,35.529,6.759,6.759,62.868,3.0688,6.8985,0.4451,0.5167
2026-01-01 07:34:00.000000001,7.5667,35.428,6.7777,6.7777,63.787,3.0371,7.0655,0.5479,0.5231
2026-01-01 07:34:59.999999998,7.5833,35.432,6.7461,6.7461,64.896,3.1854,7.4178,0.4901,0.5016
2026-01-01 07:36:00.000000000,7.6,35.477,6.7367,6.7367,63.715,3.1226,6.9784,0.4902,0.5366
2026-01-01 07:37:00.000000001,7.6167,35.38,6.7611,6.7611,64.072,3.093,7.0495,0.4977,0.5269
2026-01-01 07:37:59.999999998,7.6333,35.438,6.7629,6.7629,65.312,3.1271,6.8514,0.5435,0.5096
2026-01-01 07:39:00.000000000,7.65,35.419,6.755,6.755,64.552,3.0181,7.233,0.5166,0.4977
2026-01-01 07:40:00.000000001,7.6667,35.435,6.7862,6.7862,63.615,3.2514,7.176,0.4723,0.493
2026-01-01 07:40:59.999999998,7.6833,35.377,6.7444,6.7444,64.389,2.9933,7.1639,0.4752,0.5112
2026-01-01 07:42:00.000000000,7.7,35.338,6.7674,6.7674,63.638,3.0923,7.2453,0.5019,0.4972
2026-01-01 07:43:00.000000001,7.7167,35.313,6.7622,6.7622,64.674,3.0632,6.9756,0.5278,0.511
2026-01-01 07:43:59.999999998,7.7333,35.359,6.7295,6.7295,64.789,3.063,6.9926,0.512,0.5124
2026-01-01 07:45:00.000000000,7.75,35.391,6.734,6.734,63.321,3.0555,7.2927,0.5087,0.4954
2026-01-01 07:46:00.000000001,7.7667,35.398,6.7603,6.7603,64.593,3.033,7.1295,0.5183,0.5219
2026-01-01 07:46:59.999999998,7.7833,35.508,6.7994,6.7994,64.398,3.1927,6.7,0.5153,0.4954
2026-01-01 07:48:00.000000000,7.8,35.465,6.7711,6.7711,64.966,3.0041,7.0994,0.4792,0.5004
2026-01-01 07:49:00.000000001,7.8167,35.36,6.7248,6.7248,65.235,3.1821,6.9422,0.5747,0.4804
2026-01-01 07:49:59.999999998,7.8333,35.424,6.6968,6.6968,64.99,3.1582,7.1625,0.4963,0.4946
2026-01-01 07:51:00.000000000,7.85,35.385,6.7735,6.7735,64.405,3.0787,7.0873,0.528,0.5432
2026-01-01 07:52:00.000000001,7.8667,35.39,6.7566,6.7566,65.433,3.1547,6.7633,0.4196,0.482
2026-01-01 07:52:59.999999998,7.8833,35.412,6.7811,6.7811,64.027,3.1024,7.063,0.5129,0.5088
2026-01-01 07:54:00.000000000,7.9,35.432,6.7405,6.7405,63.708,3.0298,7.0526,0.4698,0.4909
2026-01-01 07:55:00.000000001,7.9167,35.382,6.7648,6.7648,62.248,3.0336,7.0739,0.477,0.4557
2026-01-01 07:55:59.999999998,7.9333,35.45,6.7745,6.7745,64.787,3.1762,7.104,0.6481,0.5112
2026-01-01 07:57:00.000000000,7.95,35.338,6.7484,6.7484,64.225,3.175,7.2404,0.5406,0.4889
2026-01-01 07:58:00.000000001,7.9667,35.394,6.7486,6.7486,65.24,3.149,7.0764,0.5905,0.5064
2026-01-01 07:58:59.999999998,7.9833,35.522,6.7574,6.7574,63.384,3.1012,7.0161,0.5731,0.5198
2026-01-01 08:00:00.000000000,8.0,35.401,6.7676,6.7676,64.482,3.1202,7.1832,0.5806,0.5047
2026-01-01 08:01:00.000000001,8.0167,35.459,6.7562,6.7562,65.415,3.1123,7.3457,0.5226,0.5066
2026-01-01 08:01:59.999999998,8.0333,35.39,6.7757,6.7757,64.255,3.0016,7.1449,0.614,0.4826
2026-01-01 08:03:00.000000000,8.05,35.413,6.7468,6.7468,65.445,3.1492,7.0369,0.5771,0.5141
2026-01-01 08:04:00.000000001,8.0667,35.379,6.7293,6.7293,64.711,3.189,7.0691,0.538,0.4962
2026-01-01 08:04:59.999999998,8.0833,35.371,6.7952,6.7952,65.17,3.1555,7.041,0.5502,0.46
2026-01-01 08:06:00.000000000,8.1,35.338,6.7434,6.7434,65.712,3.2946,7.0037,0.5313,0.5165
2026-01-01 08:07:00.000000001,8.1167,35.396,6.7439,6.7439,66.037,3.0756,7.324,0.5419,0.5227
2026-01-01 08:07:59.999999998,8.1333,35.33,6.7537,6.7537,65.388,3.1061,6.8852,0.5382,0.5296
2026-01-01 08:09:00.000000000,8.15,35.404,6.7562,6.7562,64.701,3.1726,7.1692,0.5606,0.5434
2026-01-01 08:10:00.000000001,8.1667,35.422,6.747,6.747,65.025,3.1844,6.9754,0.6296,0.5155
2026-01-01 08:10:59.999999998,8.1833,35.384,6.7542,6.7542,65.94,3.0157,6.7705,0.4835,0.5103
2026-01-01 08:12:00.000000000,8.2,35.349,6.7535,6.7535,64.652,3.219,6.9627,0.602,0.5218
2026-01-01 08:13:00.000000001,8.2167,35.383,6.7576,6.7576,65.366,3.1936,6.9073,0.5276,0.4823
2026-01-01 08:13:59.999999998,8.2333,35.343,6.7068,6.7068,65.238,3.0071,7.0743,0.6106,0.4666
2026-01-01 08:15:00.000000000,8.25,35.402,6.7914,6.7914,65.503,3.1703,6.9997,0.5316,0.4905
2026-01-01 08:16:00.000000001,8.2667,35.261,6.7507,6.7507,64.816,3.1179,6.831,0.57,0.5255
2026-01-01 08:16:59.999999998,8.2833,35.333,6.7651,6.7651,64.181,3.1493,7.2033,0.5426,0.4868
2026-01-01 08:18:00.000000000,8.3,35.248,6.7258,6.7258,66.117,3.0815,7.1445,0.4651,0.5093
2026-01-01 08:19:00.000000001,8.3167,35.27,6.7437,6.7437,66.51,3.2248,7.2173,0.6397,0.5115
2026-01-01 08:19:59.999999998,8.3333,35.41,6.7396,6.7396,64.343,3.3355,7.0133,0.5068,0.5049
2026-01-01 08:21:00.000000000,8.35,35.384,6.7823,6.7823,66.109,3.2187,6.9707,0.5592,0.4744
2026-01-01 08:22:00.000000001,8.3667,35.301,6.741,6.741,66.719,3.0277,7.08,0.5036,0.5069
2026-01-01 08:22:59.999999998,8.3833,35.259,6.7677,6.7677,66.366,3.2263,6.8862,0.4905,0.4916
2026-01-01 08:24:00.000000000,8.4,35.183,6.7394,6.7394,65.594,3.1909,6.9906,0.5482,0.5341
2026-01-01 08:25:00.000000001,8.4167,35.301,6.7433,6.7433,65.21,3.1214,6.9431,0.5299,0.5227
2026-01-01 08:25:59.999999998,8.4333,35.446,6.7473,6.7473,66.066,3.2407,6.7487,0.5023,0.4923
2026-01-01 08:27:00.000000000,8.45,35.344,6.7777,6.7777,66.237,3.2858,6.9853,0.5601,0.5353
2026-01-01 08:28:00.000000001,8.4667,35.291,6.7141,6.7141,66.152,3.165,6.8984,0.4889,0.5069
2026-01-01 08:28:59.999999998,8.4833,35.339,6.7255,6.7255,65.968,3.09,6.9266,0.5704,0.4666
2026-01-01 08:30:00.000000000,8.5,35.235,6.7128,6.7128,65.282,3.0635,7.0159,0.5589,0.4984
2026-01-01 08:31:00.000000001,8.5167,35.295,6.7298,6.7298,66.522,3.1742,7.1506,0.4424,0.5327
2026-01-01 08:31:59.999999998,8.5333,35.312,6.7353,6.7353,66.597,3.218,6.8307,0.5414,0.4836
2026-01-01 08:33:00.000000000,8.55,35.299,6.7191,6.7191,66.417,3.1922,6.9059,0.5921,0.4986
2026-01-01 08:34:00.000000001,8.5667,35.34,6.7366,6.7366,66.38,3.1818,6.84,0.5167,0.4728
2026-01-01 08:34:59.999999998,8.5833,35.315,6.7109,6.7109,67.67,3.285,6.8286,0.5966,0.476
2026-01-01 08:36:00.000000000,8.6,35.328,6.7307,6.7307,65.862,3.2796,6.8623,0.5938,0.4833
2026-01-01 08:37:00.000000001,8.6167,35.257,6.775,6.775,67.422,3.2615,6.9204,0.5224,0.4755
2026-01-01 08:37:59.999999998,8.6333,35.333,6.759,6.759,65.844,3.3139,7.0362,0.5739,0.4876
2026-01-01 08:39:00.000000000,8.65,35.366,6.7546,6.7546,67.353,3.1991,6.9947,0.6169,0.5348
2026-01-01 08:40:00.000000001,8.6667,35.233,6.7307,6.7307,67.487,3.1671,6.7865,0.5329,0.4993
2026-01-01 08:40:59.999999998,8.6833,35.233,6.72,6.72,66.299,3.2159,7.1375,0.5676,0.5157
2026-01-01 08:42:00.000000000,8.7,35.341,6.7278,6.7278,67.896,3.2134,7.0835,0.6366,0.5218
2026-01-01 08:43:00.000000001,8.7167,35.262,6.7497,6.7497,66.976,3.0997,6.805,0.5374,0.4778
2026-01-01 08:43:59.999999998,8.7333,35.338,6.7679,6.7679,65.932,3.2232,7.1222,0.6043,0.4834
2026-01-01 08:45:00.000000000,8.75,35.242,6.7685,6.7685,66.367,3.3583,6.986,0.5286,0.5153
2026-01-01 08:46:00.000000001,8.7667,35.334,6.763,6.763,67.605,3.337,6.9119,0.5757,0.4873
2026-01-01 08:46:59.999999998,8.7833,35.264,6.7356,6.7356,67.47,3.318,6.9874,0.6072,0.514
2026-01-01 08:48:00.000000000,8.8,35.267,6.7508,6.7508,65.917,3.2896,6.9282,0.4658,0.5335
2026-01-01 08:49:00.000000001,8.8167,35.329,6.7438,6.7438,66.684,3.398,7.0123,0.5605,0.4709
2026-01-01 08:49:59.999999998,8.8333,35.229,6.7462,6.7462,66.989,3.2003,6.957,0.6098,0.4929
2026-01-01 08:51:00.000000000,8.85,35.197,6.7909,6.7909,66.451,3.211,6.8767,0.6008,0.496
2026-01-01 08:52:00.000000001,8.8667,35.218,6.7149,6.7149,68.774,3.3812,6.6218,0.5646,0.4895
2026-01-01 08:52:59.999999998,8.8833,35.259,6.7454,6.7454,67.105,3.2966,7.0032,0.5366,0.4878
2026-01-01 08:54:00.000000000,8.9,35.155,6.7743,6.7743,66.899,3.2437,6.8664,0.6244,0.4902
2026-01-01 08:55:00.000000001,8.9167,35.262,6.7207,6.7207,67.931,3.3446,7.0376,0.5781,0.4997
2026-01-01 08:55:59.999999998,8.9333,35.199,6.7372,6.7372,66.715,3.2685,6.9915,0.6226,0.5033
2026-01-01 08:57:00.000000000,8.95,35.28,6.7394,6.7394,67.842,3.2397,6.8655,0.6155,0.5191
2026-01-01 08:58:00.000000001,8.9667,35.099,6.7455,6.7455,65.731,3.2405,7.0695,0.5753,0.4995
2026-01-01 08:58:59.999999998,8.9833,35.176,6.7181,6.7181,66.73,3.3386,6.9452,0.6525,0.5224
2026-01-01 09:00:00.000000000,9.0,35.128,6.7619,6.7619,67.961,3.3324,6.9374,0.5703,0.4882
2026-01-01 09:01:00.000000001,9.0167,35.167,6.7633,6.7633,68.405,3.4404,6.8906,0.6607,0.476
2026-01-01 09:01:59.999999998,9.0333,35.217,6.7602,6.7602,66.557,3.2989,7.1622,0.6685,0.4939
2026-01-01 09:03:00.000000000,9.05,35.193,6.7326,6.7326,66.491,3.3006,6.8011,0.6561,0.5092
2026-01-01 09:04:00.000000001,9.0667,35.185,6.7518,6.7518,67.683,3.4435,6.8581,0.5957,0.5172
2026-01-01 09:04:59.999999998,9.0833,35.186,6.7321,6.7321,66.757,3.4103,6.7193,0.7333,0.5292
2026-01-01 09:06:00.000000000,9.1,35.201,6.7434,6.7434,67.066,3.3461,7.0124,0.6147,0.5058
2026-01-01 09:07:00.000000001,9.1167,35.137,6.7932,6.7932,68.008,3.2127,6.8144,0.6204,0.5151
2026-01-01 09:07:59.999999998,9.1333,35.219,6.752,6.752,66.896,3.2758,6.8297,0.6084,0.5274
2026-01-01 09:09:00.000000000,9.15,35.213,6.7264,6.7264,65.784,3.2595,6.8211,0.5542,0.4844
2026-01-01 09:10:00.000000001,9.1667,35.196,6.7538,6.7538,66.339,3.3499,6.9064,0.6766,0.4958
2026-01-01 09:10:59.999999998,9.1833,35.201,6.7232,6.7232,67.412,3.3094,6.7078,0.5844,0.5554
2026-01-01 09:12:00.000000000,9.2,35.184,6.7263,6.7263,65.936,3.4814,6.5574,0.6602,0.5171
2026-01-01 09:13:00.000000001,9.2167,35.268,6.7295,6.7295,67.212,3.2306,6.9609,0.6734,0.5102
2026-01-01 09:13:59.999999998,9.2333,35.158,6.7415,6.7415,66.359,3.2665,6.5737,0.6468,0.5179
2026-01-01 09:15:00.000000000,9.25,35.144,6.7692,6.7692,68.806,3.3821,7.0172,0.5832,0.4733
2026-01-01 09:16:00.000000001,9.2667,35.118,6.7621,6.7621,69.248,3.4074,7.1213,0.6019,0.4871
2026-01-01 09:16:59.999999998,9.2833,35.1,6.761,6.761,66.691,3.1619,6.8613,0.4863,0.4798
2026-01-01 09:18:00.000000000,9.3,35.086,6.7286,6.7286,67.763,3.2332,7.0793,0.6155,0.5084
2026-01-01 09:19:00.000000001,9.3167,35.101,6.7399,6.7399,66.81,3.3541,6.8792,0.6627,0.4926
2026-01-01 09:19:59.999999998,9.3333,35.138,6.7562,6.7562,67.351,3.4868,7.1212,0.6119,0.5019
2026-01-01 09:21:00.000000000,9.35,35.155,6.7383,6.7383,69.06,3.5325,6.8113,0.5954,0.4938
2026-01-01 09:22:00.000000001,9.3667,35.137,6.7454,6.7454,67.263,3.3514,6.5234,0.6113,0.4675
2026-01-01 09:22:59.999999998,9.3833,35.093,6.7598,6.7598,67.426,3.3741,6.8646,0.6881,0.5177
2026-01-01 09:24:00.000000000,9.4,35.173,6.7441,6.7441,66.919,3.324,7.1312,0.6258,0.4648
2026-01-01 09:25:00.000000001,9.4167,35.161,6.7557,6.7557,68.608,3.4447,6.9537,0.7226,0.4854
2026-01-01 09:25:59.999999998,9.4333,35.113,6.7831,6.7831,65.097,3.5195,6.7946,0.6024,0.4737
2026-01-01 09:27:00.000000000,9.45,35.085,6.7479,6.7479,67.37,3.5009,6.9197,0.643,0.4824
2026-01-01 09:28:00.000000001,9.4667,35.142,6.7751,6.7751,67.704,3.4013,7.0144,0.6117,0.504
2026-01-01 09:28:59.999999998,9.4833,35.12,6.7628,6.7628,67.228,3.3397,6.8544,0.7383,0.5247
2026-01-01 09:30:00.000000000,9.5,35.035,6.7224,6.7224,68.462,3.4106,7.2596,0.6448,0.4688
2026-01-01 09:31:00.000000001,9.5167,35.101,6.7298,6.7298,68.748,3.5236,6.7865,0.7434,0.4889
2026-01-01 09:31:59.999999998,9.5333,35.114,6.7353,6.7353,66.671,3.3843,7.0129,0.6172,0.465
2026-01-01 09:33:00.000000000,9.55,35.053,6.735,6.735,69.489,3.2742,6.9753,0.7158,0.4879
2026-01-01 09:34:00.000000001,9.5667,35.104,6.7504,6.7504,66.689,3.3939,6.7545,0.6465,0.5014
2026-01-01 09:34:59.999999998,9.5833,35.019,6.7646,6.7646,68.872,3.4035,6.7942,0.6837,0.5153
2026-01-01 09:36:00.000000000,9.6,35.155,6.7776,6.7776,67.973,3.2833,7.0091,0.5821,0.4576
2026-01-01 09:37:00.000000001,9.6167,35.147,6.7587,6.7587,67.462,3.4508,6.8765,0.6617,0.511
2026-01-01 09:37:59.999999998,9.6333,35.069,6.7438,6.7438,67.549,3.4759,6.904,0.592,0.4805
2026-01-01 09:39:00.000000000,9.65,35.097,6.7112,6.7112,67.861,3.5874,6.6063,0.6595,0.4757
2026-01-01 09:40:00.000000001,9.6667,34.955,6.7544,6.7544,68.065,3.3353,6.9486,0.572,0.5013
2026-01-01 09:40:59.999999998,9.6833,35.015,6.7537,6.7537,67.172,3.5035,6.8917,0.6444,0.5125
2026-01-01 09:42:00.000000000,9.7,35.055,6.757,6.757,67.73,3.5256,6.8375,0.7051,0.498
2026-01-01 09:43:00.000000001,9.7167,35.013,6.7956,6.7956,67.309,3.4931,6.8997,0.6789,0.4781
2026-01-01 09:43:59.999999998,9.7333,35.099,6.7785,6.7785,66.962,3.3742,6.7826,0.5911,0.498
2026-01-01 09:45:00.000000000,9.75,35.16,6.7695,6.7695,67.289,3.3727,6.7537,0.5591,0.4855
2026-01-01 09:46:00.000000001,9.7667,34.999,6.7347,6.7347,67.03,3.4689,6.8047,0.6801,0.5121
2026-01-01 09:46:59.999999998,9.7833,35.013,6.7439,6.7439,67.621,3.4716,6.7698,0.7355,0.5215
2026-01-01 09:48:00.000000000,9.8,35.064,6.7524,6.7524,68.309,3.4228,7.165,0.6095,0.5202
2026-01-01 09:49:00.000000001,9.8167,35.13,6.739,6.739,68.066,3.5742,6.9731,0.7638,0.4996
2026-01-01 09:49:59.999999998,9.8333,34.985,6.7647,6.7647,69.554,3.442,6.6895,0.6598,0.5225
2026-01-01 09:51:00.000000000,9.85,35.056,6.762,6.762,66.211,3.3258,7.1387,0.5634,0.4796
2026-01-01 09:52:00.000000001,9.8667,35.132,6.7333,6.7333,68.359,3.4626,6.7668,0.5846,0.5357
2026-01-01 09:52:59.999999998,9.8833,34.955,6.7792,6.7792,67.993,3.5222,6.8347,0.7023,0.4795
2026-01-01 09:54:00.000000000,9.9,34.971,6.7575,6.7575,68.643,3.5144,6.9633,0.6716,0.4594
2026-01-01 09:55:00.000000001,9.9167,35.012,6.7211,6.7211,68.567,3.517,6.5317,0.7404,0.5273
2026-01-01 09:55:59.999999998,9.9333,35.004,6.7548,6.7548,67.864,3.6131,6.7901,0.6076,0.4858
2026-01-01 09:57:00.000000000,9.95,35.068,6.7617,6.7617,68.136,3.4076,6.7381,0.6747,0.5023
2026-01-01 09:58:00.000000001,9.9667,35.037,6.7757,6.7757,67.404,3.4662,6.8534,0.6704,0.4794
2026-01-01 09:58:59.999999998,9.9833,34.934,6.7497,6.7497,68.491,3.6269,6.8766,0.6641,0.5473
2026-01-01 10:00:00.000000000,10.0,35.046,6.7733,6.7733,66.497,3.3492,6.808,0.6534,0.5364
2026-01-01 10:01:00.000000001,10.0167,34.989,6.7607,6.7607,68.621,3.5055,6.7995,0.6556,0.5309
2026-01-01 10:01:59.999999998,10.0333,35.079,6.7308,6.7308,67.98,3.6114,6.9763,0.6837,0.5018
2026-01-01 10:03:00.000000000,10.05,34.982,6.7291,6.7291,67.608,3.6135,6.8603,0.6914,0.5196
2026-01-01 10:04:00.000000001,10.0667,34.979,6.78,6.78,67.81,3.5725,6.8198,0.6901,0.4989
2026-01-01 10:04:59.999999998,10.0833,35.035,6.7818,6.7818,67.866,3.5778,6.8342,0.739,0.5224
2026-01-01 10:06:00.000000000,10.1,35.044,6.7645,6.7645,69.029,3.4429,7.0859,0.6199,0.4918
2026-01-01 10:07:00.000000001,10.1167,35.026,6.7882,6.7882,70.574,3.6394,6.8349,0.5906,0.5317
2026-01-01 10:07:59.999999998,10.1333,34.917,6.7797,6.7797,68.959,3.4368,6.7303,0.7333,0.4908
2026-01-01 10:09:00.000000000,10.15,35.027,6.7725,6.7725,67.527,3.4449,6.5196,0.6365,0.4931
2026-01-01 10:10:00.000000001,10.1667,34.946,6.7408,6.7408,68.478,3.5704,6.5894,0.666,0.4907
2026-01-01 10:10:59.999999998,10.1833,35.007,6.7939,6.7939,68.508,3.5032,6.7329,0.6556,0.5038
2026-01-01 10:12:00.000000000,10.2,34.922,6.7703,6.7703,67.223,3.5625,6.7852,0.6558,0.4922
2026-01-01 10:13:00.000000001,10.2167,35.014,6.7521,6.7521,66.948,3.5837,6.7166,0.6158,0.5097
2026-01-01 10:13:59.999999998,10.2333,34.949,6.7467,6.7467,67.899,3.6948,6.8512,0.6615,0.4904
2026-01-01 10:15:00.000000000,10.25,34.924,6.7655,6.7655,68.589,3.5906,6.7117,0.7237,0.5158
2026-01-01 10:16:00.000000001,10.2667,35.022,6.7272,6.7272,66.645,3.5097,6.6583,0.6923,0.5304
2026-01-01 10:16:59.999999998,10.2833,34.996,6.7749,6.7749,67.349,3.6166,6.8859,0.719,0.5016
2026-01-01 10:18:00.000000000,10.3,34.952,6.7421,6.7421,68.375,3.4993,6.9979,0.6702,0.5444
2026-01-01 10:19:00.000000001,10.3167,35.053,6.7688,6.7688,67.941,3.6422,6.6249,0.7414,0.5226
2026-01-01 10:19:59.999999998,10.3333,34.957,6.7513,6.7513,69.031,3.5776,6.8261,0.6721,0.5428
2026-01-01 10:21:00.000000000,10.35,34.979,6.7567,6.7567,66.758,3.6079,6.5023,0.5934,0.4988
2026-01-01 10:22:00.000000001,10.3667,34.989,6.7471,6.7471,69.758,3.4367,6.5654,0.7159,0.4668
2026-01-01 10:22:59.999999998,10.3833,34.943,6.7593,6.7593,66.635,3.4024,6.6967,0.7397,0.4859
2026-01-01 10:24:00.000000000,10.4,34.996,6.8006,6.8006,66.23,3.4657,6.9538,0.6746,0.4879
2026-01-01 10:25:00.000000001,10.4167,34.945,6.7908,6.7908,67.794,3.7288,6.6653,0.7638,0.4809
2026-01-01 10:25:59.999999998,10.4333,34.949,6.7705,6.7705,66.92,3.5006,6.6582,0.6626,0.4561
2026-01-01 10:27:00.000000000,10.45,35.037,6.7632,6.7632,67.784,3.6544,6.7845,0.7399,0.5205
2026-01-01 10:28:00.000000001,10.4667,34.915,6.7809,6.7809,67.742,3.5478,6.7832,0.7949,0.4628
2026-01-01 10:28:59.999999998,10.4833,34.845,6.7869,6.7869,67.63,3.5833,6.6584,0.7108,0.5186
2026-01-01 10:30:00.000000000,10.5,35.045,6.748,6.748,67.098,3.6023,7.0726,0.6989,0.5437
2026-01-01 10:31:00.000000001,10.5167,35.091,6.7634,6.7634,68.102,3.7407,6.7334,0.7062,0.4844
2026-01-01 10:31:59.999999998,10.5333,34.942,6.7288,6.7288,67.487,3.6594,6.7887,0.7942,0.5078
2026-01-01 10:33:00.000000000,10.55,34.865,6.788,6.788,68.607,3.6468,6.71,0.7342,0.492
2026-01-01 10:34:00.000000001,10.5667,34.945,6.8072,6.8072,67.563,3.7231,6.8348,0.8226,0.5165
2026-01-01 10:34:59.999999998,10.5833,34.945,6.7678,6.7678,66.919,3.572,6.9525,0.7306,0.4761
2026-01-01 10:36:00.000000000,10.6,34.949,6.724,6.724,66.323,3.7115,7.0154,0.6852,0.4974
2026-01-01 10:37:00.000000001,10.6167,34.902,6.779,6.779,67.517,3.7016,6.65,0.69,0.5224
2026-01-01 10:37:59.999999998,10.6333,34.986,6.7491,6.7491,66.621,3.704,6.928,0.7236,0.499
2026-01-01 10:39:00.000000000,10.65,34.982,6.7543,6.7543,66.538,3.6238,6.8439,0.6197,0.4674
2026-01-01 10:40:00.000000001,10.6667,34.88,6.7804,6.7804,68.02,3.6046,6.9061,0.6993,0.5248
2026-01-01 10:40:59.999999998,10.6833,34.989,6.7733,6.7733,66.156,3.5734,6.7447,0.7017,0.4741
2026-01-01 10:42:00.000000000,10.7,35.056,6.7588,6.7588,68.688,3.5818,6.729,0.7376,0.5016
2026-01-01 10:43:00.000000001,10.7167,34.961,6.7559,6.7559,67.665,3.5764,6.8959,0.824,0.5117
2026-01-01 10:43:59.999999998,10.7333,34.935,6.7717,6.7717,67.481,3.6825,6.8973,0.731,0.5024
2026-01-01 10:45:00.000000000,10.75,34.944,6.7614,6.7614,66.667,3.6383,6.9875,0.6334,0.5507
2026-01-01 10:46:00.000000001,10.7667,34.982,6.7477,6.7477,68.084,3.6945,6.7809,0.6851,0.5147
2026-01-01 10:46:59.999999998,10.7833,34.864,6.7636,6.7636,67.448,3.7025,6.7337,0.7452,0.496
2026-01-01 10:48:00.000000000,10.8,34.958,6.7774,6.7774,66.878,3.5821,6.3793,0.738,0.5121
2026-01-01 10:49:00.000000001,10.8167,34.93,6.7674,6.7674,67.564,3.5831,6.5051,0.8159,0.5042
2026-01-01 10:49:59.999999998,10.8333,35.042,6.7431,6.7431,66.034,3.6553,6.6862,0.784,0.5009
2026-01-01 10:51:00.000000000,10.85,34.94,6.7915,6.7915,66.048,3.615,6.5787,0.7838,0.5049
2026-01-01 10:52:00.000000001,10.8667,35.032,6.7173,6.7173,66.435,3.61,6.8645,0.7277,0.4913
2026-01-01 10:52:59.999999998,10.8833,34.893,6.7635,6.7635,67.586,3.8196,6.5445,0.7948,0.5043
2026-01-01 10:54:00.000000000,10.9,34.978,6.7604,6.7604,67.279,3.5647,6.6643,0.6964,0.4899
2026-01-01 10:55:00.000000001,10.9167,34.964,6.7761,6.7761,68.095,3.8526,6.6688,0.7909,0.4621
2026-01-01 10:55:59.999999998,10.9333,34.904,6.7847,6.7847,66.493,3.7173,6.9173,0.7297,0.5228
2026-01-01 10:57:00.000000000,10.95,34.957,6.7964,6.7964,67.663,3.7765,6.6439,0.6727,0.4887
2026-01-01 10:58:00.000000001,10.9667,35.008,6.76,6.76,67.085,3.7705,6.8016,0.7761,0.5028
2026-01-01 10:58:59.999999998,10.9833,34.932,6.7864,6.7864,66.394,3.7539,6.7616,0.8176,0.4848
2026-01-01 11:00:00.000000000,11.0,34.863,6.7789,6.7789,67.43,3.8409,6.8663,0.7287,0.4854
2026-01-01 11:01:00.000000001,11.0167,34.947,6.7411,6.7411,67.041,3.6248,6.8569,0.8285,0.4792
2026-01-01 11:01:59.999999998,11.0333,34.903,6.8138,6.8138,66.562,3.7024,6.723,0.6689,0.519
2026-01-01 11:03:00.000000000,11.05,34.931,6.7474,6.7474,67.07,3.6501,6.4721,0.6931,0.5238
2026-01-01 11:04:00.000000001,11.0667,34.944,6.7849,6.7849,66.904,3.5861,6.6903,0.7469,0.5005
2026-01-01 11:04:59.999999998,11.0833,34.863,6.7847,6.7847,66.855,3.6724,6.7207,0.7371,0.4893
2026-01-01 11:06:00.000000000,11.1,34.868,6.7828,6.7828,66.618,3.8785,6.7651,0.7236,0.4661
2026-01-01 11:07:00.000000001,11.1167,34.973,6.7678,6.7678,65.874,3.7183,6.6101,0.7649,0.5159
2026-01-01 11:07:59.999999998,11.1333,34.923,6.7946,6.7946,66.948,3.8944,6.8905,0.7331,0.4865
2026-01-01 11:09:00.000000000,11.15,34.821,6.7473,6.7473,66.215,3.906,6.72,0.7429,0.4777
2026-01-01 11:10:00.000000001,11.1667,34.989,6.7776,6.7776,66.01,3.9822,6.5784,0.7761,0.5006
2026-01-01 11:10:59.999999998,11.1833,34.964,6.768,6.768,66.602,3.8986,6.6463,0.7301,0.4933
2026-01-01 11:12:00.000000000,11.2,34.915,6.7661,6.7661,67.351,3.9382,7.0029,0.7595,0.4696
2026-01-01 11:13:00.000000001,11.2167,34.886,6.7886,6.7886,66.88,3.7791,6.8119,0.7339,0.4724
2026-01-01 11:13:59.999999998,11.2333,34.994,6.802,6.802,66.274,3.7749,6.868,0.7072,0.5067
2026-01-01 11:15:00.000000000,11.25,34.97,6.774,6.774,66.21,3.7837,6.5531,0.807,0.4869
2026-01-01 11:16:00.000000001,11.2667,35.072,6.7969,6.7969,67.143,3.7636,6.6046,0.8556,0.5102
2026-01-01 11:16:59.999999998,11.2833,34.975,6.7827,6.7827,64.683,3.7791,6.6043,0.8247,0.5029
2026-01-01 11:18:00.000000000,11.3,34.974,6.7642,6.7642,67.205,3.8308,6.7327,0.7894,0.521
2026-01-01 11:19:00.000000001,11.3167,34.947,6.7773,6.7773,65.035,3.7368,6.6776,0.7421,0.4834
2026-01-01 11:19:59.999999998,11.3333,34.997,6.7769,6.7769,65.368,3.6674,6.6288,0.7611,0.5047
2026-01-01 11:21:00.000000000,11.35,34.988,6.7694,6.7694,66.054,3.8102,6.6462,0.8297,0.5128
2026-01-01 11:22:00.000000001,11.3667,35.02,6.7923,6.7923,68.168,3.7292,6.5803,0.6641,0.4875
2026-01-01 11:22:59.999999998,11.3833,34.932,6.7888,6.7888,67.739,3.741,6.671,0.7613,0.5225
2026-01-01 11:24:00.000000000,11.4,34.937,6.7527,6.7527,66.927,3.7803,6.8636,0.8175,0.4667
2026-01-01 11:25:00.000000001,11.4167,34.936,6.7519,6.7519,66.612,3.7654,6.4682,0.7253,0.4833
2026-01-01 11:25:59.999999998,11.4333,35.0,6.7939,6.7939,64.802,3.8875,6.7457,0.8047,0.4659
2026-01-01 11:27:00.000000000,11.45,35.036,6.7695,6.7695,66.381,3.7889,6.8994,0.8037,0.4853
2026-01-01 11:28:00.000000001,11.4667,34.939,6.7923,6.7923,65.781,3.8987,6.6635,0.7135,0.4969
2026-01-01 11:28:59.999999998,11.4833,34.942,6.8023,6.8023,65.531,3.8258,6.6102,0.7919,0.5166
2026-01-01 11:30:00.000000000,11.5,34.98,6.7616,6.7616,66.272,3.8058,6.8267,0.758,0.4969
2026-01-01 11:31:00.000000001,11.5167,34.953,6.7593,6.7593,65.735,3.8291,6.5391,0.8111,0.4881
2026-01-01 11:31:59.999999998,11.5333,35.014,6.8214,6.8214,66.771,3.7167,6.6819,0.8251,0.469
2026-01-01 11:33:00.000000000,11.55,34.855,6.7954,6.7954,64.49,3.8506,6.5279,0.8129,0.4757
2026-01-01 11:34:00.000000001,11.5667,34.927,6.7804,6.7804,66.061,3.895,6.402,0.7979,0.5062
2026-01-01 11:34:59.999999998,11.5833,34.93,6.7705,6.7705,65.261,3.9099,6.6583,0.8101,0.5176
2026-01-01 11:36:00.000000000,11.6,34.854,6.7794,6.7794,65.599,3.726,6.4902,0.7382,0.4916
2026-01-01 11:37:00.000000001,11.6167,34.923,6.7662,6.7662,66.133,3.7163,6.6765,0.7968,0.5242
2026-01-01 11:37:59.999999998,11.6333,34.927,6.8081,6.8081,64.958,3.7984,6.8442,0.7599,0.481
2026-01-01 11:39:00.000000000,11.65,34.964,6.7754,6.7754,65.946,3.9557,6.9536,0.8526,0.4922
2026-01-01 11:40:00.000000001,11.6667,35.03,6.8132,6.8132,65.607,3.8662,6.6881,0.8366,0.4939
2026-01-01 11:40:59.999999998,11.6833,34.964,6.7837,6.7837,65.21,3.7901,6.8256,0.8378,0.5306
2026-01-01 11:42:00.000000000,11.7,34.926,6.7713,6.7713,65.324,3.7394,6.7312,0.8908,0.5027
2026-01-01 11:43:00.000000001,11.7167,34.976,6.7841,6.7841,65.538,3.8046,6.6125,0.79,0.464
2026-01-01 11:43:59.999999998,11.7333,35.032,6.7406,6.7406,65.009,3.8027,6.3798,0.7804,0.519
2026-01-01 11:45:00.000000000,11.75,34.932,6.7911,6.7911,65.591,3.9413,6.9111,0.7916,0.5369
2026-01-01 11:46:00.000000001,11.7667,34.936,6.7905,6.7905,65.324,3.9511,6.5084,0.7305,0.495
2026-01-01 11:46:59.999999998,11.7833,35.011,6.8108,6.8108,65.019,3.7896,6.8718,0.7358,0.4821
2026-01-01 11:48:00.000000000,11.8,34.973,6.757,6.757,66.741,3.9375,6.7435,0.8444,0.5173
2026-01-01 11:49:00.000000001,11.8167,35.018,6.8184,6.8184,65.763,3.9329,6.5152,0.745,0.5393
2026-01-01 11:49:59.999999998,11.8333,34.986,6.8121,6.8121,65.085,3.7901,6.707,0.7624,0.517
2026-01-01 11:51:00.000000000,11.85,35.023,6.8211,6.8211,65.469,3.8814,6.9788,0.8124,0.4675
2026-01-01 11:52:00.000000001,11.8667,34.938,6.7955,6.7955,64.492,3.919,6.8878,0.7982,0.5151
2026-01-01 11:52:59.999999998,11.8833,34.99,6.8172,6.8172,64.925,3.9084,6.5792,0.8645,0.5081
2026-01-01 11:54:00.000000000,11.9,34.982,6.768,6.768,64.979,3.7621,6.5479,0.8246,0.4809
2026-01-01 11:55:00.000000001,11.9167,34.933,6.8121,6.8121,64.199,3.9131,6.6683,0.7831,0.5258
2026-01-01 11:55:59.999999998,11.9333,34.917,6.7828,6.7828,65.467,3.9571,6.6271,0.8729,0.5088
2026-01-01 11:57:00.000000000,11.95,35.03,6.7657,6.7657,64.713,4.0362,6.8305,0.8622,0.5263
2026-01-01 11:58:00.000000001,11.9667,34.98,6.7766,6.7766,64.794,3.86,6.7601,0.7566,0.4788
2026-01-01 11:58:59.999999998,11.9833,34.948,6.7997,6.7997,64.584,3.8735,6.394,0.8411,0.508
2026-01-01 12:00:00.000000000,12.0,34.995,6.7835,6.7835,67.367,3.9041,6.7152,0.7941,0.4821
2026-01-01 12:01:00.000000001,12.0167,35.058,6.808,6.808,64.431,3.9477,6.6182,0.7942,0.505
2026-01-01 12:01:59.999999998,12.0333,34.889,6.7647,6.7647,63.267,3.9358,6.6493,0.9261,0.5295
2026-01-01 12:03:00.000000000,12.05,34.929,6.7588,6.7588,63.602,3.9801,6.6797,0.8403,0.4715
2026-01-01 12:04:00.000000001,12.0667,34.959,6.8292,6.8292,65.45,3.8454,6.8208,0.8246,0.4726
2026-01-01 12:04:59.999999998,12.0833,35.08,6.8203,6.8203,65.873,3.9708,6.7863,0.8411,0.5191
2026-01-01 12:06:00.000000000,12.1,35.022,6.7816,6.7816,64.219,3.8833,6.5258,0.8819,0.4997
2026-01-01 12:07:00.000000001,12.1167,35.047,6.803,6.803,65.749,3.9349,6.6281,0.8045,0.5234
2026-01-01 12:07:59.999999998,12.1333,34.953,6.8239,6.8239,65.28,4.0867,6.5682,0.8145,0.4839
2026-01-01 12:09:00.000000000,12.15,34.956,6.8123,6.8123,64.496,3.8419,6.3819,0.8752,0.501
2026-01-01 12:10:00.000000001,12.1667,35.035,6.8073,6.8073,64.4,3.935,6.6164,0.768,0.5138
2026-01-01 12:10:59.999999998,12.1833,35.017,6.8267,6.8267,64.714,3.8591,6.9081,0.8947,0.5042
2026-01-01 12:12:00.000000000,12.2,35.043,6.7906,6.7906,65.233,3.977,6.3732,0.7663,0.4642
2026-01-01 12:13:00.000000001,12.2167,35.007,6.8063,6.8063,64.81,4.0523,6.6251,0.8357,0.5565
2026-01-01 12:13:59.999999998,12.2333,35.032,6.8057,6.8057,63.912,3.9857,6.6189,0.7695,0.5042
2026-01-01 12:15:00.000000000,12.25,35.027,6.8011,6.8011,64.275,3.9665,6.6691,0.798,0.4732
2026-01-01 12:16:00.000000001,12.2667,35.059,6.7992,6.7992,65.961,4.0858,6.4802,0.9171,0.5063
2026-01-01 12:16:59.999999998,12.2833,35.062,6.8088,6.8088,64.539,4.0096,6.4095,0.9058,0.5086
2026-01-01 12:18:00.000000000,12.3,34.942,6.8085,6.8085,64.995,4.0525,6.4151,0.9126,0.5199
2026-01-01 12:19:00.000000001,12.3167,34.912,6.7873,6.7873,64.693,4.0478,6.8202,0.784,0.5185
2026-01-01 12:19:59.999999998,12.3333,35.075,6.8247,6.8247,64.442,3.7642,6.4718,0.8053,0.4957
2026-01-01 12:21:00.000000000,12.35,35.086,6.7896,6.7896,64.273,3.9919,6.5429,0.8762,0.4656
2026-01-01 12:22:00.000000001,12.3667,34.976,6.8052,6.8052,64.866,3.9155,6.9322,0.8964,0.5092
2026-01-01 12:22:59.999999998,12.3833,34.936,6.8041,6.8041,64.685,3.9391,6.505,0.8221,0.4672
2026-01-01 12:24:00.000000000,12.4,35.035,6.8176,6.8176,64.284,4.1272,6.6652,0.8345,0.5243
2026-01-01 12:25:00.000000001,12.4167,35.077,6.7684,6.7684,63.481,3.9829,6.7721,0.8083,0.4853
2026-01-01 12:25:59.999999998,12.4333,35.122,6.8291,6.8291,64.307,4.1681,6.7635,0.9492,0.5127
2026-01-01 12:27:00.000000000,12.45,35.059,6.7981,6.7981,63.908,3.9078,6.4101,0.844,0.4869
2026-01-01 12:28:00.000000001,12.4667,35.015,6.8365,6.8365,63.678,3.9374,6.5015,0.8707,0.4902
2026-01-01 12:28:59.999999998,12.4833,34.99,6.803,6.803,66.031,4.0888,6.6525,0.8748,0.484
2026-01-01 12:30:00.000000000,12.5,35.036,6.812,6.812,62.621,4.0043,6.8951,0.9273,0.5143
2026-01-01 12:31:00.000000001,12.5167,35.022,6.8516,6.8516,64.583,4.06,6.4902,0.8258,0.4876
2026-01-01 12:31:59.999999998,12.5333,34.987,6.8082,6.8082,63.09,4.0301,6.5291,0.9333,0.5154
2026-01-01 12:33:00.000000000,12.55,35.141,6.839,6.839,63.849,4.0315,6.6647,0.8124,0.4881
2026-01-01 12:34:00.000000001,12.5667,35.129,6.8154,6.8154,65.763,4.0223,6.6934,0.936,0.4954
2026-01-01 12:34:59.999999998,12.5833,35.097,6.8233,6.8233,62.903,4.0647,6.7011,0.7934,0.5007
2026-01-01 12:36:00.000000000,12.6,34.995,6.8169,6.8169,63.059,4.1055,6.4708,0.8754,0.5031
2026-01-01 12:37:00.000000001,12.6167,35.085,6.8328,6.8328,63.589,4.1871,6.5166,0.9633,0.4815
2026-01-01 12:37:59.999999998,12.6333,35.075,6.8026,6.8026,62.891,4.0455,6.6274,0.9183,0.5141
2026-01-01 12:39:00.000000000,12.65,35.066,6.797,6.797,64.241,4.034,6.7831,0.9059,0.4946
2026-01-01 12:40:00.000000001,12.6667,35.107,6.8043,6.8043,63.072,4.0275,6.5567,0.8339,0.5109
2026-01-01 12:40:59.999999998,12.6833,35.077,6.8195,6.8195,63.989,4.1906,6.5878,0.851,0.4997
2026-01-01 12:42:00.000000000,12.7,35.083,6.8135,6.8135,62.369,4.132,6.4359,0.9564,0.5117
2026-01-01 12:43:00.000000001,12.7167,35.078,6.8325,6.8325,61.954,3.9287,6.868,0.9142,0.4918
2026-01-01 12:43:59.999999998,12.7333,35.064,6.8448,6.8448,63.183,3.929,6.6103,0.9366,0.4842
2026-01-01 12:45:00.000000000,12.75,34.958,6.7996,6.7996,62.078,4.0218,6.7475,0.8972,0.5085
2026-01-01 12:46:00.000000001,12.7667,35.052,6.8049,6.8049,64.515,4.1104,6.589,0.8809,0.4901
2026-01-01 12:46:59.999999998,12.7833,35.021,6.7912,6.7912,62.045,4.0931,6.596,0.9347,0.5292
2026-01-01 12:48:00.000000000,12.8,34.985,6.8609,6.8609,62.406,4.1408,6.3568,0.9108,0.5014
2026-01-01 12:49:00.000000001,12.8167,35.134,6.8268,6.8268,63.536,4.0894,6.2579,0.8908,0.4725
2026-01-01 12:49:59.999999998,12.8333,35.136,6.8307,6.8307,62.705,4.219,6.767,0.83,0.4883
2026-01-01 12:51:00.000000000,12.85,35.118,6.7947,6.7947,61.928,4.1728,6.5896,0.9499,0.48
2026-01-01 12:52:00.000000001,12.8667,35.063,6.8219,6.8219,64.744,4.1211,6.6076,0.9257,0.5215
2026-01-01 12:52:59.999999998,12.8833,35.119,6.8325,6.8325,62.28,4.2103,6.3879,0.8748,0.5155
2026-01-01 12:54:00.000000000,12.9,35.052,6.8176,6.8176,62.895,3.9906,6.4385,0.9655,0.4988
2026-01-01 12:55:00.000000001,12.9167,35.062,6.8446,6.8446,62.855,4.1195,6.732,0.9202,0.5058
2026-01-01 12:55:59.999999998,12.9333,34.997,6.8697,6.8697,63.561,4.1412,6.8324,0.9226,0.4982
2026-01-01 12:57:00.000000000,12.95,35.072,6.8049,6.8049,63.333,4.1822,6.4769,0.9551,0.5172
2026-01-01 12:58:00.000000001,12.9667,35.055,6.8038,6.8038,62.273,4.0007,6.6695,0.9458,0.5104
2026-01-01 12:58:59.999999998,12.9833,34.987,6.8071,6.8071,62.646,4.1209,6.5959,0.9285,0.514
2026-01-01 13:00:00.000000000,13.0,35.05,6.8571,6.8571,62.697,4.1776,6.5481,0.9059,0.4962
2026-01-01 13:01:00.000000001,13.0167,35.048,6.8462,6.8462,63.45,4.1876,6.8426,1.016,0.4874
2026-01-01 13:01:59.999999998,13.0333,35.142,6.823,6.823,61.889,4.2482,6.4955,0.8816,0.5133
2026-01-01 13:03:00.000000000,13.05,35.097,6.8269,6.8269,64.412,4.2181,6.7483,0.957,0.531
2026-01-01 13:04:00.000000001,13.0667,35.053,6.8102,6.8102,62.163,4.1561,6.6181,0.917,0.5221
2026-01-01 13:04:59.999999998,13.0833,35.064,6.8447,6.8447,62.737,4.2189,6.5571,0.9454,0.5316
2026-01-01 13:06:00.000000000,13.1,35.054,6.8196,6.8196,61.791,4.1526,6.7641,0.9858,0.5032
2026-01-01 13:07:00.000000001,13.1167,35.041,6.8224,6.8224,61.655,4.1844,6.6005,0.91,0.4806
2026-01-01 13:07:59.999999998,13.1333,34.997,6.8401,6.8401,61.969,4.2401,6.5413,0.9572,0.4824
2026-01-01 13:09:00.000000000,13.15,35.044,6.8246,6.8246,61.868,4.1768,6.7614,0.9418,0.5276
2026-01-01 13:10:00.000000001,13.1667,35.013,6.824,6.824,62.289,4.2132,6.7405,0.898,0.4628
2026-01-01 13:10:59.999999998,13.1833,34.988,6.8292,6.8292,61.813,4.2651,6.7321,0.9944,0.5301
2026-01-01 13:12:00.000000000,13.2,35.076,6.8453,6.8453,63.129,4.249,5.9674,0.9685,0.4842
2026-01-01 13:13:00.000000001,13.2167,35.069,6.8627,6.8627,61.924,4.2946,6.6153,0.9127,0.5385
2026-01-01 13:13:59.999999998,13.2333,34.96,6.8418,6.8418,61.813,4.3861,6.5798,0.9911,0.4986
2026-01-01 13:15:00.000000000,13.25,35.042,6.8465,6.8465,62.191,4.26,6.5415,0.8959,0.5145
2026-01-01 13:16:00.000000001,13.2667,35.098,6.8268,6.8268,63.278,4.1708,6.6369,0.9375,0.5477
2026-01-01 13:16:59.999999998,13.2833,35.1,6.817,6.817,62.635,4.2525,6.5832,0.9189,0.4934
2026-01-01 13:18:00.000000000,13.3,35.098,6.8445,6.8445,62.362,4.253,6.6445,0.9794,0.4931
2026-01-01 13:19:00.000000001,13.3167,35.048,6.8352,6.8352,61.275,4.2685,6.5013,0.9194,0.4861
2026-01-01 13:19:59.999999998,13.3333,35.003,6.8037,6.8037,61.488,4.3429,6.765,0.9828,0.48
2026-01-01 13:21:00.000000000,13.35,34.99,6.8259,6.8259,61.36,4.0925,6.6558,0.9761,0.4934
2026-01-01 13:22:00.000000001,13.3667,35.061,6.8311,6.8311,63.409,4.3523,6.6191,0.9291,0.4889
2026-01-01 13:22:59.999999998,13.3833,35.062,6.8229,6.8229,62.769,4.3832,6.6105,1.0408,0.475
2026-01-01 13:24:00.000000000,13.4,35.106,6.8631,6.8631,61.638,4.2845,6.7087,0.9136,0.4958
2026-01-01 13:25:00.000000001,13.4167,35.096,6.8434,6.8434,61.858,4.2904,6.6871,0.8819,0.509
2026-01-01 13:25:59.999999998,13.4333,35.033,6.8616,6.8616,61.632,4.2276,6.5157,0.9966,0.4821
2026-01-01 13:27:00.000000000,13.45,34.976,6.8397,6.8397,61.567,4.2514,6.6798,0.8479,0.4968
2026-01-01 13:28:00.000000001,13.4667,35.022,6.8364,6.8364,62.628,4.3107,6.5561,1.0314,0.5281
2026-01-01 13:28:59.999999998,13.4833,35.047,6.8163,6.8163,62.014,4.3095,6.8163,0.9634,0.4716
2026-01-01 13:30:00.000000000,13.5,35.025,6.8356,6.8356,63.893,4.3204,6.6921,0.8885,0.5386
2026-01-01 13:31:00.000000001,13.5167,35.005,6.8359,6.8359,63.214,4.3169,6.4324,0.9139,0.4865
2026-01-01 13:31:59.999999998,13.5333,35.045,6.8086,6.8086,63.247,4.3426,6.8745,0.8812,0.504
2026-01-01 13:33:00.000000000,13.55,35.006,6.8255,6.8255,62.723,4.3376,6.2083,0.9835,0.5256
2026-01-01 13:34:00.000000001,13.5667,34.999,6.8301,6.8301,61.834,4.1967,6.618,0.8995,0.5317
2026-01-01 13:34:59.999999998,13.5833,35.044,6.8451,6.8451,62.637,4.3492,6.4167,0.9925,0.5094
2026-01-01 13:36:00.000000000,13.6,35.007,6.8464,6.8464,61.868,4.4353,6.8022,0.9537,0.4861
2026-01-01 13:37:00.000000001,13.6167,35.038,6.8258,6.8258,63.439,4.2884,6.5565,0.9467,0.4843
2026-01-01 13:37:59.999999998,13.6333,35.038,6.8471,6.8471,62.447,4.4145,6.3983,0.9974,0.4885
2026-01-01 13:39:00.000000000,13.65,34.966,6.8344,6.8344,62.323,4.2252,6.4761,1.0046,0.5378
2026-01-01 13:40:00.000000001,13.6667,34.997,6.7809,6.7809,62.204,4.3002,6.4077,1.0323,0.4923
2026-01-01 13:40:59.999999998,13.6833,35.091,6.8289,6.8289,63.485,4.2552,6.4677,0.9448,0.5065
2026-01-01 13:42:00.000000000,13.7,34.959,6.8604,6.8604,60.936,4.4209,6.463,0.9765,0.4791
2026-01-01 13:43:00.000000001,13.7167,34.91,6.8055,6.8055,63.545,4.4458,6.3983,0.9478,0.4769
2026-01-01 13:43:59.999999998,13.7333,34.921,6.8417,6.8417,61.917,4.3106,6.5503,0.9892,0.5005
2026-01-01 13:45:00.000000000,13.75,35.014,6.8714,6.8714,60.933,4.4162,6.5672,0.9437,0.4935
2026-01-01 13:46:00.000000001,13.7667,35.012,6.8247,6.8247,61.448,4.4586,6.3578,0.9629,0.495
2026-01-01 13:46:59.999999998,13.7833,35.003,6.8402,6.8402,60.723,4.3279,6.2572,0.9647,0.4704
2026-01-01 13:48:00.000000000,13.8,35.067,6.8144,6.8144,62.56,4.345,6.5514,1.0018,0.4985
2026-01-01 13:49:00.000000001,13.8167,34.871,6.8733,6.8733,61.2,4.3973,6.5833,0.9888,0.531
2026-01-01 13:49:59.999999998,13.8333,35.022,6.8393,6.8393,62.161,4.2752,6.6118,1.0155,0.4829
2026-01-01 13:51:00.000000000,13.85,35.078,6.8421,6.8421,62.928,4.3555,6.5836,0.9864,0.5179
2026-01-01 13:52:00.000000001,13.8667,34.942,6.8685,6.8685,61.479,4.5221,6.7356,0.9643,0.4307
2026-01-01 13:52:59.999999998,13.8833,34.977,6.8549,6.8549,61.798,4.3148,6.648,1.0044,0.484
2026-01-01 13:54:00.000000000,13.9,34.956,6.8244,6.8244,60.967,4.4271,6.8992,0.9505,0.4618
2026-01-01 13:55:00.000000001,13.9167,34.947,6.8292,6.8292,61.696,4.4048,6.9611,1.0264,0.5247
2026-01-01 13:55:59.999999998,13.9333,34.973,6.8523,6.8523,64.063,4.3538,6.231,0.9852,0.5176
2026-01-01 13:57:00.000000000,13.95,35.058,6.8301,6.8301,62.625,4.3887,6.1639,1.0112,0.4793
2026-01-01 13:58:00.000000001,13.9667,35.077,6.8005,6.8005,61.789,4.5152,6.4911,1.0135,0.5058
2026-01-01 13:58:59.999999998,13.9833,34.966,6.842,6.842,61.511,4.4234,6.5666,1.0841,0.524
2026-01-01 14:00:00.000000000,14.0,35.075,6.8137,6.8137,61.966,4.44,6.4784,1.0247,0.5271
2026-01-01 14:01:00.000000001,14.0167,34.979,6.8758,6.8758,62.104,4.5153,6.5941,1.0108,0.4919
2026-01-01 14:01:59.999999998,14.0333,35.063,6.8473,6.8473,61.666,4.3682,6.4467,0.9741,0.4558
2026-01-01 14:03:00.000000000,14.05,34.968,6.8258,6.8258,62.426,4.3116,6.3819,1.0504,0.482
2026-01-01 14:04:00.000000001,14.0667,34.976,6.8302,6.8302,61.241,4.5409,6.4034,0.9983,0.5153
2026-01-01 14:04:59.999999998,14.0833,34.986,6.8066,6.8066,61.24,4.4145,6.4535,0.9371,0.542
2026-01-01 14:06:00.000000000,14.1,35.124,6.8226,6.8226,62.305,4.4791,6.6089,1.0051,0.4989
2026-01-01 14:07:00.000000001,14.1167,35.004,6.8651,6.8651,61.078,4.3507,6.4081,1.026,0.4879
2026-01-01 14:07:59.999999998,14.1333,34.924,6.8896,6.8896,62.6,4.4469,6.4365,0.9771,0.548
2026-01-01 14:09:00.000000000,14.15,35.005,6.8597,6.8597,62.009,4.3322,6.5642,1.0137,0.5081
2026-01-01 14:10:00.000000001,14.1667,34.936,6.8435,6.8435,60.563,4.4291,6.4476,1.0176,0.4754
2026-01-01 14:10:59.999999998,14.1833,34.926,6.8369,6.8369,62.119,4.3763,6.6437,1.0199,0.4976
2026-01-01 14:12:00.000000000,14.2,34.994,6.8265,6.8265,60.689,4.362,6.337,1.086,0.52
2026-01-01 14:13:00.000000001,14.2167,34.947,6.887,6.887,62.598,4.4121,6.3032,0.9602,0.4986
2026-01-01 14:13:59.999999998,14.2333,34.956,6.8423,6.8423,61.851,4.257,6.5182,1.1291,0.5159
2026-01-01 14:15:00.000000000,14.25,34.94,6.8885,6.8885,63.539,4.3518,6.5319,1.0273,0.4679
2026-01-01 14:16:00.000000001,14.2667,34.953,6.8742,6.8742,62.923,4.5113,6.3403,1.0595,0.4713
2026-01-01 14:16:59.999999998,14.2833,34.955,6.8117,6.8117,61.225,4.4807,6.6703,1.0385,0.4853
2026-01-01 14:18:00.000000000,14.3,34.834,6.8334,6.8334,60.466,4.3711,6.7563,0.9474,0.4944
2026-01-01 14:19:00.000000001,14.3167,34.961,6.8335,6.8335,61.488,4.505,6.3722,0.9824,0.5067
2026-01-01 14:19:59.999999998,14.3333,34.875,6.8454,6.8454,61.125,4.395,6.6882,1.0106,0.5127
2026-01-01 14:21:00.000000000,14.35,34.849,6.8459,6.8459,63.573,4.5272,6.1066,1.0881,0.5493
2026-01-01 14:22:00.000000001,14.3667,34.915,6.9072,6.9072,62.115,4.4643,6.6241,0.9707,0.4852
2026-01-01 14:22:59.999999998,14.3833,34.919,6.8259,6.8259,62.882,4.4517,6.3328,0.9987,0.4937
2026-01-01 14:24:00.000000000,14.4,34.877,6.8521,6.8521,61.919,4.4746,6.6067,1.0514,0.4858
2026-01-01 14:25:00.000000001,14.4167,34.95,6.86,6.86,62.015,4.6908,6.3148,1.0683,0.5216
2026-01-01 14:25:59.999999998,14.4333,34.838,6.8478,6.8478,62.146,4.4295,6.4476,1.0684,0.5227
2026-01-01 14:27:00.000000000,14.45,34.882,6.8501,6.8501,63.071,4.5125,6.3351,0.9987,0.491
2026-01-01 14:28:00.000000001,14.4667,34.87,6.8272,6.8272,62.449,4.561,6.4233,0.9695,0.5413
2026-01-01 14:28:59.999999998,14.4833,34.893,6.8503,6.8503,61.368,4.4257,6.7287,1.078,0.4858
2026-01-01 14:30:00.000000000,14.5,34.906,6.8585,6.8585,63.526,4.3793,6.4368,1.1243,0.5206
2026-01-01 14:31:00.000000001,14.5167,34.839,6.855,6.855,62.009,4.463,6.7683,1.0369,0.5291
2026-01-01 14:31:59.999999998,14.5333,34.922,6.8599,6.8599,61.895,4.576,6.3927,0.9986,0.4728
2026-01-01 14:33:00.000000000,14.55,34.886,6.8769,6.8769,60.012,4.4921,6.6731,1.0359,0.5116
2026-01-01 14:34:00.000000001,14.5667,34.784,6.8675,6.8675,62.8,4.5052,6.2043,1.0787,0.4455
2026-01-01 14:34:59.999999998,14.5833,34.778,6.8502,6.8502,62.39,4.6007,6.404,1.0489,0.5165
2026-01-01 14:36:00.000000000,14.6,34.872,6.8255,6.8255,62.407,4.4675,6.3653,1.1325,0.478
2026-01-01 14:37:00.000000001,14.6167,34.858,6.837,6.837,62.023,4.5292,6.6752,1.11,0.5113
2026-01-01 14:37:59.999999998,14.6333,34.86,6.8447,6.8447,61.903,4.4194,6.4711,1.0746,0.5151
2026-01-01 14:39:00.000000000,14.65,34.861,6.8542,6.8542,62.087,4.5703,6.1289,0.9693,0.5224
2026-01-01 14:40:00.000000001,14.6667,34.87,6.8397,6.8397,62.772,4.5673,6.2444,1.034,0.5178
2026-01-01 14:40:59.999999998,14.6833,34.902,6.8306,6.8306,62.933,4.6167,6.2878,1.0428,0.5011
2026-01-01 14:42:00.000000000,14.7,34.796,6.8256,6.8256,62.257,4.4657,6.5786,1.0345,0.4924
2026-01-01 14:43:00.000000001,14.7167,34.789,6.8164,6.8164,63.222,4.5462,6.5581,1.0829,0.4985
2026-01-01 14:43:59.999999998,14.7333,34.79,6.8448,6.8448,62.421,4.4635,6.3911,1.0856,0.4777
2026-01-01 14:45:00.000000000,14.75,34.855,6.8202,6.8202,62.102,4.5503,6.3526,0.9929,0.4958
2026-01-01 14:46:00.000000001,14.7667,34.9,6.8296,6.8296,62.686,4.6928,6.5412,1.1185,0.4942
2026-01-01 14:46:59.999999998,14.7833,34.812,6.8418,6.8418,61.463,4.5529,6.2631,1.0806,0.4842
2026-01-01 14:48:00.000000000,14.8,34.705,6.823,6.823,62.759,4.4735,6.5,1.0993,0.4652
2026-01-01 14:49:00.000000001,14.8167,34.742,6.8574,6.8574,61.362,4.5326,6.486,1.1203,0.4745
2026-01-01 14:49:59.999999998,14.8333,34.782,6.8646,6.8646,61.798,4.4624,6.3878,1.0463,0.437
2026-01-01 14:51:00.000000000,14.85,34.792,6.8389,6.8389,61.029,4.4919,6.4874,1.1492,0.4938
2026-01-01 14:52:00.000000001,14.8667,34.796,6.8411,6.8411,62.528,4.6535,6.4419,1.0808,0.5072
2026-01-01 14:52:59.999999998,14.8833,34.815,6.8607,6.8607,63.981,4.4884,6.5,1.1652,0.4463
2026-01-01 14:54:00.000000000,14.9,34.794,6.8357,6.8357,62.625,4.6333,6.2241,1.0465,0.5047
2026-01-01 14:55:00.000000001,14.9167,34.858,6.8343,6.8343,63.259,4.6147,6.5152,1.1647,0.4976
2026-01-01 14:55:59.999999998,14.9333,34.768,6.8739,6.8739,64.652,4.5744,6.5758,1.0492,0.4765
2026-01-01 14:57:00.000000000,14.95,34.755,6.8677,6.8677,63.12,4.6394,6.4688,1.2235,0.4914
2026-01-01 14:58:00.000000001,14.9667,34.819,6.862,6.862,62.212,4.5505,6.5096,1.0501,0.521
2026-01-01 14:58:59.999999998,14.9833,34.715,6.8685,6.8685,62.349,4.697,6.4018,1.1521,0.4805
2026-01-01 15:00:00.000000000,15.0,34.807,6.8105,6.8105,62.879,4.5782,6.5508,1.0828,0.5016
2026-01-01 15:01:00.000000001,15.0167,34.789,6.8771,6.8771,62.4,4.6075,6.4257,1.1383,0.5069
2026-01-01 15:01:59.999999998,15.0333,34.773,6.8578,6.8578,62.488,4.6022,6.2425,1.1022,0.4836
2026-01-01 15:03:00.000000000,15.05,34.857,6.8702,6.8702,63.752,4.7021,6.5366,1.0513,0.5202
2026-01-01 15:04:00.000000001,15.0667,34.743,6.8577,6.8577,63.814,4.6948,6.1673,0.9676,0.5081
2026-01-01 15:04:59.999999998,15.0833,34.873,6.8509,6.8509,61.704,4.4458,6.4536,1.2345,0.495
2026-01-01 15:06:00.000000000,15.1,34.755,6.8444,6.8444,62.397,4.6802,6.3524,1.1144,0.5473
2026-01-01 15:07:00.000000001,15.1167,34.699,6.8572,6.8572,62.71,4.5247,6.3416,0.9652,0.5203
2026-01-01 15:07:59.999999998,15.1333,34.763,6.8436,6.8436,63.591,4.6412,6.4335,1.1292,0.4663
2026-01-01 15:09:00.000000000,15.15,34.702,6.8672,6.8672,64.057,4.6642,6.3001,1.1502,0.4922
2026-01-01 15:10:00.000000001,15.1667,34.715,6.8181,6.8181,65.335,4.649,6.4822,1.0816,0.5493
2026-01-01 15:10:59.999999998,15.1833,34.769,6.8389,6.8389,62.832,4.7216,6.4127,1.0836,0.4804
2026-01-01 15:12:00.000000000,15.2,34.774,6.8906,6.8906,62.904,4.7435,6.3104,1.1196,0.5013
2026-01-01 15:13:00.000000001,15.2167,34.711,6.8372,6.8372,63.739,4.6284,6.6026,1.1824,0.5246
2026-01-01 15:13:59.999999998,15.2333,34.788,6.8449,6.8449,62.755,4.6298,6.4314,1.1289,0.513
2026-01-01 15:15:00.000000000,15.25,34.794,6.8319,6.8319,63.221,4.6961,6.4941,1.1988,0.5159
2026-01-01 15:16:00.000000001,15.2667,34.804,6.8562,6.8562,63.034,4.5798,6.6108,1.1838,0.5148
2026-01-01 15:16:59.999999998,15.2833,34.755,6.8347,6.8347,61.302,4.6695,6.6072,1.1175,0.5005
2026-01-01 15:18:00.000000000,15.3,34.794,6.8457,6.8457,63.531,4.8199,6.483,1.0521,0.4842
2026-01-01 15:19:00.000000001,15.3167,34.628,6.8663,6.8663,63.32,4.5959,6.3494,1.1209,0.5087
2026-01-01 15:19:59.999999998,15.3333,34.703,6.8353,6.8353,64.517,4.6936,6.1792,1.1602,0.4919
2026-01-01 15:21:00.000000000,15.35,34.672,6.8649,6.8649,63.539,4.6778,6.4235,1.1386,0.4904
2026-01-01 15:22:00.000000001,15.3667,34.718,6.8655,6.8655,62.565,4.89,6.5555,1.169,0.5296
2026-01-01 15:22:59.999999998,15.3833,34.681,6.8701,6.8701,63.397,4.6909,6.4433,1.1821,0.4924
2026-01-01 15:24:00.000000000,15.4,34.698,6.8517,6.8517,61.965,4.7,5.8724,1.1671,0.5341
2026-01-01 15:25:00.000000001,15.4167,34.797,6.9136,6.9136,62.704,4.6603,6.5184,1.1285,0.5051
2026-01-01 15:25:59.999999998,15.4333,34.691,6.8698,6.8698,64.217,4.7479,6.5265,1.1699,0.4968
2026-01-01 15:27:00.000000000,15.45,34.717,6.8551,6.8551,63.546,4.7731,6.3404,1.2574,0.4636
2026-01-01 15:28:00.000000001,15.4667,34.682,6.831,6.831,64.518,4.6851,6.5327,1.0728,0.5424
2026-01-01 15:28:59.999999998,15.4833,34.694,6.8465,6.8465,62.242,4.8394,6.4775,1.1733,0.4999
2026-01-01 15:30:00.000000000,15.5,34.687,6.8768,6.8768,63.658,4.7865,6.2793,1.2422,0.4546
2026-01-01 15:31:00.000000001,15.5167,34.706,6.8824,6.8824,63.508,4.8373,6.5717,1.0936,0.5198
2026-01-01 15:31:59.999999998,15.5333,34.739,6.8776,6.8776,64.69,4.7474,6.1897,1.204,0.499
2026-01-01 15:33:00.000000000,15.55,34.76,6.8636,6.8636,64.5,4.7975,6.3701,1.2124,0.4814
2026-01-01 15:34:00.000000001,15.5667,34.69,6.8227,6.8227,64.512,4.7654,6.354,1.0835,0.5186
2026-01-01 15:34:59.999999998,15.5833,34.702,6.8574,6.8574,65.269,4.9035,6.2525,1.1946,0.449
2026-01-01 15:36:00.000000000,15.6,34.612,6.8227,6.8227,63.778,4.8006,6.4208,1.1471,0.4857
2026-01-01 15:37:00.000000001,15.6167,34.662,6.8177,6.8177,65.178,4.7965,6.5706,1.1594,0.494
2026-01-01 15:37:59.999999998,15.6333,34.71,6.8521,6.8521,63.313,4.7636,6.5601,1.1478,0.517
2026-01-01 15:39:00.000000000,15.65,34.704,6.8576,6.8576,63.321,4.7634,6.4803,1.2314,0.5448
2026-01-01 15:40:00.000000001,15.6667,34.668,6.8651,6.8651,64.826,4.8282,6.1163,1.1619,0.4951
2026-01-01 15:40:59.999999998,15.6833,34.699,6.8568,6.8568,63.058,4.8792,6.1691,1.146,0.5092
2026-01-01 15:42:00.000000000,15.7,34.677,6.8573,6.8573,64.758,4.7633,6.3933,1.1485,0.555
2026-01-01 15:43:00.000000001,15.7167,34.71,6.8268,6.8268,64.419,4.8326,6.3621,1.1555,0.5001
2026-01-01 15:43:59.999999998,15.7333,34.662,6.8443,6.8443,65.234,4.8417,6.2914,1.1203,0.5094
2026-01-01 15:45:00.000000000,15.75,34.627,6.8161,6.8161,64.367,4.8601,6.6507,1.1523,0.4753
2026-01-01 15:46:00.000000001,15.7667,34.659,6.806,6.806,64.498,4.6994,6.3797,1.1835,0.5392
2026-01-01 15:46:59.999999998,15.7833,34.493,6.8607,6.8607,64.899,4.7665,6.444,1.1996,0.4857
2026-01-01 15:48:00.000000000,15.8,34.656,6.8306,6.8306,64.001,4.7357,6.5097,1.2413,0.5054
2026-01-01 15:49:00.000000001,15.8167,34.452,6.8629,6.8629,64.005,4.8521,6.3686,1.1948,0.5048
2026-01-01 15:49:59.999999998,15.8333,34.546,6.8675,6.8675,64.988,4.7818,6.7479,1.1608,0.5017
2026-01-01 15:51:00.000000000,15.85,34.652,6.8327,6.8327,64.624,4.8187,6.2171,1.1357,0.4913
2026-01-01 15:52:00.000000001,15.8667,34.651,6.8567,6.8567,64.361,4.7674,6.2661,1.2026,0.5048
2026-01-01 15:52:59.999999998,15.8833,34.567,6.8315,6.8315,64.659,4.8352,6.2144,1.1838,0.5351
2026-01-01 15:54:00.000000000,15.9,34.587,6.8076,6.8076,66.04,4.782,6.5891,1.1871,0.5456
2026-01-01 15:55:00.000000001,15.9167,34.689,6.8468,6.8468,64.449,4.9371,6.4739,1.2062,0.4965
2026-01-01 15:55:59.999999998,15.9333,34.594,6.8347,6.8347,64.465,4.9193,6.2709,1.2208,0.491
2026-01-01 15:57:00.000000000,15.95,34.729,6.8351,6.8351,63.516,4.8975,6.2218,1.21,0.4838
2026-01-01 15:58:00.000000001,15.9667,34.614,6.8832,6.8832,64.888,4.8659,6.558,1.1897,0.5537
2026-01-01 15:58:59.999999998,15.9833,34.633,6.813,6.813,65.486,4.7316,6.4034,1.1599,0.5026
2026-01-01 16:00:00.000000000,16.0,34.691,6.851,6.851,65.669,4.8625,6.5595,1.171,0.5223
2026-01-01 16:01:00.000000001,16.0167,34.615,6.8232,6.8232,65.126,4.8428,6.3378,1.2458,0.5139
2026-01-01 16:01:59.999999998,16.0333,34.556,6.861,6.861,65.843,4.928,6.4225,1.1839,0.5442
2026-01-01 16:03:00.000000000,16.05,34.599,6.8486,6.8486,65.703,4.9624,6.3897,1.1396,0.495
2026-01-01 16:04:00.000000001,16.0667,34.601,6.85,6.85,66.047,4.9433,6.2499,1.2666,0.4779
2026-01-01 16:04:59.999999998,16.0833,34.533,6.8233,6.8233,65.984,5.0229,6.3208,1.1632,0.5372
2026-01-01 16:06:00.000000000,16.1,34.587,6.8266,6.8266,66.491,4.881,6.1636,1.2138,0.5181
2026-01-01 16:07:00.000000001,16.1167,34.561,6.8602,6.8602,65.139,4.8822,6.4143,1.2383,0.5091
2026-01-01 16:07:59.999999998,16.1333,34.642,6.8769,6.8769,64.252,5.0186,6.4532,1.2157,0.5307
2026-01-01 16:09:00.000000000,16.15,34.596,6.8508,6.8508,65.884,4.9535,6.4864,1.0934,0.5103
2026-01-01 16:10:00.000000001,16.1667,34.579,6.823,6.823,66.016,4.925,6.4368,1.2385,0.5314
2026-01-01 16:10:59.999999998,16.1833,34.586,6.8475,6.8475,66.686,5.0971,6.3165,1.2871,0.5049
2026-01-01 16:12:00.000000000,16.2,34.601,6.889,6.889,66.494,5.0001,6.5674,1.2618,0.518
2026-01-01 16:13:00.000000001,16.2167,34.62,6.8422,6.8422,67.064,4.9433,6.4673,1.118,0.5105
2026-01-01 16:13:59.999999998,16.2333,34.537,6.8692,6.8692,66.043,4.9083,6.5406,1.3324,0.4935
2026-01-01 16:15:00.000000000,16.25,34.534,6.8249,6.8249,65.768,5.0739,6.5489,1.1615,0.4959
2026-01-01 16:16:00.000000001,16.2667,34.64,6.8386,6.8386,64.516,4.9889,6.3113,1.1756,0.4921
2026-01-01 16:16:59.999999998,16.2833,34.563,6.8515,6.8515,65.909,4.9789,6.3872,1.2703,0.5053
2026-01-01 16:18:00.000000000,16.3,34.512,6.8468,6.8468,65.258,5.0357,6.4441,1.2556,0.4909
2026-01-01 16:19:00.000000001,16.3167,34.604,6.8233,6.8233,65.908,5.0566,6.1544,1.2388,0.5087
2026-01-01 16:19:59.999999998,16.3333,34.604,6.8221,6.8221,65.82,5.0348,6.1567,1.208,0.508
2026-01-01 16:21:00.000000000,16.35,34.503,6.8578,6.8578,66.192,5.0662,6.1297,1.3048,0.5041
2026-01-01 16:22:00.000000001,16.3667,34.59,6.8616,6.8616,65.774,5.0362,6.3073,1.2381,0.5045
2026-01-01 16:22:59.999999998,16.3833,34.614,6.8677,6.8677,66.638,5.0491,6.2724,1.1635,0.4887
2026-01-01 16:24:00.000000000,16.4,34.595,6.8732,6.8732,63.749,4.9508,6.1059,1.3052,0.4944
2026-01-01 16:25:00.000000001,16.4167,34.608,6.8396,6.8396,66.116,5.1588,6.3426,1.2563,0.4666
2026-01-01 16:25:59.999999998,16.4333,34.505,6.8303,6.8303,66.963,4.9199,6.3048,1.3028,0.4976
2026-01-01 16:27:00.000000000,16.45,34.591,6.8633,6.8633,67.534,5.048,6.4953,1.2775,0.4803
2026-01-01 16:28:00.000000001,16.4667,34.559,6.8502,6.8502,66.661,4.921,6.6188,1.3702,0.502
2026-01-01 16:28:59.999999998,16.4833,34.549,6.816,6.816,67.46,5.0247,6.3843,1.2369,0.4857
2026-01-01 16:30:00.000000000,16.5,34.616,6.8147,6.8147,66.283,4.9916,6.2102,1.255,0.459
2026-01-01 16:31:00.000000001,16.5167,34.646,6.8449,6.8449,66.187,5.0528,6.4106,1.2919,0.545
2026-01-01 16:31:59.999999998,16.5333,34.662,6.8312,6.8312,66.644,5.0739,6.3139,1.2425,0.4954
2026-01-01 16:33:00.000000000,16.55,34.637,6.8339,6.8339,66.253,4.9748,6.2754,1.2996,0.5289
2026-01-01 16:34:00.000000001,16.5667,34.566,6.8556,6.8556,65.666,5.0536,6.1811,1.1139,0.4895
2026-01-01 16:34:59.999999998,16.5833,34.589,6.849,6.849,65.915,5.1721,6.2396,1.2594,0.534
2026-01-01 16:36:00.000000000,16.6,34.609,6.8601,6.8601,65.472,4.9603,6.2815,1.2597,0.477
2026-01-01 16:37:00.000000001,16.6167,34.577,6.7945,6.7945,66.82,5.0017,6.4277,1.2596,0.5035
2026-01-01 16:37:59.999999998,16.6333,34.577,6.8379,6.8379,66.441,5.1436,6.3826,1.2245,0.4782
2026-01-01 16:39:00.000000000,16.65,34.612,6.8464,6.8464,66.178,5.0856,6.5787,1.3155,0.552
2026-01-01 16:40:00.000000001,16.6667,34.567,6.8016,6.8016,66.047,5.0962,6.4049,1.2467,0.495
2026-01-01 16:40:59.999999998,16.6833,34.534,6.8187,6.8187,66.938,5.1706,6.3664,1.2838,0.5166
2026-01-01 16:42:00.000000000,16.7,34.55,6.8147,6.8147,67.192,5.03,6.2557,1.2737,0.509
2026-01-01 16:43:00.000000001,16.7167,34.602,6.8316,6.8316,65.696,5.0567,6.1449,1.3024,0.4995
2026-01-01 16:43:59.999999998,16.7333,34.571,6.8633,6.8633,65.604,5.0516,6.214,1.3507,0.5104
2026-01-01 16:45:00.000000000,16.75,34.588,6.8709,6.8709,67.43,5.0799,6.1934,1.2907,0.5272
2026-01-01 16:46:00.000000001,16.7667,34.605,6.8138,6.8138,65.599,5.2196,5.9132,1.3248,0.5134
2026-01-01 16:46:59.999999998,16.7833,34.553,6.8403,6.8403,67.169,4.9811,6.1449,1.2918,0.5032
2026-01-01 16:48:00.000000000,16.8,34.61,6.8406,6.8406,68.057,5.0264,6.5355,1.261,0.5104
2026-01-01 16:49:00.000000001,16.8167,34.591,6.8368,6.8368,68.09,5.0174,6.3493,1.281,0.5383
2026-01-01 16:49:59.999999998,16.8333,34.511,6.8367,6.8367,67.417,5.2435,6.2365,1.2758,0.4917
2026-01-01 16:51:00.000000000,16.85,34.646,6.8344,6.8344,67.424,5.087,6.3517,1.3201,0.4629
2026-01-01 16:52:00.000000001,16.8667,34.549,6.8617,6.8617,68.689,5.1148,5.9978,1.2989,0.4781
2026-01-01 16:52:59.999999998,16.8833,34.492,6.8496,6.8496,65.051,5.0165,6.3321,1.2556,0.4796
2026-01-01 16:54:00.000000000,16.9,34.523,6.806,6.806,66.577,5.1294,6.4803,1.2861,0.4824
2026-01-01 16:55:00.000000001,16.9167,34.525,6.8428,6.8428,67.657,5.2245,6.2694,1.2227,0.4831
2026-01-01 16:55:59.999999998,16.9333,34.579,6.8443,6.8443,66.738,5.1802,6.0207,1.2916,0.4995
2026-01-01 16:57:00.000000000,16.95,34.564,6.8324,6.8324,68.028,5.1561,6.2234,1.3027,0.5049
2026-01-01 16:58:00.000000001,16.9667,34.562,6.8484,6.8484,67.034,5.0443,6.4763,1.3948,0.5047
2026-01-01 16:58:59.999999998,16.9833,34.61,6.8291,6.8291,67.199,5.1481,6.3221,1.3737,0.4854
2026-01-01 17:00:00.000000000,17.0,34.597,6.829,6.829,66.902,5.1909,6.0695,1.2564,0.5199
2026-01-01 17:01:00.000000001,17.0167,34.597,6.827,6.827,66.731,5.1046,6.6363,1.32,0.5107
2026-01-01 17:01:59.999999998,17.0333,34.603,6.7839,6.7839,66.738,5.2411,6.092,1.3227,0.5316
2026-01-01 17:03:00.000000000,17.05,34.614,6.8222,6.8222,67.42,5.2643,6.2426,1.302,0.5169
2026-01-01 17:04:00.000000001,17.0667,34.479,6.8101,6.8101,66.61,5.156,6.1224,1.307,0.493
2026-01-01 17:04:59.999999998,17.0833,34.568,6.7994,6.7994,68.018,5.2612,6.1215,1.2995,0.5261
2026-01-01 17:06:00.000000000,17.1,34.478,6.8514,6.8514,67.804,5.1992,6.208,1.4127,0.5055
2026-01-01 17:07:00.000000001,17.1167,34.59,6.8324,6.8324,68.186,5.3045,6.3702,1.3,0.516
2026-01-01 17:07:59.999999998,17.1333,34.589,6.8213,6.8213,66.428,5.3803,6.4673,1.3397,0.5144
2026-01-01 17:09:00.000000000,17.15,34.643,6.8102,6.8102,65.996,5.135,6.2147,1.1981,0.4975
2026-01-01 17:10:00.000000001,17.1667,34.652,6.8271,6.8271,67.377,5.2888,6.1201,1.3675,0.5021
2026-01-01 17:10:59.999999998,17.1833,34.604,6.8406,6.8406,69.723,5.3365,6.3423,1.3874,0.4974
2026-01-01 17:12:00.000000000,17.2,34.57,6.8038,6.8038,68.44,5.1593,6.3457,1.2774,0.4829
2026-01-01 17:13:00.000000001,17.2167,34.621,6.8198,6.8198,67.006,5.1958,6.3045,1.3063,0.4571
2026-01-01 17:13:59.999999998,17.2333,34.572,6.8369,6.8369,67.812,5.1998,6.3087,1.3563,0.4861
2026-01-01 17:15:00.000000000,17.25,34.6,6.7804,6.7804,68.076,5.2409,6.2494,1.3366,0.504
2026-01-01 17:16:00.000000001,17.2667,34.651,6.8176,6.8176,66.421,5.2279,6.28,1.3607,0.5217
2026-01-01 17:16:59.999999998,17.2833,34.575,6.8097,6.8097,68.633,5.2454,6.237,1.3249,0.5159
2026-01-01 17:18:00.000000000,17.3,34.645,6.8152,6.8152,67.424,5.3332,6.4237,1.4343,0.4944
2026-01-01 17:19:00.000000001,17.3167,34.64,6.8075,6.8075,67.506,5.1194,6.5964,1.3095,0.4864
2026-01-01 17:19:59.999999998,17.3333,34.56,6.8199,6.8199,67.617,5.198,6.288,1.4794,0.4964
2026-01-01 17:21:00.000000000,17.35,34.659,6.8552,6.8552,68.533,5.3344,6.259,1.4088,0.4805
2026-01-01 17:22:00.000000001,17.3667,34.647,6.8098,6.8098,67.032,5.3299,6.2973,1.3902,0.4577
2026-01-01 17:22:59.999999998,17.3833,34.619,6.8217,6.8217,66.289,5.2059,6.1592,1.2984,0.4691
2026-01-01 17:24:00.000000000,17.4,34.577,6.8553,6.8553,67.931,5.3403,6.3716,1.3978,0.5275
2026-01-01 17:25:00.000000001,17.4167,34.574,6.804,6.804,66.056,5.4065,6.322,1.3843,0.5371
2026-01-01 17:25:59.999999998,17.4333,34.593,6.8509,6.8509,67.467,5.3014,6.1917,1.25,0.5151
2026-01-01 17:27:00.000000000,17.45,34.649,6.8143,6.8143,68.674,5.2296,6.389,1.2877,0.4988
2026-01-01 17:28:00.000000001,17.4667,34.576,6.8494,6.8494,68.204,5.3851,6.2555,1.3776,0.4721
2026-01-01 17:28:59.999999998,17.4833,34.647,6.8284,6.8284,68.59,5.4579,6.1061,1.355,0.4968
2026-01-01 17:30:00.000000000,17.5,34.565,6.8191,6.8191,68.268,5.2541,6.3033,1.3377,0.5122
2026-01-01 17:31:00.000000001,17.5167,34.619,6.8112,6.8112,69.715,5.3331,6.2851,1.4193,0.5166
2026-01-01 17:31:59.999999998,17.5333,34.637,6.7996,6.7996,67.33,5.4221,6.3926,1.3231,0.5138
2026-01-01 17:33:00.000000000,17.55,34.756,6.8132,6.8132,68.133,5.349,6.3722,1.3464,0.5242
2026-01-01 17:34:00.000000001,17.5667,34.567,6.8292,6.8292,67.477,5.205,6.23,1.3387,0.5389
2026-01-01 17:34:59.999999998,17.5833,34.712,6.8106,6.8106,68.606,5.3852,6.1746,1.3984,0.4919
2026-01-01 17:36:00.000000000,17.6,34.648,6.8041,6.8041,67.804,5.2763,6.2446,1.2888,0.5561
2026-01-01 17:37:00.000000001,17.6167,34.663,6.805,6.805,69.24,5.258,6.2978,1.3518,0.4596
2026-01-01 17:37:59.999999998,17.6333,34.651,6.8294,6.8294,67.452,5.2264,6.3148,1.2924,0.4844
2026-01-01 17:39:00.000000000,17.65,34.67,6.8336,6.8336,69.013,5.4648,6.2865,1.3648,0.504
2026-01-01 17:40:00.000000001,17.6667,34.642,6.7953,6.7953,68.372,5.3077,6.2266,1.4185,0.511
2026-01-01 17:40:59.999999998,17.6833,34.725,6.7949,6.7949,67.882,5.4062,6.3887,1.4213,0.4964
2026-01-01 17:42:00.000000000,17.7,34.632,6.8154,6.8154,68.351,5.4308,6.137,1.3497,0.4901
2026-01-01 17:43:00.000000001,17.7167,34.714,6.8379,6.8379,68.135,5.4024,6.609,1.4147,0.5441
2026-01-01 17:43:59.999999998,17.7333,34.627,6.8299,6.8299,68.219,5.4182,6.3505,1.3806,0.4891
2026-01-01 17:45:00.000000000,17.75,34.659,6.7815,6.7815,67.777,5.43,6.0659,1.4599,0.4796
2026-01-01 17:46:00.000000001,17.7667,34.611,6.8008,6.8008,67.388,5.4155,6.2618,1.3872,0.5338
2026-01-01 17:46:59.999999998,17.7833,34.689,6.787,6.787,67.689,5.3487,6.3489,1.2469,0.517
2026-01-01 17:48:00.000000000,17.8,34.741,6.7999,6.7999,66.617,5.3465,6.1796,1.4422,0.5219
2026-01-01 17:49:00.000000001,17.8167,34.668,6.8369,6.8369,68.643,5.4111,6.0067,1.3765,0.5039
2026-01-01 17:49:59.999999998,17.8333,34.664,6.7759,6.7759,66.986,5.4144,6.0741,1.3876,0.4725
2026-01-01 17:51:00.000000000,17.85,34.621,6.7715,6.7715,67.805,5.4639,6.3102,1.42,0.5017
2026-01-01 17:52:00.000000001,17.8667,34.668,6.7869,6.7869,68.502,5.5227,5.9647,1.3339,0.4697
2026-01-01 17:52:59.999999998,17.8833,34.602,6.8088,6.8088,68.659,5.4671,6.0094,1.4108,0.5048
2026-01-01 17:54:00.000000000,17.9,34.639,6.815,6.815,66.571,5.3797,6.3063,1.4357,0.5131
2026-01-01 17:55:00.000000001,17.9167,34.698,6.8109,6.8109,67.92,5.2751,6.1914,1.4291,0.5215
2026-01-01 17:55:59.999999998,17.9333,34.756,6.8253,6.8253,68.364,5.3931,6.1194,1.3828,0.4982
2026-01-01 17:57:00.000000000,17.95,34.833,6.766,6.766,68.039,5.3521,6.1486,1.4643,0.515
2026-01-01 17:58:00.000000001,17.9667,34.665,6.8246,6.8246,69.074,5.4063,6.0011,1.3667,0.4819
2026-01-01 17:58:59.999999998,17.9833,34.769,6.7942,6.7942,67.342,5.4892,6.2934,1.3872,0.5193
2026-01-01 18:00:00.000000000,18.0,34.712,6.8146,6.8146,66.361,5.4816,6.0987,1.4136,0.5135
2026-01-01 18:01:00.000000001,18.0167,34.695,6.7731,6.7731,68.648,5.6286,6.1383,1.4371,0.484
2026-01-01 18:01:59.999999998,18.0333,34.727,6.7992,6.7992,67.569,5.5236,6.2697,1.4081,0.5106
2026-01-01 18:03:00.000000000,18.05,34.711,6.8034,6.8034,66.591,5.6428,6.1782,1.4877,0.5218
2026-01-01 18:04:00.000000001,18.0667,34.716,6.8214,6.8214,67.869,5.5524,6.11,1.4429,0.5016
2026-01-01 18:04:59.999999998,18.0833,34.693,6.7661,6.7661,68.978,5.5871,5.9162,1.4339,0.4835
2026-01-01 18:06:00.000000000,18.1,34.646,6.798,6.798,66.98,5.4766,6.2687,1.445,0.5036
2026-01-01 18:07:00.000000001,18.1167,34.641,6.7752,6.7752,69.856,5.4244,6.2245,1.4706,0.511
2026-01-01 18:07:59.999999998,18.1333,34.754,6.8066,6.8066,67.313,5.4796,6.134,1.4479,0.4834
2026-01-01 18:09:00.000000000,18.15,34.71,6.8116,6.8116,68.049,5.5196,6.055,1.3474,0.4798
2026-01-01 18:10:00.000000001,18.1667,34.697,6.8214,6.8214,66.999,5.4754,6.2115,1.4942,0.5104
2026-01-01 18:10:59.999999998,18.1833,34.729,6.7845,6.7845,68.002,5.4507,6.2807,1.4477,0.5165
2026-01-01 18:12:00.000000000,18.2,34.771,6.8133,6.8133,67.856,5.5693,6.2222,1.4779,0.543
2026-01-01 18:13:00.000000001,18.2167,34.743,6.8216,6.8216,66.765,5.4606,6.4523,1.4253,0.5133
2026-01-01 18:13:59.999999998,18.2333,34.704,6.761,6.761,70.21,5.4235,6.3113,1.3562,0.4758
2026-01-01 18:15:00.000000000,18.25,34.801,6.8057,6.8057,67.546,5.4616,6.1885,1.3356,0.5408
2026-01-01 18:16:00.000000001,18.2667,34.821,6.8122,6.8122,67.539,5.5377,6.3143,1.4042,0.5211
2026-01-01 18:16:59.999999998,18.2833,34.769,6.7874,6.7874,68.701,5.4824,6.2099,1.4793,0.4599
2026-01-01 18:18:00.000000000,18.3,34.796,6.768,6.768,69.369,5.5485,6.2083,1.5203,0.4794
2026-01-01 18:19:00.000000001,18.3167,34.812,6.8106,6.8106,68.809,5.62,6.395,1.4724,0.4902
2026-01-01 18:19:59.999999998,18.3333,34.809,6.7673,6.7673,66.937,5.623,6.0648,1.4067,0.5168
2026-01-01 18:21:00.000000000,18.35,34.786,6.7873,6.7873,68.058,5.5294,6.202,1.422,0.4524
2026-01-01 18:22:00.000000001,18.3667,34.787,6.7897,6.7897,66.371,5.4831,6.376,1.5313,0.4976
2026-01-01 18:22:59.999999998,18.3833,34.786,6.8043,6.8043,68.586,5.5465,6.2429,1.3996,0.5156
2026-01-01 18:24:00.000000000,18.4,34.708,6.7771,6.7771,66.545,5.6502,6.1402,1.5722,0.4433
2026-01-01 18:25:00.000000001,18.4167,34.8,6.7755,6.7755,67.198,5.6741,5.9386,1.5629,0.5149
2026-01-01 18:25:59.999999998,18.4333,34.7,6.7907,6.7907,67.825,5.6363,5.853,1.5778,0.5173
2026-01-01 18:27:00.000000000,18.45,34.73,6.8085,6.8085,68.171,5.7094,6.504,1.4921,0.4831
2026-01-01 18:28:00.000000001,18.4667,34.838,6.8337,6.8337,67.592,5.7568,6.2379,1.458,0.4769
2026-01-01 18:28:59.999999998,18.4833,34.817,6.7573,6.7573,69.002,5.585,6.103,1.4948,0.4828
2026-01-01 18:30:00.000000000,18.5,34.852,6.7934,6.7934,68.35,5.7478,6.242,1.5244,0.4466
2026-01-01 18:31:00.000000001,18.5167,34.766,6.7649,6.7649,68.272,5.6133,6.0465,1.4484,0.4935
2026-01-01 18:31:59.999999998,18.5333,34.725,6.8066,6.8066,66.757,5.7209,6.1379,1.4279,0.5044
2026-01-01 18:33:00.000000000,18.55,34.773,6.767,6.767,69.084,5.7012,6.0455,1.4707,0.4756
2026-01-01 18:34:00.000000001,18.5667,34.792,6.7719,6.7719,67.065,5.4916,5.9736,1.4483,0.5194
2026-01-01 18:34:59.999999998,18.5833,34.793,6.7732,6.7732,69.081,5.5777,5.8689,1.5509,0.5021
2026-01-01 18:36:00.000000000,18.6,34.849,6.783,6.783,69.291,5.5625,5.944,1.46,0.5052
2026-01-01 18:37:00.000000001,18.6167,34.776,6.7906,6.7906,68.065,5.5228,6.3359,1.4976,0.492
2026-01-01 18:37:59.999999998,18.6333,34.814,6.7934,6.7934,68.462,5.741,6.0337,1.544,0.5149
2026-01-01 18:39:00.000000000,18.65,34.749,6.7832,6.7832,65.151,5.8414,6.2609,1.5608,0.5258
2026-01-01 18:40:00.000000001,18.6667,34.823,6.7563,6.7563,67.442,5.6605,6.3232,1.5093,0.4918
2026-01-01 18:40:59.999999998,18.6833,34.803,6.797,6.797,68.46,5.7547,6.1812,1.52,0.5152
2026-01-01 18:42:00.000000000,18.7,34.768,6.781,6.781,68.298,5.8104,6.133,1.452,0.5154
2026-01-01 18:43:00.000000001,18.7167,34.796,6.8049,6.8049,66.561,5.7136,6.1967,1.556,0.5084
2026-01-01 18:43:59.999999998,18.7333,34.801,6.7671,6.7671,67.281,5.7002,6.1133,1.57,0.5335
2026-01-01 18:45:00.000000000,18.75,34.798,6.7488,6.7488,65.465,5.6878,6.3554,1.4153,0.4855
2026-01-01 18:46:00.000000001,18.7667,34.902,6.7798,6.7798,67.803,5.7558,6.4553,1.599,0.4916
2026-01-01 18:46:59.999999998,18.7833,34.811,6.806,6.806,65.943,5.788,6.3903,1.4778,0.4845
2026-01-01 18:48:00.000000000,18.8,34.806,6.7829,6.7829,68.331,5.7603,5.8491,1.5446,0.5145
2026-01-01 18:49:00.000000001,18.8167,34.715,6.7753,6.7753,68.35,5.7628,6.1054,1.5208,0.4946
2026-01-01 18:49:59.999999998,18.8333,34.777,6.7615,6.7615,67.001,5.7298,6.1706,1.5159,0.4861
2026-01-01 18:51:00.000000000,18.85,34.811,6.8136,6.8136,67.773,5.6118,6.2384,1.5106,0.5333
2026-01-01 18:52:00.000000001,18.8667,34.792,6.7575,6.7575,67.158,5.8164,5.9089,1.4733,0.5362
2026-01-01 18:52:59.999999998,18.8833,34.897,6.7632,6.7632,67.5,5.6471,5.9055,1.5511,0.4934
2026-01-01 18:54:00.000000000,18.9,34.821,6.7887,6.7887,66.363,5.8047,6.3621,1.5126,0.4727
2026-01-01 18:55:00.000000001,18.9167,34.896,6.7398,6.7398,67.754,5.8209,6.0812,1.4635,0.5373
2026-01-01 18:55:59.999999998,18.9333,34.836,6.802,6.802,65.916,5.6746,5.941,1.4793,0.5094
2026-01-01 18:57:00.000000000,18.95,34.837,6.7886,6.7886,65.739,5.7225,5.9976,1.4684,0.5084
2026-01-01 18:58:00.000000001,18.9667,34.832,6.7937,6.7937,67.079,5.9462,6.2207,1.5088,0.5021
2026-01-01 18:58:59.999999998,18.9833,34.839,6.7865,6.7865,66.98,5.7754,6.0378,1.5613,0.484
2026-01-01 19:00:00.000000000,19.0,34.926,6.7718,6.7718,67.339,5.6895,6.1965,1.5036,0.4917
2026-01-01 19:01:00.000000001,19.0167,34.726,6.7534,6.7534,66.574,5.8566,6.0124,1.5899,0.5136
2026-01-01 19:01:59.999999998,19.0333,34.743,6.7714,6.7714,68.574,5.736,5.8967,1.5372,0.491
2026-01-01 19:03:00.000000000,19.05,34.818,6.7544,6.7544,67.165,5.6495,6.371,1.5307,0.5087
2026-01-01 19:04:00.000000001,19.0667,34.847,6.7832,6.7832,67.194,5.8501,6.2161,1.5481,0.5003
2026-01-01 19:04:59.999999998,19.0833,34.882,6.7893,6.7893,67.136,5.7406,6.1053,1.6191,0.4789
2026-01-01 19:06:00.000000000,19.1,34.873,6.8023,6.8023,67.751,5.845,6.0762,1.4828,0.5324
2026-01-01 19:07:00.000000001,19.1167,34.832,6.7798,6.7798,67.379,5.7597,6.3732,1.6362,0.5119
2026-01-01 19:07:59.999999998,19.1333,34.903,6.7905,6.7905,67.242,5.8867,6.2412,1.6034,0.5066
2026-01-01 19:09:00.000000000,19.15,34.905,6.7657,6.7657,67.446,5.8502,6.3236,1.5564,0.5111
2026-01-01 19:10:00.000000001,19.1667,34.864,6.7618,6.7618,65.367,5.6338,6.063,1.6187,0.4641
2026-01-01 19:10:59.999999998,19.1833,34.904,6.7804,6.7804,65.365,5.8768,6.1572,1.5455,0.4901
2026-01-01 19:12:00.000000000,19.2,34.871,6.7629,6.7629,66.703,5.8285,6.209,1.5779,0.4695
2026-01-01 19:13:00.000000001,19.2167,34.83,6.7756,6.7756,66.573,5.9704,6.0652,1.5386,0.5025
2026-01-01 19:13:59.999999998,19.2333,34.895,6.7487,6.7487,67.163,5.8941,6.1324,1.6161,0.5065
2026-01-01 19:15:00.000000000,19.25,34.866,6.7519,6.7519,66.683,5.9284,6.0583,1.5345,0.5028
2026-01-01 19:16:00.000000001,19.2667,34.862,6.7819,6.7819,67.099,5.8165,6.2047,1.5693,0.5236
2026-01-01 19:16:59.999999998,19.2833,34.937,6.7866,6.7866,65.604,5.8156,5.9457,1.6079,0.4701
2026-01-01 19:18:00.000000000,19.3,34.741,6.7488,6.7488,66.559,5.8822,6.2287,1.6284,0.484
2026-01-01 19:19:00.000000001,19.3167,34.794,6.7816,6.7816,65.461,5.8608,6.1886,1.537,0.5083
2026-01-01 19:19:59.999999998,19.3333,34.806,6.7572,6.7572,66.809,6.0022,6.1105,1.6178,0.5053
2026-01-01 19:21:00.000000000,19.35,34.849,6.7679,6.7679,64.963,5.8883,6.2075,1.5331,0.4737
2026-01-01 19:22:00.000000001,19.3667,34.855,6.7955,6.7955,66.71,5.808,6.0844,1.4768,0.5239
2026-01-01 19:22:59.999999998,19.3833,34.793,6.783,6.783,65.222,5.8453,6.0377,1.549,0.5309
2026-01-01 19:24:00.000000000,19.4,34.82,6.7825,6.7825,66.055,5.9941,6.2188,1.6302,0.5085
2026-01-01 19:25:00.000000001,19.4167,34.827,6.8044,6.8044,67.043,5.909,6.2244,1.5899,0.4698
2026-01-01 19:25:59.999999998,19.4333,34.993,6.7518,6.7518,66.473,5.9102,6.0593,1.5659,0.5032
2026-01-01 19:27:00.000000000,19.45,34.961,6.7459,6.7459,64.939,6.0182,6.0455,1.5975,0.5068
2026-01-01 19:28:00.000000001,19.4667,34.851,6.7508,6.7508,65.682,5.8657,6.106,1.5979,0.4946
2026-01-01 19:28:59.999999998,19.4833,34.854,6.7599,6.7599,64.983,5.7655,6.0497,1.6299,0.5269
2026-01-01 19:30:00.000000000,19.5,34.815,6.7176,6.7176,64.792,5.8816,6.3603,1.5204,0.4977
2026-01-01 19:31:00.000000001,19.5167,34.778,6.7602,6.7602,66.206,5.9747,6.1781,1.5979,0.5421
2026-01-01 19:31:59.999999998,19.5333,34.868,6.7531,6.7531,66.523,5.9409,6.1319,1.6113,0.5157
2026-01-01 19:33:00.000000000,19.55,34.824,6.7794,6.7794,66.391,5.8415,5.9888,1.539,0.5055
2026-01-01 19:34:00.000000001,19.5667,34.87,6.7705,6.7705,66.484,6.0532,6.2387,1.5404,0.5184
2026-01-01 19:34:59.999999998,19.5833,34.795,6.7511,6.7511,65.955,5.9905,6.0351,1.5932,0.5306
2026-01-01 19:36:00.000000000,19.6,34.837,6.7746,6.7746,65.708,6.014,6.028,1.6139,0.518
2026-01-01 19:37:00.000000001,19.6167,34.883,6.777,6.777,65.031,6.022,6.2409,1.6162,0.4985
2026-01-01 19:37:59.999999998,19.6333,34.894,6.7469,6.7469,65.5,5.8901,6.1822,1.5899,0.4868
2026-01-01 19:39:00.000000000,19.65,34.897,6.7521,6.7521,64.757,6.0238,5.7476,1.59,0.4776
2026-01-01 19:40:00.000000001,19.6667,34.81,6.7172,6.7172,65.1,6.0777,6.0985,1.6022,0.4512
2026-01-01 19:40:59.999999998,19.6833,34.919,6.7396,6.7396,65.81,6.1018,6.1401,1.639,0.5035
2026-01-01 19:42:00.000000000,19.7,34.836,6.7463,6.7463,65.606,6.0739,6.0694,1.6884,0.4922
2026-01-01 19:43:00.000000001,19.7167,34.908,6.7624,6.7624,68.114,6.0628,6.1434,1.5172,0.4933
2026-01-01 19:43:59.999999998,19.7333,34.875,6.7417,6.7417,64.547,5.8883,5.847,1.6615,0.5206
2026-01-01 19:45:00.000000000,19.75,34.807,6.7501,6.7501,65.485,6.0317,5.6929,1.6269,0.4978
2026-01-01 19:46:00.000000001,19.7667,34.86,6.7356,6.7356,64.408,5.9619,5.9703,1.6609,0.5379
2026-01-01 19:46:59.999999998,19.7833,34.894,6.7632,6.7632,65.198,6.1465,6.158,1.696,0.4885
2026-01-01 19:48:00.000000000,19.8,34.906,6.7681,6.7681,65.192,6.14,5.631,1.6011,0.4806
2026-01-01 19:49:00.000000001,19.8167,34.868,6.7673,6.7673,66.106,5.9791,5.9873,1.6882,0.4748
2026-01-01 19:49:59.999999998,19.8333,34.951,6.7593,6.7593,65.032,6.057,5.8245,1.5804,0.5145
2026-01-01 19:51:00.000000000,19.85,34.925,6.728,6.728,65.2,6.0862,6.0756,1.6516,0.523
2026-01-01 19:52:00.000000001,19.8667,34.861,6.7461,6.7461,64.969,6.144,6.4047,1.6352,0.4881
2026-01-01 19:52:59.999999998,19.8833,34.911,6.7502,6.7502,64.154,5.9435,6.0775,1.6518,0.4787
2026-01-01 19:54:00.000000000,19.9,34.97,6.75,6.75,64.714,5.9064,6.093,1.6021,0.5306
2026-01-01 19:55:00.000000001,19.9167,34.971,6.7593,6.7593,64.891,6.0918,6.2341,1.6756,0.471
2026-01-01 19:55:59.999999998,19.9333,34.811,6.7861,6.7861,65.216,5.8919,6.1105,1.7352,0.5202
2026-01-01 19:57:00.000000000,19.95,34.826,6.7736,6.7736,65.565,6.1127,6.0742,1.6094,0.4886
2026-01-01 19:58:00.000000001,19.9667,34.946,6.7374,6.7374,64.891,6.153,6.2445,1.6696,0.5079
2026-01-01 19:58:59.999999998,19.9833,34.818,6.7705,6.7705,64.838,6.2102,6.1753,1.7051,0.5215
2026-01-01 20:00:00.000000000,20.0,34.804,6.7695,6.7695,63.623,6.0672,6.1469,1.6496,0.5095
2026-01-01 20:01:00.000000001,20.0167,34.845,6.7404,6.7404,65.393,6.1355,6.0819,1.7346,0.4941
2026-01-01 20:01:59.999999998,20.0333,34.89,6.7732,6.7732,64.365,6.1804,6.0499,1.6473,0.5279
2026-01-01 20:03:00.000000000,20.05,34.863,6.7529,6.7529,65.48,6.0399,6.2385,1.6651,0.5058
2026-01-01 20:04:00.000000001,20.0667,34.835,6.7277,6.7277,65.896,6.2129,6.0495,1.6234,0.5737
2026-01-01 20:04:59.999999998,20.0833,34.833,6.7648,6.7648,64.653,6.1672,6.2837,1.6815,0.4659
2026-01-01 20:06:00.000000000,20.1,34.83,6.7598,6.7598,63.946,6.1026,5.9411,1.6775,0.4656
2026-01-01 20:07:00.000000001,20.1167,34.821,6.7507,6.7507,64.712,6.168,6.3123,1.7113,0.5199
2026-01-01 20:07:59.999999998,20.1333,34.978,6.7543,6.7543,64.965,6.1512,6.1671,1.6499,0.4994
2026-01-01 20:09:00.000000000,20.15,34.878,6.7405,6.7405,64.395,6.2305,5.9501,1.6498,0.5159
2026-01-01 20:10:00.000000001,20.1667,34.906,6.7669,6.7669,64.157,6.1449,6.1708,1.7092,0.478
2026-01-01 20:10:59.999999998,20.1833,34.836,6.7536,6.7536,65.02,6.1976,5.996,1.7581,0.5011
2026-01-01 20:12:00.000000000,20.2,34.851,6.7577,6.7577,64.929,6.1355,6.0977,1.7218,0.5091
2026-01-01 20:13:00.000000001,20.2167,34.823,6.7613,6.7613,64.215,6.1159,6.0188,1.7849,0.4891
2026-01-01 20:13:59.999999998,20.2333,34.725,6.7309,6.7309,63.13,6.2103,6.0709,1.7225,0.5046
2026-01-01 20:15:00.000000000,20.25,34.788,6.7359,6.7359,64.78,6.1306,6.2311,1.7228,0.4728
2026-01-01 20:16:00.000000001,20.2667,34.765,6.7094,6.7094,63.762,6.2721,6.1668,1.733,0.5079
2026-01-01 20:16:59.999999998,20.2833,34.742,6.7648,6.7648,64.509,6.2612,5.9193,1.7757,0.5289
2026-01-01 20:18:00.000000000,20.3,34.793,6.7291,6.7291,64.421,6.1583,5.927,1.7653,0.4752
2026-01-01 20:19:00.000000001,20.3167,34.918,6.7558,6.7558,62.75,6.2424,6.1269,1.6514,0.474
2026-01-01 20:19:59.999999998,20.3333,34.848,6.7604,6.7604,64.288,6.1695,6.1369,1.7478,0.5238
2026-01-01 20:21:00.000000000,20.35,34.914,6.7649,6.7649,64.597,6.1084,5.9833,1.7232,0.4737
2026-01-01 20:22:00.000000001,20.3667,34.869,6.7286,6.7286,64.658,6.1948,6.3223,1.7025,0.5168
2026-01-01 20:22:59.999999998,20.3833,34.886,6.7513,6.7513,64.204,6.2443,6.2047,1.6257,0.5011
2026-01-01 20:24:00.000000000,20.4,34.8,6.7859,6.7859,62.491,6.2958,5.9879,1.6396,0.4916
2026-01-01 20:25:00.000000001,20.4167,34.87,6.7866,6.7866,65.057,6.2718,5.9725,1.7005,0.5293
2026-01-01 20:25:59.999999998,20.4333,34.879,6.7719,6.7719,64.327,6.3383,6.0458,1.6477,0.5186
2026-01-01 20:27:00.000000000,20.45,34.812,6.7588,6.7588,62.999,6.193,6.0293,1.706,0.5056
2026-01-01 20:28:00.000000001,20.4667,34.868,6.7318,6.7318,63.295,6.2471,6.2666,1.7611,0.4569
2026-01-01 20:28:59.999999998,20.4833,34.867,6.7662,6.7662,64.073,6.4146,6.225,1.6985,0.5142
2026-01-01 20:30:00.000000000,20.5,34.81,6.7485,6.7485,64.396,6.1344,6.0816,1.7339,0.4786
2026-01-01 20:31:00.000000001,20.5167,34.779,6.7628,6.7628,63.425,6.2585,6.1772,1.6785,0.4956
2026-01-01 20:31:59.999999998,20.5333,34.775,6.7388,6.7388,64.44,6.2148,6.198,1.7491,0.5001
2026-01-01 20:33:00.000000000,20.55,34.837,6.7479,6.7479,62.31,6.2907,6.0824,1.7618,0.5379
2026-01-01 20:34:00.000000001,20.5667,34.847,6.7546,6.7546,62.874,6.2774,6.1332,1.6675,0.4949
2026-01-01 20:34:59.999999998,20.5833,34.79,6.7561,6.7561,62.022,6.3662,6.161,1.7032,0.4715
2026-01-01 20:36:00.000000000,20.6,34.829,6.761,6.761,62.92,6.3443,6.1442,1.6797,0.5294
2026-01-01 20:37:00.000000001,20.6167,34.855,6.7394,6.7394,64.81,6.2252,5.9533,1.7707,0.5145
2026-01-01 20:37:59.999999998,20.6333,34.856,6.7241,6.7241,65.215,6.2885,5.9676,1.7557,0.5153
2026-01-01 20:39:00.000000000,20.65,34.901,6.7833,6.7833,63.722,6.3414,6.0251,1.7472,0.5298
2026-01-01 20:40:00.000000001,20.6667,34.885,6.8005,6.8005,62.989,6.4064,5.9615,1.7455,0.5345
2026-01-01 20:40:59.999999998,20.6833,34.77,6.7596,6.7596,63.289,6.5477,5.8456,1.7703,0.4822
2026-01-01 20:42:00.000000000,20.7,34.902,6.7241,6.7241,63.811,6.4152,6.1671,1.7735,0.4722
2026-01-01 20:43:00.000000001,20.7167,34.79,6.7351,6.7351,62.149,6.2838,6.1168,1.7339,0.5168
2026-01-01 20:43:59.999999998,20.7333,34.867,6.7607,6.7607,62.908,6.3632,5.863,1.7291,0.4948
2026-01-01 20:45:00.000000000,20.75,34.817,6.7773,6.7773,64.481,6.3911,6.0269,1.7601,0.4966
2026-01-01 20:46:00.000000001,20.7667,34.791,6.7261,6.7261,62.464,6.3409,6.0345,1.7559,0.4776
2026-01-01 20:46:59.999999998,20.7833,34.72,6.7478,6.7478,62.669,6.426,6.0885,1.8706,0.5117
2026-01-01 20:48:00.000000000,20.8,34.8,6.7542,6.7542,63.247,6.2126,5.8981,1.7506,0.508
2026-01-01 20:49:00.000000001,20.8167,34.729,6.7675,6.7675,63.432,6.4444,5.8564,1.7865,0.4969
2026-01-01 20:49:59.999999998,20.8333,34.853,6.7433,6.7433,62.674,6.3679,6.1366,1.7976,0.4722
2026-01-01 20:51:00.000000000,20.85,34.879,6.7189,6.7189,63.204,6.4032,5.8276,1.8466,0.5242
2026-01-01 20:52:00.000000001,20.8667,34.762,6.7625,6.7625,63.598,6.5351,6.0219,1.7382,0.5051
2026-01-01 20:52:59.999999998,20.8833,34.815,6.7726,6.7726,64.651,6.3229,6.007,1.848,0.5224
2026-01-01 20:54:00.000000000,20.9,34.762,6.7484,6.7484,62.951,6.4516,6.0366,1.7759,0.4579
2026-01-01 20:55:00.000000001,20.9167,34.765,6.7582,6.7582,62.989,6.4992,6.0921,1.9106,0.5011
2026-01-01 20:55:59.999999998,20.9333,34.833,6.7405,6.7405,64.215,6.4553,6.2931,1.8059,0.4857
2026-01-01 20:57:00.000000000,20.95,34.791,6.7331,6.7331,62.524,6.3185,5.8125,1.7286,0.5007
2026-01-01 20:58:00.000000001,20.9667,34.878,6.7705,6.7705,61.875,6.5616,6.1831,1.7825,0.5189
2026-01-01 20:58:59.999999998,20.9833,34.765,6.7578,6.7578,63.107,6.4426,5.6739,1.8614,0.5074
2026-01-01 21:00:00.000000000,21.0,34.838,6.7598,6.7598,63.74,6.4232,6.2589,1.8009,0.5004
2026-01-01 21:01:00.000000001,21.0167,34.791,6.78,6.78,63.14,6.4466,5.7425,1.7962,0.5003
2026-01-01 21:01:59.999999998,21.0333,34.824,6.7289,6.7289,62.746,6.4468,6.4135,1.8374,0.4688
2026-01-01 21:03:00.000000000,21.05,34.76,6.739,6.739,61.638,6.3882,5.9887,1.7864,0.4819
2026-01-01 21:04:00.000000001,21.0667,34.779,6.7532,6.7532,62.724,6.5026,6.2399,1.7954,0.5224
2026-01-01 21:04:59.999999998,21.0833,34.774,6.7388,6.7388,63.731,6.4476,6.2081,1.761,0.4899
2026-01-01 21:06:00.000000000,21.1,34.736,6.7657,6.7657,61.731,6.5551,5.9791,1.897,0.5228
2026-01-01 21:07:00.000000001,21.1167,34.809,6.7463,6.7463,62.498,6.5488,5.9897,1.7517,0.5165
2026-01-01 21:07:59.999999998,21.1333,34.807,6.7303,6.7303,62.359,6.6434,5.9173,1.8236,0.5176
2026-01-01 21:09:00.000000000,21.15,34.803,6.7515,6.7515,62.086,6.5025,6.1601,1.8414,0.5067
2026-01-01 21:10:00.000000001,21.1667,34.848,6.7536,6.7536,62.818,6.4612,5.9776,1.819,0.4913
2026-01-01 21:10:59.999999998,21.1833,34.842,6.7689,6.7689,62.951,6.4139,5.9174,1.7593,0.497
2026-01-01 21:12:00.000000000,21.2,34.749,6.7581,6.7581,62.919,6.7129,6.12,1.7743,0.5128
2026-01-01 21:13:00.000000001,21.2167,34.785,6.7595,6.7595,61.769,6.5965,5.9039,1.8527,0.4575
2026-01-01 21:13:59.999999998,21.2333,34.734,6.7568,6.7568,61.211,6.4942,5.9883,1.7898,0.5249
2026-01-01 21:15:00.000000000,21.25,34.765,6.7467,6.7467,62.716,6.691,6.0528,1.7275,0.49
2026-01-01 21:16:00.000000001,21.2667,34.732,6.7362,6.7362,62.079,6.6701,5.9395,1.8528,0.4983
2026-01-01 21:16:59.999999998,21.2833,34.841,6.7563,6.7563,63.933,6.4596,5.9613,1.7921,0.4984
2026-01-01 21:18:00.000000000,21.3,34.777,6.744,6.744,63.95,6.5135,6.2644,1.8696,0.4992
2026-01-01 21:19:00.000000001,21.3167,34.746,6.7845,6.7845,64.014,6.5693,6.0027,1.8303,0.4737
2026-01-01 21:19:59.999999998,21.3333,34.816,6.7776,6.7776,61.65,6.5003,5.9785,1.8302,0.503
2026-01-01 21:21:00.000000000,21.35,34.646,6.7635,6.7635,62.838,6.5843,6.0053,1.8476,0.5119
2026-01-01 21:22:00.000000001,21.3667,34.652,6.7585,6.7585,63.06,6.655,6.0989,1.7903,0.4591
2026-01-01 21:22:59.999999998,21.3833,34.791,6.7492,6.7492,62.952,6.4943,5.8748,1.8083,0.474
2026-01-01 21:24:00.000000000,21.4,34.753,6.7259,6.7259,62.043,6.6337,6.0931,1.8389,0.5179
2026-01-01 21:25:00.000000001,21.4167,34.761,6.7469,6.7469,63.333,6.7099,6.0665,1.797,0.5142
2026-01-01 21:25:59.999999998,21.4333,34.681,6.7533,6.7533,62.293,6.6545,5.759,1.8922,0.506
2026-01-01 21:27:00.000000000,21.45,34.745,6.756,6.756,62.378,6.6225,6.2956,1.8435,0.4864
2026-01-01 21:28:00.000000001,21.4667,34.845,6.7609,6.7609,61.029,6.5813,6.2447,1.7887,0.5143
2026-01-01 21:28:59.999999998,21.4833,34.785,6.77,6.77,62.759,6.7073,5.9047,1.8356,0.4759
2026-01-01 21:30:00.000000000,21.5,34.751,6.7379,6.7379,62.02,6.5528,5.8555,1.8709,0.4973
2026-01-01 21:31:00.000000001,21.5167,34.719,6.7382,6.7382,62.585,6.6725,6.0572,1.8459,0.4739
2026-01-01 21:31:59.999999998,21.5333,34.72,6.781,6.781,62.387,6.6613,5.8083,1.8905,0.4968
2026-01-01 21:33:00.000000000,21.55,34.632,6.7675,6.7675,62.33,6.7554,6.226,1.9016,0.4794
2026-01-01 21:34:00.000000001,21.5667,34.751,6.7444,6.7444,62.136,6.6249,5.9502,1.9953,0.5151
2026-01-01 21:34:59.999999998,21.5833,34.779,6.7502,6.7502,62.788,6.6379,6.2629,1.9351,0.5087
2026-01-01 21:36:00.000000000,21.6,34.657,6.7504,6.7504,61.988,6.5846,5.8951,1.7981,0.4886
2026-01-01 21:37:00.000000001,21.6167,34.701,6.7532,6.7532,60.971,6.725,6.0011,1.8642,0.5218
2026-01-01 21:37:59.999999998,21.6333,34.676,6.7622,6.7622,62.579,6.6623,6.2072,1.8712,0.4809
2026-01-01 21:39:00.000000000,21.65,34.684,6.8036,6.8036,61.465,6.6335,5.9678,1.9157,0.4993
2026-01-01 21:40:00.000000001,21.6667,34.734,6.7568,6.7568,61.043,6.6473,6.0562,1.8426,0.4877
2026-01-01 21:40:59.999999998,21.6833,34.626,6.7664,6.7664,61.275,6.7578,6.1784,1.8651,0.5148
2026-01-01 21:42:00.000000000,21.7,34.76,6.7196,6.7196,62.31,6.6328,5.9303,1.8318,0.5129
2026-01-01 21:43:00.000000001,21.7167,34.767,6.7438,6.7438,61.997,6.6461,5.8236,1.8662,0.526
2026-01-01 21:43:59.999999998,21.7333,34.715,6.7782,6.7782,60.359,6.8051,5.7932,1.8705,0.5017
2026-01-01 21:45:00.000000000,21.75,34.603,6.7619,6.7619,61.751,6.7263,6.0987,1.8854,0.4408
2026-01-01 21:46:00.000000001,21.7667,34.677,6.6662,6.6662,62.986,6.8223,6.0686,1.8441,0.4914
2026-01-01 21:46:59.999999998,21.7833,34.787,6.7676,6.7676,61.682,6.7233,6.1687,1.9549,0.5313
2026-01-01 21:48:00.000000000,21.8,34.586,6.7927,6.7927,61.905,6.7582,5.9675,1.9318,0.4935
2026-01-01 21:49:00.000000001,21.8167,34.707,6.7146,6.7146,62.865,6.7771,5.7932,1.8381,0.4616
2026-01-01 21:49:59.999999998,21.8333,34.665,6.7851,6.7851,62.662,6.8818,5.6541,1.9142,0.509
2026-01-01 21:51:00.000000000,21.85,34.764,6.6994,6.6994,62.838,6.8815,6.4363,1.837,0.5105
2026-01-01 21:52:00.000000001,21.8667,34.689,6.7738,6.7738,59.798,6.8756,6.0843,1.9848,0.4855
2026-01-01 21:52:59.999999998,21.8833,34.743,6.7551,6.7551,63.399,6.7393,6.025,2.0007,0.4951
2026-01-01 21:54:00.000000000,21.9,34.75,6.7085,6.7085,62.518,6.7169,6.0454,1.9196,0.4831
2026-01-01 21:55:00.000000001,21.9167,34.813,6.7646,6.7646,63.976,6.863,5.7881,1.8822,0.5105
2026-01-01 21:55:59.999999998,21.9333,34.711,6.7789,6.7789,61.378,6.9185,5.8827,1.894,0.5011
2026-01-01 21:57:00.000000000,21.95,34.74,6.7633,6.7633,60.592,6.9077,6.2626,1.9069,0.4767
2026-01-01 21:58:00.000000001,21.9667,34.646,6.768,6.768,62.007,6.822,6.099,1.9266,0.4998
2026-01-01 21:58:59.999999998,21.9833,34.78,6.7482,6.7482,61.78,6.8855,5.8849,2.0029,0.4853
2026-01-01 22:00:00.000000000,22.0,34.682,6.7195,6.7195,62.523,6.8932,5.8146,1.9845,0.5292
2026-01-01 22:01:00.000000001,22.0167,34.692,6.7708,6.7708,62.86,6.8518,5.9204,1.9877,0.5179
2026-01-01 22:01:59.999999998,22.0333,34.719,6.7921,6.7921,61.931,6.8615,5.9496,1.9501,0.4976
2026-01-01 22:03:00.000000000,22.05,34.642,6.78,6.78,61.81,6.8603,6.3035,1.8863,0.5016
2026-01-01 22:04:00.000000001,22.0667,34.731,6.7178,6.7178,62.422,6.7958,5.967,1.9079,0.5203
2026-01-01 22:04:59.999999998,22.0833,34.768,6.7275,6.7275,61.801,6.8103,5.816,1.9518,0.4965
2026-01-01 22:06:00.000000000,22.1,34.734,6.7411,6.7411,61.737,6.8154,5.9848,1.8911,0.5152
2026-01-01 22:07:00.000000001,22.1167,34.64,6.7264,6.7264,62.842,6.7499,6.0325,1.9688,0.5295
2026-01-01 22:07:59.999999998,22.1333,34.714,6.7594,6.7594,63.024,6.8956,5.7999,1.9962,0.4902
2026-01-01 22:09:00.000000000,22.15,34.757,6.7667,6.7667,62.888,6.8873,6.0515,1.9857,0.5329
2026-01-01 22:10:00.000000001,22.1667,34.627,6.7304,6.7304,61.891,6.9578,6.1717,1.9861,0.5271
2026-01-01 22:10:59.999999998,22.1833,34.667,6.7748,6.7748,60.319,7.0041,6.0103,1.8699,0.505
2026-01-01 22:12:00.000000000,22.2,34.765,6.7716,6.7716,61.918,7.0156,5.8691,2.0323,0.4911
2026-01-01 22:13:00.000000001,22.2167,34.735,6.7488,6.7488,61.437,7.0295,5.9085,1.8897,0.5047
2026-01-01 22:13:59.999999998,22.2333,34.743,6.7566,6.7566,61.946,6.8618,5.7382,1.9629,0.4951
2026-01-01 22:15:00.000000000,22.25,34.815,6.7213,6.7213,61.521,6.8142,5.9661,2.0038,0.4841
2026-01-01 22:16:00.000000001,22.2667,34.746,6.754,6.754,62.049,7.0096,6.032,1.9933,0.5106
2026-01-01 22:16:59.999999998,22.2833,34.756,6.761,6.761,61.243,7.0521,5.8501,1.9139,0.4795
2026-01-01 22:18:00.000000000,22.3,34.86,6.7645,6.7645,61.058,7.0724,6.2747,1.9253,0.4932
2026-01-01 22:19:00.000000001,22.3167,34.714,6.769,6.769,63.07,6.9932,6.1018,1.997,0.4935
2026-01-01 22:19:59.999999998,22.3333,34.686,6.7666,6.7666,61.326,6.8011,5.7132,2.0106,0.4727
2026-01-01 22:21:00.000000000,22.35,34.748,6.7567,6.7567,62.113,6.9964,5.7155,1.9322,0.5132
2026-01-01 22:22:00.000000001,22.3667,34.749,6.768,6.768,62.887,7.018,5.8329,2.0096,0.4954
2026-01-01 22:22:59.999999998,22.3833,34.702,6.7826,6.7826,62.866,7.0802,6.2156,1.9166,0.526
2026-01-01 22:24:00.000000000,22.4,34.677,6.7609,6.7609,62.783,7.1008,6.1125,2.0261,0.4951
2026-01-01 22:25:00.000000001,22.4167,34.845,6.7695,6.7695,62.402,7.0657,6.2216,1.9531,0.4919
2026-01-01 22:25:59.999999998,22.4333,34.747,6.7597,6.7597,62.751,6.9524,5.9787,2.0038,0.4819
2026-01-01 22:27:00.000000000,22.45,34.695,6.7508,6.7508,63.284,6.9235,5.945,1.9979,0.5008
2026-01-01 22:28:00.000000001,22.4667,34.779,6.7745,6.7745,62.539,7.055,5.7885,2.0627,0.5009
2026-01-01 22:28:59.999999998,22.4833,34.729,6.7532,6.7532,60.744,6.9554,6.0272,2.0192,0.5148
2026-01-01 22:30:00.000000000,22.5,34.723,6.7724,6.7724,61.806,7.1433,5.9445,1.9796,0.5013
2026-01-01 22:31:00.000000001,22.5167,34.765,6.7655,6.7655,62.801,6.8954,5.9379,2.03,0.5419
2026-01-01 22:31:59.999999998,22.5333,34.673,6.7592,6.7592,61.758,7.0836,6.215,2.1216,0.5091
2026-01-01 22:33:00.000000000,22.55,34.757,6.759,6.759,63.572,7.0703,5.9526,2.054,0.4803
2026-01-01 22:34:00.000000001,22.5667,34.836,6.7557,6.7557,62.242,7.0347,6.1704,2.0165,0.4786
2026-01-01 22:34:59.999999998,22.5833,34.765,6.7333,6.7333,62.378,6.9838,5.7317,1.9803,0.5107
2026-01-01 22:36:00.000000000,22.6,34.725,6.7742,6.7742,63.227,6.8993,6.3723,1.9936,0.4796
2026-01-01 22:37:00.000000001,22.6167,34.719,6.7715,6.7715,62.199,7.0283,5.9123,2.0609,0.5119
2026-01-01 22:37:59.999999998,22.6333,34.726,6.7842,6.7842,62.505,7.0362,6.0736,1.9851,0.5179
2026-01-01 22:39:00.000000000,22.65,34.735,6.7569,6.7569,63.102,7.1728,6.0966,2.032,0.5184
2026-01-01 22:40:00.000000001,22.6667,34.731,6.8058,6.8058,61.224,7.0278,5.8913,2.1062,0.4826
2026-01-01 22:40:59.999999998,22.6833,34.797,6.7606,6.7606,62.194,7.1332,6.0879,2.0444,0.5184
2026-01-01 22:42:00.000000000,22.7,34.666,6.751,6.751,63.105,7.0001,6.0949,1.9854,0.5065
2026-01-01 22:43:00.000000001,22.7167,34.798,6.749,6.749,62.515,7.1485,5.8565,2.1507,0.4878
2026-01-01 22:43:59.999999998,22.7333,34.738,6.7345,6.7345,63.658,6.9376,5.8575,2.1324,0.4968
2026-01-01 22:45:00.000000000,22.75,34.778,6.8002,6.8002,61.245,7.2908,5.9687,2.0719,0.5094
2026-01-01 22:46:00.000000001,22.7667,34.704,6.7973,6.7973,61.176,7.1185,5.9437,2.1131,0.4865
2026-01-01 22:46:59.999999998,22.7833,34.829,6.7823,6.7823,63.166,6.9128,6.1692,2.0385,0.506
2026-01-01 22:48:00.000000000,22.8,34.827,6.7527,6.7527,63.266,7.0855,6.0649,2.0905,0.5289
2026-01-01 22:49:00.000000001,22.8167,34.815,6.8072,6.8072,62.442,7.0795,5.9481,2.0356,0.5193
2026-01-01 22:49:59.999999998,22.8333,34.693,6.7643,6.7643,62.94,7.1037,6.0488,1.9916,0.5016
2026-01-01 22:51:00.000000000,22.85,34.812,6.7663,6.7663,63.24,7.1336,5.6501,2.1914,0.5047
2026-01-01 22:52:00.000000001,22.8667,34.793,6.8008,6.8008,62.017,7.1163,5.864,1.994,0.4892
2026-01-01 22:52:59.999999998,22.8833,34.695,6.7856,6.7856,62.128,7.1106,5.9986,2.0817,0.4898
2026-01-01 22:54:00.000000000,22.9,34.777,6.8168,6.8168,62.871,7.0899,6.122,2.0837,0.4693
2026-01-01 22:55:00.000000001,22.9167,34.798,6.7781,6.7781,63.468,7.2549,5.9838,2.0977,0.505
2026-01-01 22:55:59.999999998,22.9333,34.81,6.7656,6.7656,61.838,7.2919,6.1718,2.0699,0.5136
2026-01-01 22:57:00.000000000,22.95,34.794,6.7616,6.7616,62.639,7.1821,6.0825,2.073,0.4986
2026-01-01 22:58:00.000000001,22.9667,34.802,6.7373,6.7373,62.628,7.2077,5.8782,2.0864,0.4825
2026-01-01 22:58:59.999999998,22.9833,34.864,6.7691,6.7691,63.185,7.1257,5.9297,2.106,0.5013
2026-01-01 23:00:00.000000000,23.0,34.854,6.7979,6.7979,62.872,7.2281,6.0112,2.0844,0.5268
2026-01-01 23:01:00.000000001,23.0167,34.652,6.7874,6.7874,62.47,7.2475,5.8818,2.0836,0.518
2026-01-01 23:01:59.999999998,23.0333,34.782,6.7762,6.7762,63.934,7.2182,6.178,2.0235,0.4994
2026-01-01 23:03:00.000000000,23.05,34.792,6.7562,6.7562,62.532,7.2741,5.7812,2.1928,0.5409
2026-01-01 23:04:00.000000001,23.0667,34.715,6.7811,6.7811,62.759,7.2738,5.9942,2.1215,0.554
2026-01-01 23:04:59.999999998,23.0833,34.811,6.7972,6.7972,61.749,7.1715,6.0563,2.1077,0.4904
2026-01-01 23:06:00.000000000,23.1,34.871,6.7859,6.7859,62.481,7.358,5.8982,2.0685,0.4951
2026-01-01 23:07:00.000000001,23.1167,34.757,6.781,6.781,63.495,7.2526,5.8636,2.0521,0.5139
2026-01-01 23:07:59.999999998,23.1333,34.831,6.7621,6.7621,63.369,7.41,5.9322,2.1478,0.4817
2026-01-01 23:09:00.000000000,23.15,34.771,6.7958,6.7958,63.622,7.3163,6.0646,2.0994,0.517
2026-01-01 23:10:00.000000001,23.1667,34.787,6.7162,6.7162,63.615,7.447,5.8671,2.141,0.502
2026-01-01 23:10:59.999999998,23.1833,34.897,6.7869,6.7869,64.875,7.3901,5.7809,2.0449,0.5074
2026-01-01 23:12:00.000000000,23.2,34.799,6.8311,6.8311,62.638,7.321,6.113,2.1924,0.4885
2026-01-01 23:13:00.000000001,23.2167,34.852,6.7499,6.7499,61.973,7.2517,5.9996,2.1627,0.4842
2026-01-01 23:13:59.999999998,23.2333,34.739,6.7756,6.7756,62.46,7.2602,6.0901,2.1161,0.4603
2026-01-01 23:15:00.000000000,23.25,34.929,6.7807,6.7807,62.77,7.3657,6.052,2.1461,0.5297
2026-01-01 23:16:00.000000001,23.2667,34.869,6.772,6.772,62.587,7.3413,6.2643,2.1624,0.5188
2026-01-01 23:16:59.999999998,23.2833,34.833,6.8024,6.8024,63.474,7.2895,6.1038,2.0611,0.5135
2026-01-01 23:18:00.000000000,23.3,34.874,6.7915,6.7915,64.435,7.41,5.8272,2.2144,0.507
2026-01-01 23:19:00.000000001,23.3167,34.778,6.7855,6.7855,64.698,7.3532,6.0055,2.1572,0.4539
2026-01-01 23:19:59.999999998,23.3333,34.911,6.7988,6.7988,63.903,7.424,5.8506,2.1004,0.485
2026-01-01 23:21:00.000000000,23.35,34.839,6.7836,6.7836,65.247,7.2857,5.8653,2.0834,0.4949
2026-01-01 23:22:00.000000001,23.3667,34.848,6.8473,6.8473,63.283,7.4504,5.7208,2.1901,0.4784
2026-01-01 23:22:59.999999998,23.3833,34.837,6.7872,6.7872,62.297,7.4173,5.889,2.1539,0.4661
2026-01-01 23:24:00.000000000,23.4,34.836,6.7885,6.7885,64.481,7.4799,6.0129,2.1701,0.4805
2026-01-01 23:25:00.000000001,23.4167,34.903,6.7508,6.7508,62.202,7.4691,5.9204,2.1499,0.501
2026-01-01 23:25:59.999999998,23.4333,34.885,6.7745,6.7745,63.104,7.3909,5.7646,2.101,0.501
2026-01-01 23:27:00.000000000,23.45,34.908,6.8087,6.8087,64.16,7.3913,5.7003,2.1791,0.5182
2026-01-01 23:28:00.000000001,23.4667,34.878,6.7595,6.7595,63.698,7.554,6.2448,2.1464,0.5413
2026-01-01 23:28:59.999999998,23.4833,34.908,6.7435,6.7435,63.663,7.3949,5.976,2.1578,0.5137
2026-01-01 23:30:00.000000000,23.5,34.865,6.7877,6.7877,62.907,7.4849,5.8028,2.2804,0.4965
2026-01-01 23:31:00.000000001,23.5167,35.001,6.8149,6.8149,63.88,7.4013,5.995,2.2076,0.536
2026-01-01 23:31:59.999999998,23.5333,34.815,6.7888,6.7888,64.728,7.2898,6.2533,2.213,0.4684
2026-01-01 23:33:00.000000000,23.55,34.96,6.7816,6.7816,63.978,7.3474,6.0172,2.3054,0.4584
2026-01-01 23:34:00.000000001,23.5667,34.969,6.7516,6.7516,63.334,7.4849,5.5053,2.1912,0.4823
2026-01-01 23:34:59.999999998,23.5833,34.861,6.7982,6.7982,63.038,7.5154,6.3204,2.1805,0.5162
2026-01-01 23:36:00.000000000,23.6,35.019,6.8028,6.8028,63.425,7.499,5.6444,2.1432,0.5034
2026-01-01 23:37:00.000000001,23.6167,34.961,6.7544,6.7544,64.424,7.5648,5.8902,2.1571,0.4774
2026-01-01 23:37:59.999999998,23.6333,34.964,6.8132,6.8132,64.423,7.5113,5.7503,2.08,0.4855
2026-01-01 23:39:00.000000000,23.65,34.92,6.8062,6.8062,63.545,7.4248,5.8085,2.2245,0.4752
2026-01-01 23:40:00.000000001,23.6667,34.912,6.814,6.814,62.455,7.5413,5.9614,2.1243,0.4752
2026-01-01 23:40:59.999999998,23.6833,34.916,6.8034,6.8034,64.598,7.5142,5.6073,2.2354,0.531
2026-01-01 23:42:00.000000000,23.7,34.95,6.8053,6.8053,63.581,7.4615,5.9037,2.1907,0.4971
2026-01-01 23:43:00.000000001,23.7167,35.004,6.803,6.803,64.889,7.5523,6.0886,2.2019,0.5354
2026-01-01 23:43:59.999999998,23.7333,34.947,6.8104,6.8104,63.771,7.5278,5.7892,2.196,0.4822
2026-01-01 23:45:00.000000000,23.75,34.896,6.7571,6.7571,63.624,7.4799,5.7064,2.2701,0.5098
2026-01-01 23:46:00.000000001,23.7667,34.987,6.7639,6.7639,64.576,7.521,5.8933,2.2639,0.5045
2026-01-01 23:46:59.999999998,23.7833,34.995,6.7796,6.7796,66.378,7.6553,5.8627,2.2046,0.5176
2026-01-01 23:48:00.000000000,23.8,34.986,6.7922,6.7922,65.13,7.6596,5.8234,2.1637,0.5051
2026-01-01 23:49:00.000000001,23.8167,34.994,6.803,6.803,64.678,7.5712,5.7337,2.2575,0.5197
2026-01-01 23:49:59.999999998,23.8333,34.947,6.8021,6.8021,64.896,7.5676,5.989,2.1652,0.5111
2026-01-01 23:51:00.000000000,23.85,34.918,6.8184,6.8184,63.246,7.4554,5.9997,2.1389,0.4782
2026-01-01 23:52:00.000000001,23.8667,34.925,6.8195,6.8195,63.789,7.7146,5.7498,2.2442,0.5147
2026-01-01 23:52:59.999999998,23.8833,34.891,6.7795,6.7795,62.717,7.6669,5.7698,2.2828,0.4979
2026-01-01 23:54:00.000000000,23.9,34.988,6.8022,6.8022,66.149,7.6511,5.9286,2.2043,0.4845
2026-01-01 23:55:00.000000001,23.9167,34.976,6.7809,6.7809,66.026,7.416,5.7626,2.2475,0.5139
2026-01-01 23:55:59.999999998,23.9333,34.962,6.7945,6.7945,65.157,7.6082,5.9334,2.2091,0.5184
2026-01-01 23:57:00.000000000,23.95,34.84,6.8051,6.8051,64.99,7.6018,6.1261,2.2686,0.4903
2026-01-01 23:58:00.000000001,23.9667,34.93,6.731,6.731,63.68,7.6736,5.8961,2.29,0.493
2026-01-01 23:58:59.999999998,23.9833,35.052,6.8478,6.8478,64.785,7.59,5.7223,2.2247,0.4723
2026-01-02 00:00:00.000000000,24.0,34.967,6.8113,6.8113,66.434,7.6145,5.9624,2.1892,0.4639
2026-01-02 00:01:00.000000001,24.0167,35.022,6.7885,6.7885,65.144,7.6896,5.8762,2.1704,0.4952
2026-01-02 00:01:59.999999998,24.0333,34.938,6.8394,6.8394,64.627,7.5852,5.8796,2.2922,0.5158
2026-01-02 00:03:00.000000000,24.05,35.084,6.7944,6.7944,63.711,7.6083,5.9726,2.1918,0.4885
2026-01-02 00:04:00.000000001,24.0667,35.008,6.8044,6.8044,66.261,7.6767,6.0042,2.2699,0.5286
2026-01-02 00:04:59.999999998,24.0833,35.034,6.7924,6.7924,65.14,7.7754,5.9052,2.2928,0.4959
2026-01-02 00:06:00.000000000,24.1,35.14,6.8357,6.8357,63.83,7.7401,5.89,2.2316,0.496
2026-01-02 00:07:00.000000001,24.1167,35.103,6.801,6.801,64.535,7.7685,6.2079,2.251,0.4942
2026-01-02 00:07:59.999999998,24.1333,35.016,6.8065,6.8065,64.292,7.6946,6.0777,2.312,0.5196
2026-01-02 00:09:00.000000000,24.15,35.006,6.828,6.828,65.247,7.8163,6.0219,2.2243,0.4808
2026-01-02 00:10:00.000000001,24.1667,35.023,6.8161,6.8161,65.557,7.5645,5.9158,2.222,0.4974
2026-01-02 00:10:59.999999998,24.1833,35.069,6.8037,6.8037,65.028,7.8727,5.7445,2.2584,0.4891
2026-01-02 00:12:00.000000000,24.2,35.042,6.8274,6.8274,66.091,7.8901,6.0637,2.3367,0.4888
2026-01-02 00:13:00.000000001,24.2167,35.031,6.8564,6.8564,65.571,7.7616,5.9155,2.3561,0.5007
2026-01-02 00:13:59.999999998,24.2333,35.128,6.8124,6.8124,66.397,7.7988,5.8065,2.2733,0.4977
2026-01-02 00:15:00.000000000,24.25,35.053,6.8089,6.8089,65.3,7.7363,5.8559,2.2453,0.521
2026-01-02 00:16:00.000000001,24.2667,35.177,6.8104,6.8104,68.06,7.7297,5.7467,2.3369,0.4998
2026-01-02 00:16:59.999999998,24.2833,35.071,6.8336,6.8336,65.211,7.7047,6.0495,2.2029,0.5111
2026-01-02 00:18:00.000000000,24.3,35.159,6.7958,6.7958,64.978,7.7568,5.9926,2.3015,0.5035
2026-01-02 00:19:00.000000001,24.3167,35.092,6.8027,6.8027,64.917,7.8124,5.9166,2.2896,0.5281
2026-01-02 00:19:59.999999998,24.3333,35.126,6.7779,6.7779,65.608,7.8087,5.8822,2.3592,0.494
2026-01-02 00:21:00.000000000,24.35,35.045,6.7854,6.7854,64.439,7.9412,5.7858,2.367,0.494
2026-01-02 00:22:00.000000001,24.3667,35.042,6.7992,6.7992,66.088,7.7974,5.5677,2.2529,0.5149
2026-01-02 00:22:59.999999998,24.3833,35.112,6.8088,6.8088,64.365,7.6775,5.6745,2.3111,0.4937
2026-01-02 00:24:00.000000000,24.4,35.142,6.8458,6.8458,66.056,7.9353,5.7743,2.2769,0.51
2026-01-02 00:25:00.000000001,24.4167,35.098,6.8215,6.8215,64.883,7.7132,5.751,2.2935,0.5468
2026-01-02 00:25:59.999999998,24.4333,35.035,6.793,6.793,65.696,7.7734,5.9276,2.3417,0.4804
2026-01-02 00:27:00.000000000,24.45,35.035,6.7971,6.7971,66.522,7.8471,6.0052,2.2969,0.5306
2026-01-02 00:28:00.000000001,24.4667,35.036,6.8396,6.8396,67.918,7.8659,5.8635,2.3261,0.4902
2026-01-02 00:28:59.999999998,24.4833,35.022,6.8351,6.8351,65.249,7.7241,6.0933,2.367,0.5268
2026-01-02 00:30:00.000000000,24.5,35.12,6.8135,6.8135,66.028,7.7873,5.7638,2.3976,0.5137
2026-01-02 00:31:00.000000001,24.5167,35.174,6.8045,6.8045,65.605,7.7358,5.8602,2.339,0.512
2026-01-02 00:31:59.999999998,24.5333,35.121,6.8363,6.8363,65.524,7.9112,5.8722,2.3332,0.497
2026-01-02 00:33:00.000000000,24.55,35.012,6.7943,6.7943,65.684,7.9634,6.0429,2.2747,0.495
2026-01-02 00:34:00.000000001,24.5667,35.119,6.8225,6.8225,66.951,7.7782,5.8942,2.4122,0.4856
2026-01-02 00:34:59.999999998,24.5833,35.124,6.8605,6.8605,65.936,7.9629,5.8976,2.3604,0.5001
2026-01-02 00:36:00.000000000,24.6,35.24,6.8196,6.8196,68.161,7.965,5.6287,2.3452,0.4963
2026-01-02 00:37:00.000000001,24.6167,35.066,6.8004,6.8004,66.73,7.845,5.7412,2.3454,0.5038
2026-01-02 00:37:59.999999998,24.6333,35.122,6.8245,6.8245,65.623,7.7464,6.0398,2.3619,0.4718
2026-01-02 00:39:00.000000000,24.65,35.23,6.8073,6.8073,66.172,7.8266,5.5634,2.3853,0.5005
2026-01-02 00:40:00.000000001,24.6667,35.171,6.7892,6.7892,65.859,7.8719,6.0754,2.3942,0.5253
2026-01-02 00:40:59.999999998,24.6833,35.18,6.8315,6.8315,67.174,8.0502,5.9482,2.4328,0.5189
2026-01-02 00:42:00.000000000,24.7,35.161,6.8403,6.8403,65.256,7.9247,5.7604,2.3671,0.5005
2026-01-02 00:43:00.000000001,24.7167,35.175,6.8121,6.8121,65.528,7.861,5.747,2.4455,0.5512
2026-01-02 00:43:59.999999998,24.7333,35.2,6.8112,6.8112,66.161,7.9606,6.1554,2.4134,0.4885
2026-01-02 00:45:00.000000000,24.75,35.124,6.7999,6.7999,67.213,7.8525,6.082,2.3603,0.4983
2026-01-02 00:46:00.000000001,24.7667,35.212,6.8165,6.8165,67.686,8.0047,5.8517,2.2828,0.471
2026-01-02 00:46:59.999999998,24.7833,35.102,6.8087,6.8087,67.836,7.8926,5.8891,2.3732,0.4919
2026-01-02 00:48:00.000000000,24.8,35.19,6.8001,6.8001,67.187,7.9116,5.7712,2.4496,0.5358
2026-01-02 00:49:00.000000001,24.8167,35.186,6.8586,6.8586,66.729,8.0156,5.8876,2.3357,0.4927
2026-01-02 00:49:59.999999998,24.8333,35.149,6.8305,6.8305,67.462,8.1329,5.7656,2.3814,0.4694
2026-01-02 00:51:00.000000000,24.85,35.182,6.833,6.833,65.942,8.1761,5.8542,2.3884,0.5174
2026-01-02 00:52:00.000000001,24.8667,35.155,6.8396,6.8396,65.412,7.9244,6.1368,2.43,0.5078
2026-01-02 00:52:59.999999998,24.8833,35.135,6.8377,6.8377,67.268,7.9673,5.8502,2.3663,0.5166
2026-01-02 00:54:00.000000000,24.9,35.174,6.8144,6.8144,66.144,8.0637,5.7066,2.345,0.4941
2026-01-02 00:55:00.000000001,24.9167,35.139,6.8285,6.8285,66.926,8.1233,5.6581,2.4198,0.4799
2026-01-02 00:55:59.999999998,24.9333,35.213,6.8181,6.8181,67.103,7.864,5.8815,2.357,0.4963
2026-01-02 00:57:00.000000000,24.95,35.142,6.8326,6.8326,67.235,8.0516,5.7475,2.3052,0.5111
2026-01-02 00:58:00.000000001,24.9667,35.238,6.8311,6.8311,67.815,8.013,5.8979,2.4918,0.4986
2026-01-02 00:58:59.999999998,24.9833,35.146,6.817,6.817,67.759,7.9055,5.6173,2.4489,0.5078
2026-01-02 01:00:00.000000000,25.0,35.179,6.7984,6.7984,67.277,7.9598,5.9631,2.4996,0.4893
2026-01-02 01:01:00.000000001,25.0167,35.179,6.8283,6.8283,66.795,8.0288,5.6998,2.4519,0.5085
2026-01-02 01:01:59.999999998,25.0333,35.279,6.8217,6.8217,67.262,8.0864,5.865,2.445,0.4999
2026-01-02 01:03:00.000000000,25.05,35.232,6.7883,6.7883,66.726,8.1698,5.8066,2.4323,0.4859
2026-01-02 01:04:00.000000001,25.0667,35.207,6.8366,6.8366,67.072,8.1249,6.1144,2.4074,0.5028
2026-01-02 01:04:59.999999998,25.0833,35.245,6.8462,6.8462,69.35,8.1798,5.8817,2.4451,0.4923
2026-01-02 01:06:00.000000000,25.1,35.117,6.8778,6.8778,67.427,8.1136,6.147,2.3947,0.5123
2026-01-02 01:07:00.000000001,25.1167,35.222,6.8198,6.8198,67.667,8.0626,5.9386,2.3718,0.5175
2026-01-02 01:07:59.999999998,25.1333,35.327,6.8172,6.8172,66.767,8.1118,6.0676,2.4115,0.51
2026-01-02 01:09:00.000000000,25.15,35.236,6.8061,6.8061,68.172,8.1896,5.8218,2.4955,0.4673
2026-01-02 01:10:00.000000001,25.1667,35.235,6.8329,6.8329,67.988,8.2241,5.9042,2.3721,0.4807
2026-01-02 01:10:59.999999998,25.1833,35.261,6.8331,6.8331,68.018,8.1372,6.0345,2.3758,0.4873
2026-01-02 01:12:00.000000000,25.2,35.28,6.8132,6.8132,67.599,8.0822,5.9867,2.469,0.4841
2026-01-02 01:13:00.000000001,25.2167,35.138,6.8262,6.8262,68.277,8.1909,5.9299,2.4216,0.4891
2026-01-02 01:13:59.999999998,25.2333,35.155,6.7905,6.7905,68.49,8.2098,5.8004,2.4695,0.5185
2026-01-02 01:15:00.000000000,25.25,35.252,6.849,6.849,67.721,8.2777,5.825,2.4976,0.514
2026-01-02 01:16:00.000000001,25.2667,35.207,6.8154,6.8154,67.424,8.1323,6.0188,2.474,0.4915
2026-01-02 01:16:59.999999998,25.2833,35.311,6.8304,6.8304,68.253,8.1408,6.0493,2.4222,0.5118
2026-01-02 01:18:00.000000000,25.3,35.231,6.8029,6.8029,66.835,8.2623,5.7578,2.5208,0.5066
2026-01-02 01:19:00.000000001,25.3167,35.152,6.8202,6.8202,67.004,8.1767,5.7344,2.4966,0.4993
2026-01-02 01:19:59.999999998,25.3333,35.187,6.8265,6.8265,67.555,8.1809,5.7097,2.4638,0.523
2026-01-02 01:21:00.000000000,25.35,35.115,6.8322,6.8322,66.224,8.3248,5.9691,2.4642,0.4868
2026-01-02 01:22:00.000000001,25.3667,35.242,6.8424,6.8424,68.299,8.1223,5.7045,2.4869,0.5011
2026-01-02 01:22:59.999999998,25.3833,35.246,6.8619,6.8619,66.885,8.4041,5.9658,2.4554,0.479
2026-01-02 01:24:00.000000000,25.4,35.235,6.8481,6.8481,67.296,8.1982,5.9243,2.3924,0.4799
2026-01-02 01:25:00.000000001,25.4167,35.312,6.853,6.853,67.52,8.3241,5.76,2.5143,0.4728
2026-01-02 01:25:59.999999998,25.4333,35.32,6.863,6.863,67.739,8.2537,6.0757,2.5142,0.4803
2026-01-02 01:27:00.000000000,25.45,35.252,6.8458,6.8458,67.45,8.2917,5.6211,2.3676,0.5017
2026-01-02 01:28:00.000000001,25.4667,35.156,6.834,6.834,67.687,8.2566,6.0886,2.511,0.494
2026-01-02 01:28:59.999999998,25.4833,35.294,6.8552,6.8552,67.709,8.3538,5.8868,2.5762,0.4946
2026-01-02 01:30:00.000000000,25.5,35.293,6.8568,6.8568,67.414,8.2651,5.5273,2.4349,0.494
2026-01-02 01:31:00.000000001,25.5167,35.281,6.8486,6.8486,67.168,8.2547,6.0764,2.4905,0.5355
2026-01-02 01:31:59.999999998,25.5333,35.316,6.8069,6.8069,68.666,8.4532,5.9827,2.488,0.4773
2026-01-02 01:33:00.000000000,25.55,35.21,6.8194,6.8194,66.131,8.3182,5.772,2.583,0.4751
2026-01-02 01:34:00.000000001,25.5667,35.37,6.8311,6.8311,67.663,8.2694,5.6908,2.559,0.4831
2026-01-02 01:34:59.999999998,25.5833,35.222,6.8525,6.8525,67.466,8.2119,5.5994,2.4619,0.4986
2026-01-02 01:36:00.000000000,25.6,35.309,6.8367,6.8367,68.188,8.488,6.1964,2.5258,0.5103
2026-01-02 01:37:00.000000001,25.6167,35.188,6.8602,6.8602,66.702,8.3024,5.6949,2.6268,0.5124
2026-01-02 01:37:59.999999998,25.6333,35.226,6.864,6.864,67.477,8.5191,5.6432,2.4834,0.5189
2026-01-02 01:39:00.000000000,25.65,35.35,6.862,6.862,67.805,8.3938,5.8722,2.5169,0.4978
2026-01-02 01:40:00.000000001,25.6667,35.261,6.8624,6.8624,68.754,8.381,5.5857,2.5461,0.4921
2026-01-02 01:40:59.999999998,25.6833,35.317,6.8178,6.8178,68.173,8.3908,5.6834,2.4928,0.5327
2026-01-02 01:42:00.000000000,25.7,35.288,6.8485,6.8485,66.97,8.5622,5.9792,2.6144,0.4443
2026-01-02 01:43:00.000000001,25.7167,35.271,6.827,6.827,67.536,8.2173,5.8989,2.5056,0.5013
2026-01-02 01:43:59.999999998,25.7333,35.345,6.8064,6.8064,68.643,8.4176,5.7706,2.4627,0.5086
2026-01-02 01:45:00.000000000,25.75,35.266,6.8339,6.8339,66.982,8.3869,5.8306,2.5088,0.5375
2026-01-02 01:46:00.000000001,25.7667,35.189,6.8664,6.8664,67.887,8.3988,5.7608,2.5707,0.4668
2026-01-02 01:46:59.999999998,25.7833,35.238,6.8494,6.8494,67.949,8.4356,5.8172,2.5011,0.4916
2026-01-02 01:48:00.000000000,25.8,35.306,6.8808,6.8808,67.654,8.4101,5.7115,2.559,0.4728
2026-01-02 01:49:00.000000001,25.8167,35.299,6.8443,6.8443,70.126,8.4542,5.7381,2.575,0.464
2026-01-02 01:49:59.999999998,25.8333,35.201,6.8899,6.8899,67.644,8.445,5.7328,2.4894,0.4959
2026-01-02 01:51:00.000000000,25.85,35.244,6.8448,6.8448,68.339,8.3496,5.7149,2.5246,0.5167
2026-01-02 01:52:00.000000001,25.8667,35.251,6.8419,6.8419,67.371,8.493,5.9797,2.5732,0.5241
2026-01-02 01:52:59.999999998,25.8833,35.262,6.8161,6.8161,68.41,8.5275,5.9379,2.5938,0.4894
2026-01-02 01:54:00.000000000,25.9,35.211,6.8641,6.8641,68.687,8.4347,5.6818,2.5347,0.5133
2026-01-02 01:55:00.000000001,25.9167,35.249,6.8321,6.8321,67.523,8.6353,5.6419,2.5722,0.496
2026-01-02 01:55:59.999999998,25.9333,35.244,6.8295,6.8295,67.952,8.6005,5.7967,2.5534,0.5111
2026-01-02 01:57:00.000000000,25.95,35.319,6.8683,6.8683,67.281,8.569,6.1429,2.607,0.5231
2026-01-02 01:58:00.000000001,25.9667,35.321,6.866,6.866,67.083,8.5759,5.6648,2.5995,0.4961
2026-01-02 01:58:59.999999998,25.9833,35.273,6.8657,6.8657,68.829,8.5196,5.7941,2.5578,0.5215
2026-01-02 02:00:00.000000000,26.0,35.26,6.8361,6.8361,67.557,8.6163,5.8309,2.6034,0.4757
2026-01-02 02:01:00.000000001,26.0167,35.287,6.8425,6.8425,66.069,8.6585,5.8006,2.5619,0.5131
2026-01-02 02:01:59.999999998,26.0333,35.239,6.8425,6.8425,69.411,8.6053,5.7475,2.6083,0.5207
2026-01-02 02:03:00.000000000,26.05,35.222,6.8596,6.8596,67.356,8.5029,5.9888,2.612,0.5186
2026-01-02 02:04:00.000000001,26.0667,35.232,6.8752,6.8752,67.799,8.5533,5.883,2.71,0.4763
2026-01-02 02:04:59.999999998,26.0833,35.247,6.8517,6.8517,69.306,8.6102,5.9411,2.5776,0.4959
2026-01-02 02:06:00.000000000,26.1,35.22,6.884,6.884,67.877,8.6393,5.9019,2.5904,0.506
2026-01-02 02:07:00.000000001,26.1167,35.286,6.8627,6.8627,67.857,8.5739,5.9469,2.5681,0.5089
2026-01-02 02:07:59.999999998,26.1333,35.314,6.8402,6.8402,67.001,8.5427,6.0498,2.5518,0.5023
2026-01-02 02:09:00.000000000,26.15,35.197,6.8617,6.8617,66.671,8.7227,6.0111,2.5837,0.5286
2026-01-02 02:10:00.000000001,26.1667,35.277,6.8794,6.8794,67.841,8.5181,6.1595,2.6427,0.4741
2026-01-02 02:10:59.999999998,26.1833,35.265,6.8855,6.8855,68.259,8.5366,5.9927,2.6494,0.4952
2026-01-02 02:12:00.000000000,26.2,35.292,6.8694,6.8694,68.207,8.5137,5.709,2.6303,0.4662
2026-01-02 02:13:00.000000001,26.2167,35.274,6.8464,6.8464,67.572,8.5523,5.9359,2.6038,0.5124
2026-01-02 02:13:59.999999998,26.2333,35.201,6.8417,6.8417,67.966,8.7355,5.9147,2.5969,0.5111
2026-01-02 02:15:00.000000000,26.25,35.21,6.8577,6.8577,66.473,8.7461,6.0955,2.5788,0.567
2026-01-02 02:16:00.000000001,26.2667,35.273,6.8798,6.8798,68.303,8.6457,5.6617,2.5998,0.5205
2026-01-02 02:16:59.999999998,26.2833,35.323,6.8552,6.8552,68.055,8.6993,5.8898,2.5659,0.5066
2026-01-02 02:18:00.000000000,26.3,35.16,6.8558,6.8558,69.496,8.6668,5.7033,2.7016,0.5051
2026-01-02 02:19:00.000000001,26.3167,35.287,6.8479,6.8479,67.914,8.5802,5.8816,2.7286,0.4937
2026-01-02 02:19:59.999999998,26.3333,35.328,6.8404,6.8404,67.144,8.861,5.7719,2.543,0.5026
2026-01-02 02:21:00.000000000,26.35,35.26,6.8439,6.8439,67.847,8.8015,5.8753,2.6573,0.5055
2026-01-02 02:22:00.000000001,26.3667,35.294,6.85,6.85,67.614,8.7279,5.5912,2.6595,0.4607
2026-01-02 02:22:59.999999998,26.3833,35.23,6.8818,6.8818,68.213,8.6391,5.9211,2.6593,0.5039
2026-01-02 02:24:00.000000000,26.4,35.259,6.8428,6.8428,67.875,8.6976,5.8323,2.6223,0.502
2026-01-02 02:25:00.000000001,26.4167,35.182,6.8487,6.8487,66.833,8.6682,5.8236,2.7061,0.5351
2026-01-02 02:25:59.999999998,26.4333,35.145,6.8305,6.8305,66.519,8.7394,6.0926,2.6785,0.4974
2026-01-02 02:27:00.000000000,26.45,35.308,6.8623,6.8623,68.025,8.7645,5.742,2.7128,0.4847
2026-01-02 02:28:00.000000001,26.4667,35.211,6.8754,6.8754,68.907,8.7205,5.8501,2.6273,0.5054
2026-01-02 02:28:59.999999998,26.4833,35.236,6.8807,6.8807,67.85,8.6395,5.8131,2.598,0.5015
2026-01-02 02:30:00.000000000,26.5,35.188,6.8524,6.8524,68.422,8.9344,5.8271,2.692,0.4974
2026-01-02 02:31:00.000000001,26.5167,35.186,6.8599,6.8599,68.567,8.7909,6.13,2.6252,0.4744
2026-01-02 02:31:59.999999998,26.5333,35.246,6.8454,6.8454,67.954,8.8166,5.8057,2.7291,0.4969
2026-01-02 02:33:00.000000000,26.55,35.217,6.8592,6.8592,67.073,8.7543,5.7103,2.5732,0.4884
2026-01-02 02:34:00.000000001,26.5667,35.271,6.855,6.855,67.864,8.6713,6.0754,2.6591,0.4957
2026-01-02 02:34:59.999999998,26.5833,35.274,6.85,6.85,68.656,8.7977,5.7479,2.6549,0.5146
2026-01-02 02:36:00.000000000,26.6,35.266,6.8517,6.8517,68.097,8.7866,5.5527,2.6721,0.4865
2026-01-02 02:37:00.000000001,26.6167,35.26,6.858,6.858,68.254,8.8773,5.6816,2.7049,0.4956
2026-01-02 02:37:59.999999998,26.6333,35.326,6.8432,6.8432,67.266,8.9011,5.6051,2.7147,0.5108
2026-01-02 02:39:00.000000000,26.65,35.192,6.8443,6.8443,67.456,8.8979,5.5215,2.7299,0.4946
2026-01-02 02:40:00.000000001,26.6667,35.241,6.8834,6.8834,67.503,8.9239,5.7363,2.7388,0.5522
2026-01-02 02:40:59.999999998,26.6833,35.299,6.9035,6.9035,67.537,8.9973,5.7796,2.6956,0.505
2026-01-02 02:42:00.000000000,26.7,35.304,6.8253,6.8253,68.492,8.8923,5.9666,2.8127,0.4752
2026-01-02 02:43:00.000000001,26.7167,35.169,6.8243,6.8243,65.659,8.9572,5.8832,2.7797,0.4832
2026-01-02 02:43:59.999999998,26.7333,35.223,6.8304,6.8304,67.54,8.917,5.8757,2.6978,0.4812
2026-01-02 02:45:00.000000000,26.75,35.305,6.8475,6.8475,67.431,8.7337,5.6535,2.7097,0.4835
2026-01-02 02:46:00.000000001,26.7667,35.26,6.8675,6.8675,66.375,8.8815,5.9196,2.703,0.5107
2026-01-02 02:46:59.999999998,26.7833,35.243,6.8615,6.8615,67.987,8.8326,5.9949,2.7409,0.4779
2026-01-02 02:48:00.000000000,26.8,35.221,6.8532,6.8532,66.847,8.9288,5.8447,2.6773,0.4934
2026-01-02 02:49:00.000000001,26.8167,35.211,6.8603,6.8603,67.118,8.8552,5.8483,2.6895,0.5229
2026-01-02 02:49:59.999999998,26.8333,35.243,6.836,6.836,68.859,8.9751,5.5945,2.6238,0.4896
2026-01-02 02:51:00.000000000,26.85,35.214,6.845,6.845,68.164,9.0133,5.9417,2.7153,0.5134
2026-01-02 02:52:00.000000001,26.8667,35.223,6.8495,6.8495,67.791,9.0394,6.05,2.7916,0.4663
2026-01-02 02:52:59.999999998,26.8833,35.228,6.8182,6.8182,67.611,9.0809,5.8307,2.7339,0.4926
2026-01-02 02:54:00.000000000,26.9,35.188,6.8267,6.8267,67.149,8.8255,5.6925,2.7398,0.4823
2026-01-02 02:55:00.000000001,26.9167,35.247,6.8275,6.8275,68.855,8.8719,5.7567,2.7617,0.506
2026-01-02 02:55:59.999999998,26.9333,35.365,6.8653,6.8653,67.871,9.2103,5.7173,2.7008,0.4793
2026-01-02 02:57:00.000000000,26.95,35.128,6.8549,6.8549,66.603,9.0651,5.7256,2.7553,0.5414
2026-01-02 02:58:00.000000001,26.9667,35.232,6.8622,6.8622,66.056,9.0106,5.8762,2.8017,0.4672
2026-01-02 02:58:59.999999998,26.9833,35.176,6.8132,6.8132,67.602,9.0035,5.8203,2.7757,0.5227
2026-01-02 03:00:00.000000000,27.0,35.241,6.8203,6.8203,67.077,9.0046,5.9283,2.8124,0.5176
2026-01-02 03:01:00.000000001,27.0167,35.213,6.8633,6.8633,65.95,8.8628,5.8327,2.8299,0.5062
2026-01-02 03:01:59.999999998,27.0333,35.247,6.7944,6.7944,67.408,8.964,5.6468,2.8029,0.5011
2026-01-02 03:03:00.000000000,27.05,35.266,6.8745,6.8745,66.821,9.0251,5.7007,2.7373,0.5371
2026-01-02 03:04:00.000000001,27.0667,35.215,6.8135,6.8135,67.432,8.9851,5.6907,2.7589,0.5494
2026-01-02 03:04:59.999999998,27.0833,35.26,6.8668,6.8668,67.331,9.0039,5.7465,2.8758,0.4959
2026-01-02 03:06:00.000000000,27.1,35.085,6.8322,6.8322,66.462,9.2637,6.043,2.7981,0.5032
2026-01-02 03:07:00.000000001,27.1167,35.28,6.8709,6.8709,67.425,9.0473,6.0664,2.7947,0.489
2026-01-02 03:07:59.999999998,27.1333,35.217,6.914,6.914,66.49,9.098,5.898,2.7458,0.4766
2026-01-02 03:09:00.000000000,27.15,35.251,6.8044,6.8044,66.511,9.1035,5.7897,2.7874,0.5093
2026-01-02 03:10:00.000000001,27.1667,35.134,6.8637,6.8637,66.4,9.1397,5.567,2.831,0.505
2026-01-02 03:10:59.999999998,27.1833,35.152,6.8136,6.8136,67.7,9.0627,5.8036,2.7991,0.4678
2026-01-02 03:12:00.000000000,27.2,35.199,6.8583,6.8583,66.539,9.209,5.6515,2.7755,0.5091
2026-01-02 03:13:00.000000001,27.2167,35.189,6.8455,6.8455,67.829,9.1531,6.0139,2.7903,0.5057
2026-01-02 03:13:59.999999998,27.2333,35.203,6.8522,6.8522,68.126,9.023,5.5278,2.8675,0.488
2026-01-02 03:15:00.000000000,27.25,35.241,6.8313,6.8313,66.076,9.1258,5.8257,2.8445,0.4867
2026-01-02 03:16:00.000000001,27.2667,35.097,6.8651,6.8651,64.297,9.129,5.6363,2.841,0.5085
2026-01-02 03:16:59.999999998,27.2833,35.232,6.8205,6.8205,67.436,9.1337,5.7654,2.8395,0.5322
2026-01-02 03:18:00.000000000,27.3,35.182,6.8742,6.8742,66.294,9.2004,5.8661,2.7615,0.508
2026-01-02 03:19:00.000000001,27.3167,35.17,6.8411,6.8411,65.841,9.2188,5.9188,2.8375,0.5156
2026-01-02 03:19:59.999999998,27.3333,35.105,6.8212,6.8212,66.029,9.2178,5.7558,2.8805,0.4834
2026-01-02 03:21:00.000000000,27.35,35.202,6.8811,6.8811,66.134,9.2121,5.8784,2.8172,0.4917
2026-01-02 03:22:00.000000001,27.3667,35.055,6.8477,6.8477,67.469,9.2003,5.6642,2.8824,0.5122
2026-01-02 03:22:59.999999998,27.3833,35.206,6.8871,6.8871,66.525,9.0298,5.7998,2.864,0.4728
2026-01-02 03:24:00.000000000,27.4,35.098,6.8733,6.8733,67.389,9.2726,5.9127,2.8813,0.5041
2026-01-02 03:25:00.000000001,27.4167,35.173,6.8329,6.8329,66.722,9.2579,5.8115,2.8457,0.5099
2026-01-02 03:25:59.999999998,27.4333,35.163,6.847,6.847,66.044,9.1485,5.6816,2.8907,0.4992
2026-01-02 03:27:00.000000000,27.45,35.226,6.851,6.851,65.944,9.2582,5.7186,2.7764,0.5064
2026-01-02 03:28:00.000000001,27.4667,35.157,6.879,6.879,66.669,9.2961,5.9121,2.8545,0.5012
2026-01-02 03:28:59.999999998,27.4833,35.13,6.8572,6.8572,66.841,9.3465,5.5954,2.8917,0.4876
2026-01-02 03:30:00.000000000,27.5,35.138,6.8518,6.8518,66.945,9.3021,5.6169,2.8741,0.4764
2026-01-02 03:31:00.000000001,27.5167,35.225,6.8442,6.8442,65.902,9.2955,5.8481,2.9173,0.4982
2026-01-02 03:31:59.999999998,27.5333,35.187,6.8471,6.8471,66.215,9.3541,5.6914,2.8579,0.5261
2026-01-02 03:33:00.000000000,27.55,35.139,6.874,6.874,66.506,9.2624,5.5387,2.8416,0.5205
2026-01-02 03:34:00.000000001,27.5667,35.145,6.8479,6.8479,65.694,9.3284,5.9586,2.7903,0.4931
2026-01-02 03:34:59.999999998,27.5833,35.078,6.8398,6.8398,65.056,9.2543,5.5904,2.8619,0.4927
2026-01-02 03:36:00.000000000,27.6,35.174,6.8363,6.8363,65.282,9.4013,5.7248,2.9046,0.4912
2026-01-02 03:37:00.000000001,27.6167,35.065,6.8363,6.8363,65.697,9.1923,5.6612,2.9201,0.4912
2026-01-02 03:37:59.999999998,27.6333,35.189,6.8192,6.8192,66.382,9.395,5.7088,2.8153,0.5058
2026-01-02 03:39:00.000000000,27.65,35.157,6.8321,6.8321,66.822,9.3396,5.6202,2.9473,0.5211
2026-01-02 03:40:00.000000001,27.6667,35.269,6.877,6.877,64.692,9.424,5.8594,2.8431,0.5453
2026-01-02 03:40:59.999999998,27.6833,35.093,6.8427,6.8427,65.261,9.293,5.7682,2.889,0.4834
2026-01-02 03:42:00.000000000,27.7,35.142,6.8608,6.8608,65.414,9.3712,5.8985,2.8699,0.513
2026-01-02 03:43:00.000000001,27.7167,35.236,6.7969,6.7969,66.298,9.3775,5.659,2.9225,0.5108
2026-01-02 03:43:59.999999998,27.7333,35.204,6.8577,6.8577,65.201,9.416,6.0697,2.9096,0.4934
2026-01-02 03:45:00.000000000,27.75,35.109,6.843,6.843,65.241,9.3061,5.4634,2.9421,0.4795
2026-01-02 03:46:00.000000001,27.7667,35.153,6.8364,6.8364,64.417,9.4494,5.5107,3.0036,0.5055
2026-01-02 03:46:59.999999998,27.7833,35.141,6.8495,6.8495,65.895,9.2595,6.0108,2.9346,0.5424
2026-01-02 03:48:00.000000000,27.8,35.154,6.8358,6.8358,65.34,9.3624,5.8183,2.8892,0.5054
2026-01-02 03:49:00.000000001,27.8167,35.104,6.803,6.803,64.907,9.2995,5.7978,2.9444,0.4843
2026-01-02 03:49:59.999999998,27.8333,35.134,6.8638,6.8638,65.184,9.4994,5.8107,3.0219,0.4969
2026-01-02 03:51:00.000000000,27.85,35.057,6.85,6.85,66.254,9.4739,5.831,2.9607,0.4772
2026-01-02 03:52:00.000000001,27.8667,35.143,6.8387,6.8387,64.51,9.487,5.7897,2.9785,0.5004
2026-01-02 03:52:59.999999998,27.8833,35.158,6.8254,6.8254,64.601,9.5771,5.5992,2.8548,0.5137
2026-01-02 03:54:00.000000000,27.9,35.123,6.8152,6.8152,66.237,9.4427,5.8662,2.9572,0.4861
2026-01-02 03:55:00.000000001,27.9167,35.053,6.8488,6.8488,65.257,9.5254,5.842,2.9277,0.4349
2026-01-02 03:55:59.999999998,27.9333,35.182,6.8764,6.8764,65.693,9.4907,5.9565,2.9104,0.5055
2026-01-02 03:57:00.000000000,27.95,35.15,6.848,6.848,65.439,9.4873,6.0063,2.9467,0.49
2026-01-02 03:58:00.000000001,27.9667,35.095,6.8161,6.8161,65.05,9.6074,5.7906,2.9565,0.485
2026-01-02 03:58:59.999999998,27.9833,35.117,6.848,6.848,64.761,9.6782,5.5563,2.9232,0.4848
2026-01-02 04:00:00.000000000,28.0,35.055,6.8422,6.8422,65.665,9.4859,6.0057,2.9672,0.508
2026-01-02 04:01:00.000000001,28.0167,35.078,6.8604,6.8604,65.891,9.5959,5.5865,2.9524,0.4918
2026-01-02 04:01:59.999999998,28.0333,35.102,6.855,6.855,65.789,9.5635,5.7893,2.9995,0.5186
2026-01-02 04:03:00.000000000,28.05,35.19,6.7829,6.7829,63.934,9.5732,5.6994,2.9791,0.519
2026-01-02 04:04:00.000000001,28.0667,35.096,6.8533,6.8533,65.887,9.5753,5.6727,2.9899,0.4946
2026-01-02 04:04:59.999999998,28.0833,35.159,6.8221,6.8221,64.517,9.5376,5.8514,3.0234,0.4896
2026-01-02 04:06:00.000000000,28.1,35.1,6.8135,6.8135,64.161,9.2863,5.7728,3.0055,0.5026
2026-01-02 04:07:00.000000001,28.1167,35.139,6.8379,6.8379,64.59,9.7047,5.8125,2.9808,0.4971
2026-01-02 04:07:59.999999998,28.1333,35.119,6.8497,6.8497,65.351,9.5351,5.6125,2.8801,0.4649
2026-01-02 04:09:00.000000000,28.15,35.169,6.8084,6.8084,65.08,9.5802,5.7082,3.0135,0.5383
2026-01-02 04:10:00.000000001,28.1667,35.098,6.855,6.855,64.404,9.5907,5.6182,2.9456,0.5143
2026-01-02 04:10:59.999999998,28.1833,35.046,6.856,6.856,65.24,9.5545,5.7032,2.9902,0.4907
2026-01-02 04:12:00.000000000,28.2,35.056,6.8414,6.8414,64.643,9.6452,5.7146,3.0164,0.4617
2026-01-02 04:13:00.000000001,28.2167,35.098,6.8228,6.8228,64.034,9.6313,6.0085,3.0679,0.4964
2026-01-02 04:13:59.999999998,28.2333,35.062,6.8203,6.8203,63.887,9.5864,5.6923,3.0967,0.4882
2026-01-02 04:15:00.000000000,28.25,35.145,6.8602,6.8602,64.743,9.6646,5.4118,2.9619,0.4988
2026-01-02 04:16:00.000000001,28.2667,35.101,6.8092,6.8092,64.31,9.6588,5.9393,2.9456,0.4567
2026-01-02 04:16:59.999999998,28.2833,35.243,6.8604,6.8604,63.238,9.7446,5.7968,3.031,0.4906
2026-01-02 04:18:00.000000000,28.3,35.037,6.8356,6.8356,64.977,9.572,5.7091,3.0302,0.4918
2026-01-02 04:19:00.000000001,28.3167,35.134,6.8367,6.8367,63.877,9.6237,5.6626,2.9614,0.4962
2026-01-02 04:19:59.999999998,28.3333,35.068,6.8041,6.8041,65.497,9.7551,5.5855,3.0241,0.4953
2026-01-02 04:21:00.000000000,28.35,35.1,6.8351,6.8351,63.063,9.6548,6.0177,3.0581,0.501
2026-01-02 04:22:00.000000001,28.3667,35.132,6.85,6.85,64.003,9.6427,5.7341,2.9702,0.5304
2026-01-02 04:22:59.999999998,28.3833,35.008,6.8107,6.8107,63.55,9.6766,5.4651,2.9853,0.4897
2026-01-02 04:24:00.000000000,28.4,35.137,6.8471,6.8471,63.293,9.7247,5.7743,3.0062,0.4818
2026-01-02 04:25:00.000000001,28.4167,35.22,6.8386,6.8386,63.646,9.734,5.9055,3.0312,0.4655
2026-01-02 04:25:59.999999998,28.4333,35.103,6.8237,6.8237,65.415,9.7339,5.7474,3.08,0.4898
2026-01-02 04:27:00.000000000,28.45,35.139,6.8534,6.8534,64.076,9.6774,5.5881,3.0324,0.472
2026-01-02 04:28:00.000000001,28.4667,35.177,6.7919,6.7919,63.292,9.8305,5.5741,3.0549,0.5192
2026-01-02 04:28:59.999999998,28.4833,35.118,6.8426,6.8426,62.425,9.8837,5.5845,3.1678,0.4981
2026-01-02 04:30:00.000000000,28.5,35.098,6.8677,6.8677,62.475,9.6337,5.9498,3.0111,0.5188
2026-01-02 04:31:00.000000001,28.5167,35.014,6.8638,6.8638,63.387,9.6713,5.7102,3.0297,0.5293
2026-01-02 04:31:59.999999998,28.5333,35.16,6.8425,6.8425,63.273,9.8848,5.4685,3.0997,0.4827
2026-01-02 04:33:00.000000000,28.55,35.123,6.8284,6.8284,63.565,9.9392,5.7773,3.1186,0.4931
2026-01-02 04:34:00.000000001,28.5667,35.079,6.8214,6.8214,61.891,9.6523,5.7403,3.0933,0.5266
2026-01-02 04:34:59.999999998,28.5833,35.137,6.8277,6.8277,63.6,9.8969,5.6512,3.1665,0.5038
2026-01-02 04:36:00.000000000,28.6,35.102,6.8443,6.8443,64.46,9.9717,5.5649,3.0953,0.5104
2026-01-02 04:37:00.000000001,28.6167,35.105,6.817,6.817,64.901,9.7807,5.5577,2.9841,0.5207
2026-01-02 04:37:59.999999998,28.6333,35.163,6.848,6.848,62.053,9.9851,5.8797,3.0912,0.5179
2026-01-02 04:39:00.000000000,28.65,35.066,6.8751,6.8751,62.893,9.8536,5.7533,3.0612,0.5082
2026-01-02 04:40:00.000000001,28.6667,35.187,6.8309,6.8309,62.817,9.9021,5.7873,3.1624,0.5279
2026-01-02 04:40:59.999999998,28.6833,35.065,6.8049,6.8049,63.583,9.8285,5.7517,3.1449,0.4986
2026-01-02 04:42:00.000000000,28.7,35.103,6.8046,6.8046,62.457,9.9752,5.7635,3.0207,0.5104
2026-01-02 04:43:00.000000001,28.7167,35.233,6.8467,6.8467,64.745,9.971,5.6435,3.1711,0.4965
2026-01-02 04:43:59.999999998,28.7333,35.194,6.8296,6.8296,63.401,10.0513,5.6823,3.154,0.5204
2026-01-02 04:45:00.000000000,28.75,35.144,6.848,6.848,63.235,10.0377,5.8873,3.0943,0.486
2026-01-02 04:46:00.000000001,28.7667,35.093,6.8194,6.8194,64.575,9.9308,5.9242,3.1101,0.4663
2026-01-02 04:46:59.999999998,28.7833,35.115,6.8464,6.8464,63.256,10.1894,5.5281,3.1871,0.5131
2026-01-02 04:48:00.000000000,28.8,35.146,6.8262,6.8262,63.557,10.0579,5.6795,3.0224,0.4796
2026-01-02 04:49:00.000000001,28.8167,35.146,6.8144,6.8144,62.604,10.0022,5.8361,3.1467,0.4776
2026-01-02 04:49:59.999999998,28.8333,35.141,6.8207,6.8207,62.077,9.8884,5.9919,3.1826,0.5253
2026-01-02 04:51:00.000000000,28.85,35.145,6.8044,6.8044,62.654,9.855,5.9763,3.127,0.5193
2026-01-02 04:52:00.000000001,28.8667,35.137,6.8677,6.8677,64.862,9.871,5.5891,3.1673,0.4931
2026-01-02 04:52:59.999999998,28.8833,35.077,6.8257,6.8257,63.588,9.9211,5.8991,3.1435,0.4391
2026-01-02 04:54:00.000000000,28.9,35.125,6.8401,6.8401,63.271,10.1151,5.716,3.1027,0.5107
2026-01-02 04:55:00.000000001,28.9167,35.198,6.8161,6.8161,62.241,10.0531,5.8633,3.1049,0.5133
2026-01-02 04:55:59.999999998,28.9333,35.085,6.8055,6.8055,63.722,9.9743,5.8243,3.1845,0.5103
2026-01-02 04:57:00.000000000,28.95,35.146,6.8214,6.8214,61.877,10.0217,5.5159,3.1206,0.5094
2026-01-02 04:58:00.000000001,28.9667,35.116,6.8478,6.8478,61.681,10.0212,5.7874,3.0797,0.4964
2026-01-02 04:58:59.999999998,28.9833,35.164,6.815,6.815,62.46,10.1151,5.8552,3.1655,0.4918
2026-01-02 05:00:00.000000000,29.0,35.14,6.8076,6.8076,64.442,9.99,5.7007,3.1373,0.4779
2026-01-02 05:01:00.000000001,29.0167,35.235,6.8277,6.8277,64.369,10.0975,5.6662,3.1065,0.4861
2026-01-02 05:01:59.999999998,29.0333,35.189,6.8342,6.8342,62.463,10.1028,5.4668,3.1735,0.5064
2026-01-02 05:03:00.000000000,29.05,35.099,6.8567,6.8567,62.258,10.0201,5.8045,3.2118,0.5068
2026-01-02 05:04:00.000000001,29.0667,35.2,6.8305,6.8305,61.458,10.2244,5.7327,3.178,0.5158
2026-01-02 05:04:59.999999998,29.0833,35.13,6.836,6.836,62.807,10.083,5.5625,3.1272,0.4719
2026-01-02 05:06:00.000000000,29.1,35.142,6.8371,6.8371,62.848,10.0365,5.6513,3.2081,0.4668
2026-01-02 05:07:00.000000001,29.1167,35.188,6.7992,6.7992,63.325,10.1934,5.7228,3.2393,0.4924
2026-01-02 05:07:59.999999998,29.1333,35.15,6.8027,6.8027,63.397,10.1389,5.6152,3.3018,0.4796
2026-01-02 05:09:00.000000000,29.15,35.221,6.7998,6.7998,62.486,10.1765,5.6989,3.2667,0.5037
2026-01-02 05:10:00.000000001,29.1667,35.139,6.7945,6.7945,63.065,10.0584,5.4354,3.1479,0.4738
2026-01-02 05:10:59.999999998,29.1833,35.149,6.8366,6.8366,62.036,10.2274,5.8997,3.2446,0.5236
2026-01-02 05:12:00.000000000,29.2,35.149,6.8261,6.8261,63.003,10.3456,5.6991,3.2181,0.4836
2026-01-02 05:13:00.000000001,29.2167,35.156,6.8215,6.8215,62.144,10.0801,5.5312,3.1512,0.5319
2026-01-02 05:13:59.999999998,29.2333,35.241,6.7677,6.7677,62.895,10.2188,5.3266,3.2266,0.5105
2026-01-02 05:15:00.000000000,29.25,35.22,6.8602,6.8602,62.808,10.137,5.8493,3.3119,0.4789
2026-01-02 05:16:00.000000001,29.2667,35.276,6.8008,6.8008,62.539,10.4244,5.7781,3.2793,0.5419
2026-01-02 05:16:59.999999998,29.2833,35.306,6.8594,6.8594,63.098,10.3178,5.7254,3.1724,0.5053
2026-01-02 05:18:00.000000000,29.3,35.143,6.7889,6.7889,61.186,10.2506,5.8228,3.2273,0.5033
2026-01-02 05:19:00.000000001,29.3167,35.2,6.8013,6.8013,61.57,10.1392,5.8218,3.2548,0.4987
2026-01-02 05:19:59.999999998,29.3333,35.14,6.773,6.773,62.186,10.168,5.7212,3.1473,0.5093
2026-01-02 05:21:00.000000000,29.35,35.162,6.8239,6.8239,61.228,10.316,5.6534,3.1526,0.5105
2026-01-02 05:22:00.000000001,29.3667,35.172,6.7943,6.7943,62.038,10.1567,5.6284,3.2487,0.4827
2026-01-02 05:22:59.999999998,29.3833,35.153,6.7944,6.7944,62.045,10.1686,5.7535,3.2529,0.4957
2026-01-02 05:24:00.000000000,29.4,35.156,6.788,6.788,63.375,10.2853,5.8993,3.1562,0.5023
2026-01-02 05:25:00.000000001,29.4167,35.203,6.8306,6.8306,62.423,10.3047,5.6738,3.2711,0.5117
2026-01-02 05:25:59.999999998,29.4333,35.152,6.8288,6.8288,63.116,10.3339,5.9101,3.3097,0.512
2026-01-02 05:27:00.000000000,29.45,35.257,6.8504,6.8504,62.517,10.2779,5.744,3.248,0.5033
2026-01-02 05:28:00.000000001,29.4667,35.172,6.8001,6.8001,61.831,10.3961,5.7446,3.2655,0.489
2026-01-02 05:28:59.999999998,29.4833,35.36,6.8177,6.8177,62.351,10.2631,6.0477,3.2947,0.488
2026-01-02 05:30:00.000000000,29.5,35.2,6.7872,6.7872,62.812,10.3917,5.9342,3.2917,0.4762
2026-01-02 05:31:00.000000001,29.5167,35.228,6.8058,6.8058,63.168,10.3682,5.9376,3.19,0.5119
2026-01-02 05:31:59.999999998,29.5333,35.163,6.8017,6.8017,62.093,10.4087,5.5656,3.2318,0.4877
2026-01-02 05:33:00.000000000,29.55,35.315,6.821,6.821,60.867,10.4647,6.0134,3.2609,0.4962
2026-01-02 05:34:00.000000001,29.5667,35.288,6.8316,6.8316,60.798,10.3433,5.6717,3.2412,0.5048
2026-01-02 05:34:59.999999998,29.5833,35.25,6.8306,6.8306,61.898,10.3364,5.6494,3.3613,0.5001
2026-01-02 05:36:00.000000000,29.6,35.17,6.7935,6.7935,60.277,10.2637,5.359,3.3233,0.4999
2026-01-02 05:37:00.000000001,29.6167,35.25,6.8299,6.8299,63.571,10.2468,5.7313,3.2397,0.4819
2026-01-02 05:37:59.999999998,29.6333,35.186,6.8087,6.8087,62.601,10.4038,5.5193,3.2881,0.5054
2026-01-02 05:39:00.000000000,29.65,35.318,6.8026,6.8026,61.604,10.4188,5.7424,3.3589,0.4937
2026-01-02 05:40:00.000000001,29.6667,35.288,6.7945,6.7945,61.215,10.3501,5.5064,3.2738,0.4983
2026-01-02 05:40:59.999999998,29.6833,35.255,6.7971,6.7971,62.915,10.3769,5.9497,3.3523,0.5232
2026-01-02 05:42:00.000000000,29.7,35.131,6.8427,6.8427,61.192,10.5781,5.7622,3.3825,0.5101
2026-01-02 05:43:00.000000001,29.7167,35.206,6.8135,6.8135,61.259,10.5359,6.0209,3.3778,0.4886
2026-01-02 05:43:59.999999998,29.7333,35.292,6.8105,6.8105,61.453,10.3746,5.5249,3.3297,0.497
2026-01-02 05:45:00.000000000,29.75,35.321,6.8013,6.8013,62.149,10.4497,5.9102,3.3869,0.532
2026-01-02 05:46:00.000000001,29.7667,35.319,6.855,6.855,62.547,10.5273,5.4068,3.3019,0.4939
2026-01-02 05:46:59.999999998,29.7833,35.186,6.8318,6.8318,62.997,10.4543,5.7079,3.456,0.5008
2026-01-02 05:48:00.000000000,29.8,35.283,6.7908,6.7908,62.873,10.4494,5.5814,3.3474,0.5133
2026-01-02 05:49:00.000000001,29.8167,35.322,6.7993,6.7993,62.032,10.4966,5.6084,3.3963,0.5043
2026-01-02 05:49:59.999999998,29.8333,35.191,6.8001,6.8001,62.842,10.6206,5.5975,3.3246,0.4925
2026-01-02 05:51:00.000000000,29.85,35.276,6.8068,6.8068,61.484,10.6375,5.5372,3.3713,0.4851
2026-01-02 05:52:00.000000001,29.8667,35.293,6.7895,6.7895,60.56,10.4939,5.4849,3.3772,0.4998
2026-01-02 05:52:59.999999998,29.8833,35.267,6.8118,6.8118,61.476,10.5992,5.6069,3.3073,0.5132
2026-01-02 05:54:00.000000000,29.9,35.192,6.8317,6.8317,61.364,10.5716,5.6902,3.3095,0.5264
2026-01-02 05:55:00.000000001,29.9167,35.271,6.7759,6.7759,61.501,10.5011,5.8467,3.3509,0.4707
2026-01-02 05:55:59.999999998,29.9333,35.273,6.7792,6.7792,61.237,10.5678,5.7159,3.4201,0.5353
2026-01-02 05:57:00.000000000,29.95,35.285,6.7916,6.7916,61.633,10.5001,5.846,3.2769,0.4942
2026-01-02 05:58:00.000000001,29.9667,35.267,6.7921,6.7921,62.497,10.7041,5.4488,3.3541,0.5185
2026-01-02 05:58:59.999999998,29.9833,35.275,6.8404,6.8404,63.372,10.745,5.605,3.4414,0.4852
2026-01-02 06:00:00.000000000,30.0,35.298,6.82,6.82,60.62,10.5977,11.776,3.3191,1.1678
2026-01-02 06:01:00.000000001,30.0167,35.325,6.8185,6.8185,60.97,10.5888,11.7023,3.4484,1.1737
2026-01-02 06:01:59.999999998,30.0333,35.29,6.7938,6.7938,61.368,10.7353,11.5032,3.3344,1.1934
2026-01-02 06:03:00.000000000,30.05,35.287,6.793,6.793,62.615,10.7584,11.7541,3.35,1.2105
2026-01-02 06:04:00.000000001,30.0667,35.315,6.7692,6.7692,61.84,10.5822,11.5159,3.3935,1.2006
2026-01-02 06:04:59.999999998,30.0833,35.217,6.8135,6.8135,61.427,10.6697,11.4607,3.4996,1.195
2026-01-02 06:06:00.000000000,30.1,35.339,6.8072,6.8072,62.583,10.6871,11.6321,3.379,1.2224
2026-01-02 06:07:00.000000001,30.1167,35.318,6.8227,6.8227,62.778,10.6404,11.5417,3.3294,1.2
2026-01-02 06:07:59.999999998,30.1333,35.323,6.7923,6.7923,62.001,10.7432,11.4442,3.351,1.2056
2026-01-02 06:09:00.000000000,30.15,35.371,6.7932,6.7932,61.368,10.6666,11.421,3.4728,1.2622
2026-01-02 06:10:00.000000001,30.1667,35.228,6.799,6.799,62.242,10.6896,11.326,3.3635,1.1998
2026-01-02 06:10:59.999999998,30.1833,35.23,6.813,6.813,61.844,10.735,11.4092,3.4957,1.1861
2026-01-02 06:12:00.000000000,30.2,35.344,6.7654,6.7654,61.844,10.6343,11.6156,3.4449,1.2096
2026-01-02 06:13:00.000000001,30.2167,35.333,6.8091,6.8091,61.633,10.5992,11.4694,3.4449,1.2147
2026-01-02 06:13:59.999999998,30.2333,35.344,6.7935,6.7935,62.79,10.8475,11.5586,3.4665,1.206
2026-01-02 06:15:00.000000000,30.25,35.315,6.7723,6.7723,62.258,10.7252,11.4745,3.4167,1.2031
2026-01-02 06:16:00.000000001,30.2667,35.374,6.7513,6.7513,62.894,10.9655,11.2875,3.4687,1.2296
2026-01-02 06:16:59.999999998,30.2833,35.39,6.7899,6.7899,63.143,10.9628,11.1143,3.4073,1.2271
2026-01-02 06:18:00.000000000,30.3,35.37,6.8211,6.8211,62.45,10.7749,11.205,3.5395,1.1977
2026-01-02 06:19:00.000000001,30.3167,35.335,6.8252,6.8252,61.687,11.0129,11.2258,3.4258,1.1871
2026-01-02 06:19:59.999999998,30.3333,35.245,6.7984,6.7984,62.934,10.9111,11.1966,3.5042,1.2086
2026-01-02 06:21:00.000000000,30.35,35.391,6.8301,6.8301,62.485,10.7949,11.4386,3.4357,1.187
2026-01-02 06:22:00.000000001,30.3667,35.416,6.7896,6.7896,64.206,10.6503,11.4196,3.4659,1.2177
2026-01-02 06:22:59.999999998,30.3833,35.389,6.8091,6.8091,62.383,10.9223,11.5884,3.479,1.2085
2026-01-02 06:24:00.000000000,30.4,35.315,6.7806,6.7806,62.705,10.8802,11.1248,3.6519,1.2534
2026-01-02 06:25:00.000000001,30.4167,35.395,6.7789,6.7789,62.392,10.9226,11.4617,3.5072,1.2295
2026-01-02 06:25:59.999999998,30.4333,35.407,6.7752,6.7752,62.093,10.8802,11.4435,3.472,1.1784
2026-01-02 06:27:00.000000000,30.45,35.444,6.7471,6.7471,61.978,10.8175,11.1528,3.496,1.1896
2026-01-02 06:28:00.000000001,30.4667,35.324,6.8136,6.8136,62.435,10.8853,11.2416,3.4482,1.1617
2026-01-02 06:28:59.999999998,30.4833,35.359,6.7746,6.7746,62.631,10.9864,11.3396,3.5205,1.1572
2026-01-02 06:30:00.000000000,30.5,35.41,6.771,6.771,63.152,10.912,11.1276,3.6263,1.2023
2026-01-02 06:31:00.000000001,30.5167,35.377,6.763,6.763,62.491,10.922,11.099,3.5557,1.1762
2026-01-02 06:31:59.999999998,30.5333,35.321,6.7821,6.7821,61.889,10.8397,11.0085,3.5893,1.2328
2026-01-02 06:33:00.000000000,30.55,35.399,6.8211,6.8211,62.014,10.9791,10.7317,3.5038,1.2232
2026-01-02 06:34:00.000000001,30.5667,35.41,6.8273,6.8273,61.234,10.8933,11.0794,3.5443,1.1946
2026-01-02 06:34:59.999999998,30.5833,35.387,6.7517,6.7517,63.638,11.0662,10.9456,3.5699,1.1934
2026-01-02 06:36:00.000000000,30.6,35.395,6.7775,6.7775,61.894,10.9446,10.8741,3.5286,1.2297
2026-01-02 06:37:00.000000001,30.6167,35.373,6.7634,6.7634,63.119,10.9901,11.082,3.59,1.2343
2026-01-02 06:37:59.999999998,30.6333,35.462,6.8035,6.8035,62.585,11.1975,10.7844,3.606,1.1813
2026-01-02 06:39:00.000000000,30.65,35.345,6.789,6.789,62.625,11.0103,11.1064,3.6076,1.1788
2026-01-02 06:40:00.000000001,30.6667,35.362,6.7702,6.7702,62.308,11.0102,11.0415,3.5781,1.194
2026-01-02 06:40:59.999999998,30.6833,35.394,6.7839,6.7839,61.792,11.1028,10.8925,3.6454,1.2086
2026-01-02 06:42:00.000000000,30.7,35.439,6.7725,6.7725,61.667,10.9237,10.9266,3.5832,1.1897
2026-01-02 06:43:00.000000001,30.7167,35.322,6.814,6.814,63.846,11.1772,10.7411,3.5839,1.209
2026-01-02 06:43:59.999999998,30.7333,35.333,6.7922,6.7922,62.575,11.1673,11.0159,3.6787,1.239
2026-01-02 06:45:00.000000000,30.75,35.298,6.7943,6.7943,63.406,11.1403,10.9152,3.5565,1.1719
2026-01-02 06:46:00.000000001,30.7667,35.404,6.7271,6.7271,63.636,10.8388,10.9101,3.5319,1.1911
2026-01-02 06:46:59.999999998,30.7833,35.348,6.7787,6.7787,62.221,11.0988,10.9299,3.5789,1.1723
2026-01-02 06:48:00.000000000,30.8,35.386,6.8213,6.8213,62.912,11.0284,10.7421,3.6469,1.1833
2026-01-02 06:49:00.000000001,30.8167,35.439,6.8058,6.8058,62.632,11.2308,10.5945,3.697,1.1941
2026-01-02 06:49:59.999999998,30.8333,35.376,6.7419,6.7419,61.694,11.2357,10.9499,3.605,1.1855
2026-01-02 06:51:00.000000000,30.85,35.421,6.7722,6.7722,62.496,11.1932,10.8936,3.7341,1.2104
2026-01-02 06:52:00.000000001,30.8667,35.396,6.7541,6.7541,63.139,11.0766,10.6941,3.65,1.203
2026-01-02 06:52:59.999999998,30.8833,35.445,6.8119,6.8119,62.294,11.303,10.8198,3.6481,1.206
2026-01-02 06:54:00.000000000,30.9,35.437,6.7822,6.7822,62.459,11.1732,10.9313,3.6167,1.1939
2026-01-02 06:55:00.000000001,30.9167,35.38,6.7616,6.7616,62.606,11.3493,10.8976,3.762,1.1957
2026-01-02 06:55:59.999999998,30.9333,35.407,6.7772,6.7772,64.46,11.2368,10.6263,3.6622,1.193
2026-01-02 06:57:00.000000000,30.95,35.469,6.724,6.724,61.33,11.2669,10.472,3.6084,1.195
2026-01-02 06:58:00.000000001,30.9667,35.437,6.7541,6.7541,63.225,11.2002,10.482,3.8032,1.2084
2026-01-02 06:58:59.999999998,30.9833,35.349,6.7761,6.7761,62.648,11.3603,10.6172,3.7053,1.1615
2026-01-02 07:00:00.000000000,31.0,35.452,6.7919,6.7919,62.366,11.3072,10.8677,3.7309,1.2058
2026-01-02 07:01:00.000000001,31.0167,35.366,6.7358,6.7358,62.684,11.3847,10.5236,3.7803,1.1826
2026-01-02 07:01:59.999999998,31.0333,35.492,6.7666,6.7666,63.469,11.2942,10.5279,3.7323,1.1932
2026-01-02 07:03:00.000000000,31.05,35.474,6.7941,6.7941,63.543,11.287,10.5093,3.7556,1.1688
2026-01-02 07:04:00.000000001,31.0667,35.438,6.7445,6.7445,63.141,11.3492,10.5067,3.7149,1.1928
2026-01-02 07:04:59.999999998,31.0833,35.432,6.7777,6.7777,63.896,11.4278,10.5694,3.7542,1.2056
2026-01-02 07:06:00.000000000,31.1,35.414,6.7741,6.7741,64.067,11.4045,10.3638,3.7212,1.2091
2026-01-02 07:07:00.000000001,31.1167,35.459,6.8067,6.8067,63.735,11.345,10.7032,3.7272,1.1763
2026-01-02 07:07:59.999999998,31.1333,35.407,6.7674,6.7674,62.675,11.1962,10.5036,3.7395,1.2082
2026-01-02 07:09:00.000000000,31.15,35.438,6.7682,6.7682,63.538,11.4204,10.882,3.7191,1.2228
2026-01-02 07:10:00.000000001,31.1667,35.471,6.7884,6.7884,63.573,11.2514,10.3189,3.7695,1.1901
2026-01-02 07:10:59.999999998,31.1833,35.399,6.7444,6.7444,62.553,11.3801,10.7184,3.7747,1.2
2026-01-02 07:12:00.000000000,31.2,35.397,6.7662,6.7662,61.981,11.3789,10.6735,3.7959,1.1586
2026-01-02 07:13:00.000000001,31.2167,35.369,6.7611,6.7611,61.65,11.2856,10.3881,3.7923,1.1821
2026-01-02 07:13:59.999999998,31.2333,35.375,6.7671,6.7671,63.357,11.4397,10.3756,3.8657,1.2054
2026-01-02 07:15:00.000000000,31.25,35.338,6.7865,6.7865,63.572,11.5932,10.2817,3.8237,1.2191
2026-01-02 07:16:00.000000001,31.2667,35.466,6.7803,6.7803,62.421,11.4067,10.2686,3.7661,1.188
2026-01-02 07:16:59.999999998,31.2833,35.52,6.7539,6.7539,64.236,11.5039,10.3901,3.8045,1.2534
2026-01-02 07:18:00.000000000,31.3,35.501,6.7713,6.7713,63.554,11.642,10.3785,3.8579,1.2063
2026-01-02 07:19:00.000000001,31.3167,35.348,6.798,6.798,64.546,11.5335,10.1203,3.7452,1.1745
2026-01-02 07:19:59.999999998,31.3333,35.466,6.7512,6.7512,63.796,11.4238,10.69,3.8988,1.2257
2026-01-02 07:21:00.000000000,31.35,35.501,6.7704,6.7704,62.681,11.5053,10.2924,3.7648,1.1749
2026-01-02 07:22:00.000000001,31.3667,35.407,6.7633,6.7633,63.935,11.5358,10.3266,3.8539,1.2066
2026-01-02 07:22:59.999999998,31.3833,35.434,6.7656,6.7656,64.139,11.623,10.2082,3.8146,1.1814
2026-01-02 07:24:00.000000000,31.4,35.329,6.7339,6.7339,63.2,11.6164,10.2476,3.8172,1.1729
2026-01-02 07:25:00.000000001,31.4167,35.442,6.7944,6.7944,62.519,11.3086,10.2194,3.76,1.2192
2026-01-02 07:25:59.999999998,31.4333,35.376,6.7504,6.7504,63.789,11.4727,10.2582,3.876,1.1948
2026-01-02 07:27:00.000000000,31.45,35.438,6.7861,6.7861,62.943,11.5466,10.2421,3.7716,1.2345
2026-01-02 07:28:00.000000001,31.4667,35.35,6.7528,6.7528,64.677,11.482,10.3506,3.7693,1.1796
2026-01-02 07:28:59.999999998,31.4833,35.455,6.7524,6.7524,63.49,11.2783,10.2497,3.9049,1.1688
2026-01-02 07:30:00.000000000,31.5,35.478,6.7889,6.7889,65.232,11.5272,10.3069,3.9419,1.1904
2026-01-02 07:31:00.000000001,31.5167,35.387,6.7842,6.7842,62.189,11.5961,10.1856,3.8245,1.2578
2026-01-02 07:31:59.999999998,31.5333,35.369,6.7682,6.7682,64.033,11.5654,10.2076,3.9134,1.2167
2026-01-02 07:33:00.000000000,31.55,35.318,6.779,6.779,65.105,11.5387,10.1225,3.9086,1.2111
2026-01-02 07:34:00.000000001,31.5667,35.411,6.7577,6.7577,63.286,11.6329,10.2951,3.8696,1.2117
2026-01-02 07:34:59.999999998,31.5833,35.395,6.763,6.763,63.908,11.6681,10.1789,3.9465,1.1903
2026-01-02 07:36:00.000000000,31.6,35.346,6.7496,6.7496,63.751,11.6142,10.0928,3.877,1.2546
2026-01-02 07:37:00.000000001,31.6167,35.445,6.7806,6.7806,63.563,11.7726,10.0743,3.9165,1.2092
2026-01-02 07:37:59.999999998,31.6333,35.399,6.7484,6.7484,64.344,11.6786,10.0722,3.8335,1.2073
2026-01-02 07:39:00.000000000,31.65,35.367,6.7917,6.7917,63.149,11.6153,10.0792,3.8411,1.2197
2026-01-02 07:40:00.000000001,31.6667,35.392,6.7554,6.7554,64.135,11.6062,10.0523,3.9656,1.1745
2026-01-02 07:40:59.999999998,31.6833,35.472,6.7618,6.7618,64.674,11.6903,9.9631,3.9402,1.1824
2026-01-02 07:42:00.000000000,31.7,35.448,6.7763,6.7763,64.128,11.8076,10.1479,3.911,1.1951
2026-01-02 07:43:00.000000001,31.7167,35.41,6.7613,6.7613,63.538,11.6638,10.1436,4.0191,1.2198
2026-01-02 07:43:59.999999998,31.7333,35.446,6.7546,6.7546,65.2,11.7885,10.2733,4.0241,1.174
2026-01-02 07:45:00.000000000,31.75,35.356,6.7597,6.7597,64.999,11.7596,9.9015,3.9567,1.1987
2026-01-02 07:46:00.000000001,31.7667,35.414,6.7779,6.7779,63.62,11.9227,10.0784,3.8675,1.1958
2026-01-02 07:46:59.999999998,31.7833,35.419,6.7466,6.7466,63.457,11.8056,9.6785,3.9402,1.1685
2026-01-02 07:48:00.000000000,31.8,35.386,6.757,6.757,63.769,11.7298,10.0756,3.9097,1.1898
2026-01-02 07:49:00.000000001,31.8167,35.43,6.7595,6.7595,65.006,11.8558,9.7193,3.9613,1.2108
2026-01-02 07:49:59.999999998,31.8333,35.368,6.7763,6.7763,64.829,11.8697,9.7767,3.9156,1.1703
2026-01-02 07:51:00.000000000,31.85,35.431,6.7568,6.7568,65.279,11.7875,9.9607,3.9082,1.2282
2026-01-02 07:52:00.000000001,31.8667,35.432,6.7947,6.7947,64.425,11.7374,9.8043,3.8604,1.2094
2026-01-02 07:52:59.999999998,31.8833,35.256,6.7552,6.7552,63.986,11.8847,9.7704,3.9874,1.2069
2026-01-02 07:54:00.000000000,31.9,35.46,6.7533,6.7533,65.5,11.8582,9.7981,3.8697,1.2002
2026-01-02 07:55:00.000000001,31.9167,35.247,6.7544,6.7544,64.361,11.743,9.967,3.9742,1.1782
2026-01-02 07:55:59.999999998,31.9333,35.366,6.7313,6.7313,64.992,11.896,9.7044,4.0305,1.187
2026-01-02 07:57:00.000000000,31.95,35.447,6.7366,6.7366,63.642,11.836,9.823,3.9653,1.2072
2026-01-02 07:58:00.000000001,31.9667,35.378,6.7465,6.7465,64.466,11.777,9.7612,3.9527,1.187
2026-01-02 07:58:59.999999998,31.9833,35.318,6.7796,6.7796,65.768,11.8814,9.9278,4.0092,1.2038
2026-01-02 08:00:00.000000000,32.0,35.335,6.756,6.756,64.427,12.0235,9.9189,3.9767,1.182
2026-01-02 08:01:00.000000001,32.0167,35.439,6.7468,6.7468,65.691,12.0289,9.5034,4.0331,1.209
2026-01-02 08:01:59.999999998,32.0333,35.29,6.7808,6.7808,63.214,12.0193,9.9225,3.9777,1.2105
2026-01-02 08:03:00.000000000,32.05,35.44,6.7871,6.7871,64.67,11.9765,9.6611,4.0298,1.1674
2026-01-02 08:04:00.000000001,32.0667,35.379,6.781,6.781,65.02,12.014,9.7752,4.0233,1.2013
2026-01-02 08:04:59.999999998,32.0833,35.32,6.7386,6.7386,66.59,11.9856,9.5861,4.0456,1.1696
2026-01-02 08:06:00.000000000,32.1,35.348,6.7455,6.7455,64.3,11.9007,9.7697,4.1336,1.1628
2026-01-02 08:07:00.000000001,32.1167,35.324,6.7915,6.7915,65.811,11.9281,10.0839,4.0675,1.1881
2026-01-02 08:07:59.999999998,32.1333,35.416,6.7599,6.7599,66.159,11.9634,9.7075,4.0884,1.2559
2026-01-02 08:09:00.000000000,32.15,35.407,6.7495,6.7495,64.775,12.1355,9.6067,4.0375,1.2155
2026-01-02 08:10:00.000000001,32.1667,35.282,6.7691,6.7691,65.093,12.1209,9.6282,4.0856,1.2278
2026-01-02 08:10:59.999999998,32.1833,35.345,6.7746,6.7746,65.544,11.9598,9.43,4.0663,1.2122
2026-01-02 08:12:00.000000000,32.2,35.32,6.7429,6.7429,64.284,12.0619,9.855,4.0872,1.2041
2026-01-02 08:13:00.000000001,32.2167,35.425,6.7585,6.7585,65.144,12.0369,9.672,4.1238,1.2179
2026-01-02 08:13:59.999999998,32.2333,35.291,6.7725,6.7725,66.568,12.0682,9.4552,4.072,1.1872
2026-01-02 08:15:00.000000000,32.25,35.436,6.7306,6.7306,66.003,12.0492,9.4476,4.0828,1.2094
2026-01-02 08:16:00.000000001,32.2667,35.351,6.7539,6.7539,65.498,12.216,9.5898,4.0841,1.2235
2026-01-02 08:16:59.999999998,32.2833,35.292,6.7312,6.7312,65.753,12.1136,9.7149,4.0888,1.214
2026-01-02 08:18:00.000000000,32.3,35.314,6.7336,6.7336,66.165,12.1439,9.39,4.1284,1.2249
2026-01-02 08:19:00.000000001,32.3167,35.305,6.7419,6.7419,66.356,12.1561,9.7173,4.1073,1.2037
2026-01-02 08:19:59.999999998,32.3333,35.278,6.7626,6.7626,65.331,12.0674,9.5242,4.2061,1.2338
2026-01-02 08:21:00.000000000,32.35,35.344,6.7464,6.7464,67.042,12.1699,9.3861,4.2708,1.1958
2026-01-02 08:22:00.000000001,32.3667,35.275,6.7398,6.7398,66.905,12.2577,9.4432,4.1142,1.2424
2026-01-02 08:22:59.999999998,32.3833,35.225,6.7536,6.7536,66.431,12.3021,9.7634,4.163,1.2115
2026-01-02 08:24:00.000000000,32.4,35.312,6.7295,6.7295,65.253,12.1041,9.2807,4.2059,1.1923
2026-01-02 08:25:00.000000001,32.4167,35.238,6.7609,6.7609,65.148,12.086,9.367,4.1464,1.1764
2026-01-02 08:25:59.999999998,32.4333,35.287,6.7748,6.7748,65.74,12.224,9.6075,4.1157,1.1838
2026-01-02 08:27:00.000000000,32.45,35.277,6.7505,6.7505,66.087,12.3194,9.485,4.2581,1.1808
2026-01-02 08:28:00.000000001,32.4667,35.276,6.7479,6.7479,64.66,12.2711,9.3218,4.2112,1.1982
2026-01-02 08:28:59.999999998,32.4833,35.416,6.7593,6.7593,66.507,12.3083,9.5732,4.1986,1.1745
2026-01-02 08:30:00.000000000,32.5,35.316,6.7111,6.7111,67.178,12.1567,9.5683,4.2609,1.2259
2026-01-02 08:31:00.000000001,32.5167,35.322,6.7623,6.7623,66.645,12.2315,9.4543,4.2327,1.2022
2026-01-02 08:31:59.999999998,32.5333,35.218,6.8135,6.8135,65.679,12.1132,9.3008,4.1975,1.2014
2026-01-02 08:33:00.000000000,32.55,35.271,6.7489,6.7489,65.62,12.2891,9.312,4.1569,1.1767
2026-01-02 08:34:00.000000001,32.5667,35.311,6.7489,6.7489,66.531,12.1391,9.4116,4.1868,1.1846
2026-01-02 08:34:59.999999998,32.5833,35.246,6.7661,6.7661,66.204,12.4305,9.1603,4.2775,1.1556
2026-01-02 08:36:00.000000000,32.6,35.34,6.784,6.784,66.716,12.46,9.5445,4.2571,1.2324
2026-01-02 08:37:00.000000001,32.6167,35.231,6.7705,6.7705,66.878,12.3586,9.5886,4.2195,1.1716
2026-01-02 08:37:59.999999998,32.6333,35.273,6.7078,6.7078,67.305,12.238,9.2865,4.3229,1.1732
2026-01-02 08:39:00.000000000,32.65,35.255,6.7621,6.7621,65.56,12.4008,9.3636,4.2325,1.2283
2026-01-02 08:40:00.000000001,32.6667,35.289,6.8022,6.8022,66.677,12.5313,9.4764,4.2956,1.2078
2026-01-02 08:40:59.999999998,32.6833,35.246,6.7631,6.7631,66.243,12.4323,9.5803,4.263,1.2024
2026-01-02 08:42:00.000000000,32.7,35.261,6.7275,6.7275,66.489,12.5009,9.5089,4.3545,1.2068
2026-01-02 08:43:00.000000001,32.7167,35.259,6.7562,6.7562,67.292,12.379,9.0035,4.3013,1.2191
2026-01-02 08:43:59.999999998,32.7333,35.231,6.7249,6.7249,67.412,12.3599,9.205,4.2718,1.202
2026-01-02 08:45:00.000000000,32.75,35.289,6.7751,6.7751,67.785,12.4357,9.3159,4.2663,1.1691
2026-01-02 08:46:00.000000001,32.7667,35.273,6.7313,6.7313,67.04,12.2991,9.1552,4.2804,1.2147
2026-01-02 08:46:59.999999998,32.7833,35.253,6.7518,6.7518,66.643,12.6461,9.4854,4.2507,1.2084
2026-01-02 08:48:00.000000000,32.8,35.233,6.7331,6.7331,66.561,12.488,9.451,4.2245,1.2234
2026-01-02 08:49:00.000000001,32.8167,35.291,6.7393,6.7393,65.407,12.5581,9.0729,4.3141,1.175
2026-01-02 08:49:59.999999998,32.8333,35.235,6.7799,6.7799,67.898,12.4636,9.1596,4.2778,1.1854
2026-01-02 08:51:00.000000000,32.85,35.228,6.7522,6.7522,66.6,12.389,9.0602,4.2835,1.2078
2026-01-02 08:52:00.000000001,32.8667,35.246,6.7389,6.7389,67.293,12.6383,9.1322,4.3118,1.1811
2026-01-02 08:52:59.999999998,32.8833,35.322,6.7272,6.7272,67.462,12.4462,9.1164,4.3247,1.1529
2026-01-02 08:54:00.000000000,32.9,35.166,6.7126,6.7126,65.952,12.5759,9.2822,4.3283,1.2039
2026-01-02 08:55:00.000000001,32.9167,35.268,6.725,6.725,66.239,12.5954,8.9946,4.4207,1.2179
2026-01-02 08:55:59.999999998,32.9333,35.132,6.7523,6.7523,68.245,12.5777,8.7243,4.3728,1.1974
2026-01-02 08:57:00.000000000,32.95,35.234,6.7696,6.7696,67.269,12.5209,8.865,4.451,1.211
2026-01-02 08:58:00.000000001,32.9667,35.298,6.7388,6.7388,66.601,12.5837,8.9404,4.3295,1.2081
2026-01-02 08:58:59.999999998,32.9833,35.24,6.7814,6.7814,66.992,12.5315,8.9853,4.3965,1.2002
2026-01-02 09:00:00.000000000,33.0,35.221,6.7356,6.7356,67.99,12.6842,9.1007,4.3441,1.2027
2026-01-02 09:01:00.000000001,33.0167,35.181,6.7452,6.7452,67.896,12.6772,8.8997,4.3411,1.227
2026-01-02 09:01:59.999999998,33.0333,35.207,6.7284,6.7284,66.003,12.6417,8.8691,4.4824,1.1807
2026-01-02 09:03:00.000000000,33.05,35.189,6.7698,6.7698,68.51,12.6099,8.9005,4.3426,1.2155
2026-01-02 09:04:00.000000001,33.0667,35.159,6.792,6.792,68.002,12.836,8.8617,4.2753,1.1764
2026-01-02 09:04:59.999999998,33.0833,35.18,6.7148,6.7148,67.134,12.5752,8.935,4.3574,1.1841
2026-01-02 09:06:00.000000000,33.1,35.201,6.7431,6.7431,66.328,12.5678,8.9178,4.2984,1.2239
2026-01-02 09:07:00.000000001,33.1167,35.149,6.7754,6.7754,68.15,12.6968,9.1,4.3571,1.1758
2026-01-02 09:07:59.999999998,33.1333,35.143,6.7212,6.7212,67.713,12.6948,8.8375,4.3677,1.1952
2026-01-02 09:09:00.000000000,33.15,35.112,6.7615,6.7615,66.19,12.8153,8.9216,4.4184,1.2472
2026-01-02 09:10:00.000000001,33.1667,35.196,6.7746,6.7746,67.194,12.7912,8.8828,4.3201,1.2205
2026-01-02 09:10:59.999999998,33.1833,35.2,6.7518,6.7518,69.905,12.7539,9.0752,4.4883,1.1853
2026-01-02 09:12:00.000000000,33.2,35.181,6.7613,6.7613,67.44,12.8037,8.9201,4.3407,1.1887
2026-01-02 09:13:00.000000001,33.2167,35.214,6.7855,6.7855,66.856,12.8143,9.0903,4.4341,1.1966
2026-01-02 09:13:59.999999998,33.2333,35.167,6.7893,6.7893,66.666,12.9561,8.7493,4.4302,1.2262
2026-01-02 09:15:00.000000000,33.25,35.179,6.7492,6.7492,68.912,12.8202,8.9042,4.4937,1.18
2026-01-02 09:16:00.000000001,33.2667,35.171,6.7398,6.7398,68.194,12.7576,8.8148,4.476,1.1788
2026-01-02 09:16:59.999999998,33.2833,35.147,6.7321,6.7321,68.663,12.8401,8.7068,4.5237,1.2143
2026-01-02 09:18:00.000000000,33.3,35.122,6.7702,6.7702,67.756,12.6268,8.8701,4.4523,1.1664
2026-01-02 09:19:00.000000001,33.3167,35.256,6.7233,6.7233,68.581,12.8459,9.1298,4.4531,1.1818
2026-01-02 09:19:59.999999998,33.3333,35.119,6.7457,6.7457,66.919,12.9481,8.7316,4.503,1.1983
2026-01-02 09:21:00.000000000,33.35,35.105,6.7529,6.7529,67.748,12.921,8.83,4.5399,1.1993
2026-01-02 09:22:00.000000001,33.3667,35.156,6.7409,6.7409,67.866,12.9089,8.642,4.5357,1.1727
2026-01-02 09:22:59.999999998,33.3833,35.144,6.7566,6.7566,68.761,12.9491,8.6097,4.5165,1.2071
2026-01-02 09:24:00.000000000,33.4,35.058,6.8024,6.8024,67.928,12.9976,8.7002,4.5181,1.2111
2026-01-02 09:25:00.000000001,33.4167,35.181,6.7488,6.7488,67.19,13.0356,8.7406,4.5107,1.1868
2026-01-02 09:25:59.999999998,33.4333,35.116,6.7426,6.7426,67.759,12.9696,8.7371,4.539,1.2332
2026-01-02 09:27:00.000000000,33.45,35.062,6.7717,6.7717,66.383,12.9207,8.7539,4.6263,1.2068
2026-01-02 09:28:00.000000001,33.4667,35.174,6.7563,6.7563,65.884,12.7732,8.5304,4.5185,1.1799
2026-01-02 09:28:59.999999998,33.4833,35.142,6.7804,6.7804,68.421,13.0488,8.6737,4.5184,1.2324
2026-01-02 09:30:00.000000000,33.5,35.044,6.755,6.755,67.472,13.024,8.8327,4.5207,1.1895
2026-01-02 09:31:00.000000001,33.5167,35.193,6.7469,6.7469,67.577,13.0073,8.5437,4.5683,1.2036
2026-01-02 09:31:59.999999998,33.5333,35.134,6.7163,6.7163,68.465,12.9523,8.6842,4.4488,1.1903
2026-01-02 09:33:00.000000000,33.55,35.097,6.7197,6.7197,68.932,13.0969,8.7714,4.5542,1.2125
2026-01-02 09:34:00.000000001,33.5667,35.174,6.7155,6.7155,68.256,13.0114,8.6001,4.6111,1.1904
2026-01-02 09:34:59.999999998,33.5833,35.099,6.7599,6.7599,69.383,13.0415,8.7588,4.5468,1.1916
2026-01-02 09:36:00.000000000,33.6,35.087,6.7252,6.7252,68.255,13.0521,8.4695,4.5885,1.1968
2026-01-02 09:37:00.000000001,33.6167,35.052,6.7777,6.7777,68.107,13.1049,8.8211,4.6908,1.19
2026-01-02 09:37:59.999999998,33.6333,35.111,6.7533,6.7533,68.069,12.9894,8.7328,4.608,1.2214
2026-01-02 09:39:00.000000000,33.65,35.103,6.748,6.748,66.859,13.1387,8.6765,4.4856,1.1748
2026-01-02 09:40:00.000000001,33.6667,35.076,6.7361,6.7361,68.663,13.0484,8.8271,4.5331,1.1993
2026-01-02 09:40:59.999999998,33.6833,35.033,6.7656,6.7656,65.951,13.0636,8.5992,4.5972,1.2018
2026-01-02 09:42:00.000000000,33.7,35.076,6.7372,6.7372,67.448,13.2017,8.5462,4.5757,1.1975
2026-01-02 09:43:00.000000001,33.7167,35.063,6.7338,6.7338,67.944,13.0637,8.8351,4.6272,1.2194
2026-01-02 09:43:59.999999998,33.7333,34.997,6.7774,6.7774,67.303,13.2264,8.8956,4.6134,1.1699
2026-01-02 09:45:00.000000000,33.75,34.987,6.7609,6.7609,67.581,13.1763,8.5059,4.6926,1.2114
2026-01-02 09:46:00.000000001,33.7667,35.086,6.7493,6.7493,69.421,13.0487,8.5832,4.5859,1.1751
2026-01-02 09:46:59.999999998,33.7833,34.925,6.767,6.767,68.84,13.3022,8.7474,4.6362,1.1898
2026-01-02 09:48:00.000000000,33.8,35.062,6.7545,6.7545,67.414,13.2304,8.5694,4.6636,1.173
2026-01-02 09:49:00.000000001,33.8167,35.025,6.7622,6.7622,67.593,13.2496,8.6608,4.676,1.1934
2026-01-02 09:49:59.999999998,33.8333,35.112,6.7383,6.7383,66.953,13.3111,8.6792,4.6725,1.1884
2026-01-02 09:51:00.000000000,33.85,35.019,6.7963,6.7963,68.543,13.363,8.4683,4.5507,1.2328
2026-01-02 09:52:00.000000001,33.8667,35.074,6.7435,6.7435,67.784,13.2716,8.6061,4.6816,1.2048
2026-01-02 09:52:59.999999998,33.8833,35.018,6.7864,6.7864,66.414,13.3174,8.5328,4.6761,1.2088
2026-01-02 09:54:00.000000000,33.9,35.041,6.7517,6.7517,68.071,13.3103,8.3418,4.7331,1.1778
2026-01-02 09:55:00.000000001,33.9167,35.07,6.7718,6.7718,68.345,13.2657,8.3665,4.7322,1.2148
2026-01-02 09:55:59.999999998,33.9333,35.007,6.7705,6.7705,68.766,13.179,8.4078,4.7143,1.2328
2026-01-02 09:57:00.000000000,33.95,35.077,6.779,6.779,67.939,13.3354,8.6356,4.7241,1.2174
2026-01-02 09:58:00.000000001,33.9667,34.975,6.7395,6.7395,67.701,13.4411,8.6313,4.7823,1.1738
2026-01-02 09:58:59.999999998,33.9833,35.037,6.778,6.778,69.589,13.3901,8.5903,4.7784,1.1907
2026-01-02 10:00:00.000000000,34.0,35.066,6.7936,6.7936,68.005,13.2706,8.5346,4.7409,0.7022
2026-01-02 10:01:00.000000001,34.0167,35.051,6.7517,6.7517,68.575,13.4564,8.5213,4.8406,0.6885
2026-01-02 10:01:59.999999998,34.0333,35.111,6.7578,6.7578,67.567,13.3565,8.4918,4.7082,0.7507
2026-01-02 10:03:00.000000000,34.05,34.975,6.7469,6.7469,68.55,13.2265,8.5022,4.6866,0.6904
2026-01-02 10:04:00.000000001,34.0667,34.942,6.7507,6.7507,66.831,13.488,8.5032,4.7515,0.6991
2026-01-02 10:04:59.999999998,34.0833,34.959,6.7921,6.7921,67.624,13.3436,8.2121,4.7396,0.688
2026-01-02 10:06:00.000000000,34.1,35.039,6.738,6.738,67.024,13.5743,8.2952,4.6413,0.7046
2026-01-02 10:07:00.000000001,34.1167,35.029,6.7395,6.7395,67.503,13.5364,8.2503,4.7382,0.7276
2026-01-02 10:07:59.999999998,34.1333,35.007,6.7908,6.7908,68.984,13.439,8.5617,4.7943,0.7023
2026-01-02 10:09:00.000000000,34.15,34.943,6.7713,6.7713,67.489,13.5067,8.6348,4.7805,0.6956
2026-01-02 10:10:00.000000001,34.1667,35.036,6.8014,6.8014,68.549,13.6766,8.0523,4.7508,0.6785
2026-01-02 10:10:59.999999998,34.1833,34.934,6.7503,6.7503,69.183,13.5754,8.6035,4.7981,0.7242
2026-01-02 10:12:00.000000000,34.2,35.051,6.7621,6.7621,67.941,13.5272,8.3729,4.8084,0.6971
2026-01-02 10:13:00.000000001,34.2167,35.134,6.7466,6.7466,68.752,13.752,8.5029,4.8443,0.6963
2026-01-02 10:13:59.999999998,34.2333,35.008,6.7629,6.7629,68.375,13.543,8.4181,4.7828,0.6532
2026-01-02 10:15:00.000000000,34.25,35.017,6.7249,6.7249,68.035,13.5929,8.5493,4.8648,0.6975
2026-01-02 10:16:00.000000001,34.2667,34.961,6.7743,6.7743,68.535,13.4843,8.3559,4.7729,0.692
2026-01-02 10:16:59.999999998,34.2833,34.894,6.7673,6.7673,69.398,13.438,8.1111,4.8086,0.6635
2026-01-02 10:18:00.000000000,34.3,34.952,6.76,6.76,67.407,13.5618,8.291,4.9251,0.7198
2026-01-02 10:19:00.000000001,34.3167,34.926,6.7536,6.7536,67.14,13.6007,8.3755,4.7952,0.6893
2026-01-02 10:19:59.999999998,34.3333,34.907,6.7438,6.7438,67.083,13.6368,8.257,4.8198,0.7379
2026-01-02 10:21:00.000000000,34.35,35.064,6.7765,6.7765,68.683,13.5097,8.3794,4.7965,0.7283
2026-01-02 10:22:00.000000001,34.3667,34.99,6.7388,6.7388,68.78,13.689,8.2622,4.8241,0.6856
2026-01-02 10:22:59.999999998,34.3833,34.993,6.7728,6.7728,67.435,13.5825,8.1741,4.8787,0.7274
2026-01-02 10:24:00.000000000,34.4,34.957,6.8043,6.8043,66.144,13.7105,8.0919,4.9135,0.7322
2026-01-02 10:25:00.000000001,34.4167,34.963,6.7928,6.7928,67.301,13.7495,8.1875,4.8836,0.6888
2026-01-02 10:25:59.999999998,34.4333,35.018,6.7333,6.7333,68.266,13.6559,8.2684,4.8747,0.6793
2026-01-02 10:27:00.000000000,34.45,34.967,6.753,6.753,67.761,13.6234,7.9352,4.8351,0.6569
2026-01-02 10:28:00.000000001,34.4667,34.994,6.7725,6.7725,67.945,13.8369,8.1036,4.8673,0.7076
2026-01-02 10:28:59.999999998,34.4833,34.956,6.7629,6.7629,67.368,13.7961,7.9126,4.8327,0.6805
2026-01-02 10:30:00.000000000,34.5,34.948,6.7367,6.7367,68.583,13.7514,8.1111,4.9532,0.7082
2026-01-02 10:31:00.000000001,34.5167,34.893,6.7727,6.7727,68.031,13.8696,8.3748,4.9631,0.6886
2026-01-02 10:31:59.999999998,34.5333,34.864,6.7651,6.7651,68.21,13.7718,8.0089,4.9272,0.6844
2026-01-02 10:33:00.000000000,34.55,34.948,6.8039,6.8039,67.852,13.7284,8.2839,4.9577,0.6888
2026-01-02 10:34:00.000000001,34.5667,34.963,6.7608,6.7608,68.127,13.7109,8.5974,4.9858,0.674
2026-01-02 10:34:59.999999998,34.5833,34.895,6.7896,6.7896,68.057,13.7955,8.3797,4.9535,0.6888
2026-01-02 10:36:00.000000000,34.6,34.957,6.7412,6.7412,66.931,13.8789,8.1734,5.0246,0.6853
2026-01-02 10:37:00.000000001,34.6167,34.96,6.7463,6.7463,67.953,13.9413,8.2739,4.9101,0.6997
2026-01-02 10:37:59.999999998,34.6333,34.849,6.7816,6.7816,68.27,13.8451,7.9314,4.9503,0.7021
2026-01-02 10:39:00.000000000,34.65,34.91,6.7892,6.7892,68.542,13.9533,7.8926,4.9508,0.6786
2026-01-02 10:40:00.000000001,34.6667,34.975,6.7487,6.7487,67.931,13.8521,8.1247,5.013,0.722
2026-01-02 10:40:59.999999998,34.6833,34.973,6.7687,6.7687,66.806,13.8198,8.1719,4.9154,0.6968
2026-01-02 10:42:00.000000000,34.7,34.896,6.7409,6.7409,66.909,13.7909,8.2681,5.066,0.73
2026-01-02 10:43:00.000000001,34.7167,34.961,6.7652,6.7652,67.189,13.868,8.0105,5.0281,0.7048
2026-01-02 10:43:59.999999998,34.7333,35.003,6.786,6.786,67.668,13.8201,8.1167,5.094,0.7014
2026-01-02 10:45:00.000000000,34.75,34.99,6.7609,6.7609,67.397,14.0955,8.1034,5.0109,0.6902
2026-01-02 10:46:00.000000001,34.7667,34.946,6.7649,6.7649,66.573,13.983,8.0518,4.9919,0.7123
2026-01-02 10:46:59.999999998,34.7833,34.927,6.7477,6.7477,66.546,13.9533,8.0526,5.0588,0.7007
2026-01-02 10:48:00.000000000,34.8,34.919,6.7576,6.7576,65.748,14.1119,7.9272,5.084,0.7172
2026-01-02 10:49:00.000000001,34.8167,34.973,6.8061,6.8061,64.908,13.8831,8.0893,5.0032,0.7321
2026-01-02 10:49:59.999999998,34.8333,34.959,6.7728,6.7728,67.275,13.9895,8.0687,4.9456,0.6855
2026-01-02 10:51:00.000000000,34.85,34.98,6.7516,6.7516,69.212,14.1736,7.9654,4.9606,0.7123
2026-01-02 10:52:00.000000001,34.8667,34.955,6.7657,6.7657,68.769,14.0153,8.1233,5.0715,0.7117
2026-01-02 10:52:59.999999998,34.8833,34.989,6.7405,6.7405,66.524,14.2358,8.1697,5.142,0.7092
2026-01-02 10:54:00.000000000,34.9,34.953,6.7525,6.7525,67.401,14.1161,8.1093,5.0065,0.6913
2026-01-02 10:55:00.000000001,34.9167,34.987,6.8003,6.8003,66.084,14.171,7.8434,5.0645,0.6917
2026-01-02 10:55:59.999999998,34.9333,34.991,6.7707,6.7707,66.18,14.1865,8.0069,5.0672,0.6883
2026-01-02 10:57:00.000000000,34.95,34.908,6.8117,6.8117,66.245,14.0931,7.8474,5.1872,0.6879
2026-01-02 10:58:00.000000001,34.9667,34.857,6.7723,6.7723,66.996,14.0671,7.9908,5.2106,0.6832
2026-01-02 10:58:59.999999998,34.9833,35.025,6.7739,6.7739,67.003,14.1102,7.8324,5.1255,0.6979
2026-01-02 11:00:00.000000000,35.0,34.961,6.7878,6.7878,67.323,14.0538,8.1523,5.1557,0.6848
2026-01-02 11:01:00.000000001,35.0167,34.862,6.7219,6.7219,67.624,14.1408,8.0705,5.1609,0.7087
2026-01-02 11:01:59.999999998,35.0333,34.912,6.7799,6.7799,66.795,14.159,8.1182,5.06,0.7011
2026-01-02 11:03:00.000000000,35.05,34.987,6.7752,6.7752,67.065,14.3079,8.0953,5.1655,0.7034
2026-01-02 11:04:00.000000001,35.0667,34.934,6.8062,6.8062,66.132,14.2335,7.8893,5.0862,0.6945
2026-01-02 11:04:59.999999998,35.0833,34.923,6.7962,6.7962,65.902,14.3884,7.8584,5.1352,0.7014
2026-01-02 11:06:00.000000000,35.1,35.019,6.7546,6.7546,65.749,14.04,8.1759,5.2073,0.6951
2026-01-02 11:07:00.000000001,35.1167,34.897,6.8025,6.8025,67.437,14.1288,7.8822,5.161,0.7156
2026-01-02 11:07:59.999999998,35.1333,34.909,6.7728,6.7728,66.617,14.2111,7.6962,5.2187,0.6912
2026-01-02 11:09:00.000000000,35.15,34.96,6.7604,6.7604,65.36,14.3723,8.043,5.2351,0.7075
2026-01-02 11:10:00.000000001,35.1667,34.97,6.7828,6.7828,66.775,14.2576,7.9059,5.089,0.6739
2026-01-02 11:10:59.999999998,35.1833,34.975,6.7752,6.7752,65.796,14.1623,8.1027,5.0745,0.7142
2026-01-02 11:12:00.000000000,35.2,34.996,6.8104,6.8104,68.091,14.2736,7.9057,5.2482,0.6888
2026-01-02 11:13:00.000000001,35.2167,34.961,6.7869,6.7869,66.268,14.2108,7.8588,5.2568,0.6818
2026-01-02 11:13:59.999999998,35.2333,34.976,6.7846,6.7846,67.244,14.2086,8.0833,5.2162,0.6772
2026-01-02 11:15:00.000000000,35.25,34.94,6.7989,6.7989,67.537,14.4935,7.6162,5.2296,0.6756
2026-01-02 11:16:00.000000001,35.2667,34.956,6.8031,6.8031,65.869,14.3189,7.7517,5.2613,0.6904
2026-01-02 11:16:59.999999998,35.2833,34.959,6.7973,6.7973,66.661,14.3744,7.699,5.267,0.73
2026-01-02 11:18:00.000000000,35.3,34.965,6.8105,6.8105,67.01,14.3665,7.4955,5.2148,0.6871
2026-01-02 11:19:00.000000001,35.3167,34.994,6.7947,6.7947,66.626,14.3673,7.9484,5.2844,0.6558
2026-01-02 11:19:59.999999998,35.3333,34.983,6.7863,6.7863,66.788,14.3337,7.7264,5.226,0.7073
2026-01-02 11:21:00.000000000,35.35,34.959,6.8081,6.8081,65.401,14.3897,7.9386,5.2622,0.6777
2026-01-02 11:22:00.000000001,35.3667,34.917,6.7819,6.7819,66.874,14.4551,7.8538,5.2667,0.7163
2026-01-02 11:22:59.999999998,35.3833,34.961,6.7848,6.7848,66.007,14.5551,7.8793,5.2204,0.6916
2026-01-02 11:24:00.000000000,35.4,34.957,6.819,6.819,66.641,14.531,7.7126,5.233,0.6945
2026-01-02 11:25:00.000000001,35.4167,34.969,6.8174,6.8174,67.062,14.3713,7.6591,5.3885,0.7239
2026-01-02 11:25:59.999999998,35.4333,35.071,6.7852,6.7852,66.826,14.5615,7.78,5.2389,0.7124
2026-01-02 11:27:00.000000000,35.45,34.935,6.7767,6.7767,66.534,14.534,7.8972,5.3088,0.6751
2026-01-02 11:28:00.000000001,35.4667,34.983,6.8155,6.8155,66.733,14.4596,7.7446,5.326,0.678
2026-01-02 11:28:59.999999998,35.4833,35.017,6.8026,6.8026,66.734,14.5378,7.6397,5.301,0.6643
2026-01-02 11:30:00.000000000,35.5,34.969,6.7934,6.7934,67.343,14.5827,7.5581,5.344,0.7521
2026-01-02 11:31:00.000000001,35.5167,35.082,6.781,6.781,66.083,14.5543,7.7614,5.3336,0.6827
2026-01-02 11:31:59.999999998,35.5333,34.947,6.7945,6.7945,66.205,14.6026,7.6406,5.2804,0.7234
2026-01-02 11:33:00.000000000,35.55,34.983,6.7879,6.7879,66.782,14.5088,7.7059,5.3575,0.6894
2026-01-02 11:34:00.000000001,35.5667,34.928,6.7755,6.7755,65.607,14.751,7.6738,5.3102,0.6784
2026-01-02 11:34:59.999999998,35.5833,34.952,6.7918,6.7918,64.894,14.4509,7.6359,5.4313,0.7004
2026-01-02 11:36:00.000000000,35.6,34.983,6.7949,6.7949,66.32,14.6652,7.7397,5.3725,0.6935
2026-01-02 11:37:00.000000001,35.6167,35.014,6.7825,6.7825,65.723,14.662,7.7718,5.3228,0.716
2026-01-02 11:37:59.999999998,35.6333,34.989,6.8085,6.8085,64.884,14.6979,7.9765,5.3817,0.7163
2026-01-02 11:39:00.000000000,35.65,35.037,6.8167,6.8167,66.212,14.6035,7.7884,5.3251,0.6882
2026-01-02 11:40:00.000000001,35.6667,34.97,6.8107,6.8107,66.919,14.7675,7.9069,5.3911,0.6712
2026-01-02 11:40:59.999999998,35.6833,34.959,6.7862,6.7862,64.432,14.6792,7.5381,5.3737,0.6761
2026-01-02 11:42:00.000000000,35.7,35.112,6.8073,6.8073,66.515,14.6067,7.4139,5.3505,0.6544
2026-01-02 11:43:00.000000001,35.7167,34.998,6.7942,6.7942,63.629,14.6278,7.645,5.3566,0.6945
2026-01-02 11:43:59.999999998,35.7333,34.944,6.7683,6.7683,65.3,14.7391,7.769,5.5272,0.6998
2026-01-02 11:45:00.000000000,35.75,34.946,6.8069,6.8069,67.054,14.6153,7.7387,5.4168,0.6771
2026-01-02 11:46:00.000000001,35.7667,34.935,6.7968,6.7968,65.28,14.9009,7.8084,5.3975,0.6747
2026-01-02 11:46:59.999999998,35.7833,35.03,6.8462,6.8462,65.576,14.8546,7.2394,5.3957,0.6997
2026-01-02 11:48:00.000000000,35.8,34.966,6.8239,6.8239,66.075,14.9307,7.8011,5.4563,0.6874
2026-01-02 11:49:00.000000001,35.8167,34.992,6.8094,6.8094,64.053,14.9361,7.6567,5.4077,0.6957
2026-01-02 11:49:59.999999998,35.8333,34.984,6.8006,6.8006,65.444,14.7842,7.3681,5.3918,0.6927
2026-01-02 11:51:00.000000000,35.85,35.025,6.7994,6.7994,65.399,14.7566,7.7015,5.4517,0.705
2026-01-02 11:52:00.000000001,35.8667,34.947,6.7764,6.7764,66.798,14.6259,7.6117,5.4582,0.6887
2026-01-02 11:52:59.999999998,35.8833,34.937,6.7622,6.7622,64.28,14.8215,7.6368,5.4463,0.6902
2026-01-02 11:54:00.000000000,35.9,35.003,6.7799,6.7799,64.924,15.0092,7.7228,5.4294,0.6624
2026-01-02 11:55:00.000000001,35.9167,35.024,6.7969,6.7969,64.447,14.8157,7.6309,5.4614,0.699
2026-01-02 11:55:59.999999998,35.9333,35.012,6.7561,6.7561,64.322,14.8791,7.3388,5.4643,0.7018
2026-01-02 11:57:00.000000000,35.95,34.956,6.7878,6.7878,66.012,14.8655,7.5317,5.4643,0.6964
2026-01-02 11:58:00.000000001,35.9667,35.031,6.7942,6.7942,65.092,14.9538,7.3039,5.5154,0.7382
2026-01-02 11:58:59.999999998,35.9833,34.962,6.7953,6.7953,64.586,15.0407,7.6374,5.6198,0.7033
2026-01-02 12:00:00.000000000,36.0,34.974,6.7868,6.7868,64.576,14.8287,7.7432,5.582,0.6969
2026-01-02 12:01:00.000000001,36.0167,34.954,6.7936,6.7936,64.5,14.858,7.3407,5.6195,0.71
2026-01-02 12:01:59.999999998,36.0333,35.068,6.8354,6.8354,64.532,15.0988,7.4197,5.5009,0.7423
2026-01-02 12:03:00.000000000,36.05,35.036,6.8146,6.8146,63.859,15.0526,7.3816,5.62,0.7051
2026-01-02 12:04:00.000000001,36.0667,35.036,6.7905,6.7905,64.624,14.9872,7.4394,5.5545,0.6555
2026-01-02 12:04:59.999999998,36.0833,35.069,6.8008,6.8008,64.503,15.1586,7.5629,5.5994,0.7086
2026-01-02 12:06:00.000000000,36.1,35.149,6.8021,6.8021,64.144,14.9269,7.4282,5.58,0.6824
2026-01-02 12:07:00.000000001,36.1167,34.924,6.7877,6.7877,64.835,15.1247,7.5861,5.5469,0.6616
2026-01-02 12:07:59.999999998,36.1333,34.974,6.7881,6.7881,64.862,15.0589,7.6417,5.607,0.734
2026-01-02 12:09:00.000000000,36.15,34.981,6.8241,6.8241,64.185,15.127,7.6407,5.6022,0.7296
2026-01-02 12:10:00.000000001,36.1667,34.971,6.796,6.796,64.475,14.9016,7.3014,5.4966,0.6819
2026-01-02 12:10:59.999999998,36.1833,34.961,6.7829,6.7829,66.277,15.0859,7.6707,5.5858,0.682
2026-01-02 12:12:00.000000000,36.2,35.001,6.8044,6.8044,66.206,15.1799,7.6764,5.6426,0.7032
2026-01-02 12:13:00.000000001,36.2167,34.956,6.808,6.808,63.626,15.13,7.6831,5.6198,0.6823
2026-01-02 12:13:59.999999998,36.2333,35.035,6.7666,6.7666,63.698,15.2497,7.4202,5.6365,0.6973
2026-01-02 12:15:00.000000000,36.25,35.022,6.8057,6.8057,63.542,15.2613,7.3249,5.5824,0.6857
2026-01-02 12:16:00.000000001,36.2667,35.045,6.8243,6.8243,65.195,15.101,7.2838,5.6398,0.692
2026-01-02 12:16:59.999999998,36.2833,35.047,6.8164,6.8164,63.99,15.2578,7.2599,5.6292,0.6719
2026-01-02 12:18:00.000000000,36.3,35.053,6.8524,6.8524,64.46,15.1267,7.4207,5.6309,0.7165
2026-01-02 12:19:00.000000001,36.3167,35.006,6.8333,6.8333,65.826,15.2247,7.54,5.6141,0.7241
2026-01-02 12:19:59.999999998,36.3333,35.132,6.8377,6.8377,64.18,15.2871,7.6026,5.7009,0.698
2026-01-02 12:21:00.000000000,36.35,35.039,6.8651,6.8651,64.713,15.1821,7.3276,5.6795,0.6993
2026-01-02 12:22:00.000000001,36.3667,34.935,6.8247,6.8247,64.524,15.3262,7.3885,5.6815,0.7126
2026-01-02 12:22:59.999999998,36.3833,34.979,6.8132,6.8132,63.596,15.2371,7.3726,5.7789,0.7
2026-01-02 12:24:00.000000000,36.4,34.943,6.8299,6.8299,64.874,15.2454,7.2868,5.7071,0.7346
2026-01-02 12:25:00.000000001,36.4167,35.032,6.7996,6.7996,63.306,15.3627,7.4864,5.7505,0.6737
2026-01-02 12:25:59.999999998,36.4333,35.026,6.8134,6.8134,65.017,15.2536,7.4244,5.7112,0.7172
2026-01-02 12:27:00.000000000,36.45,35.01,6.7987,6.7987,63.435,15.2639,7.3852,5.687,0.6977
2026-01-02 12:28:00.000000001,36.4667,35.135,6.8201,6.8201,63.482,15.4325,7.4116,5.6588,0.6776
2026-01-02 12:28:59.999999998,36.4833,35.063,6.7995,6.7995,62.953,15.3723,7.4442,5.7309,0.7449
2026-01-02 12:30:00.000000000,36.5,35.073,6.7992,6.7992,63.043,15.2616,7.4367,5.5928,0.7477
2026-01-02 12:31:00.000000001,36.5167,34.991,6.8216,6.8216,63.4,15.4608,7.2141,5.7467,0.6958
2026-01-02 12:31:59.999999998,36.5333,34.989,6.811,6.811,61.756,15.3742,7.4684,5.7559,0.7089
2026-01-02 12:33:00.000000000,36.55,35.042,6.7757,6.7757,63.473,15.309,7.3663,5.7364,0.6906
2026-01-02 12:34:00.000000001,36.5667,35.049,6.7855,6.7855,63.212,15.2351,7.2568,5.7498,0.6938
2026-01-02 12:34:59.999999998,36.5833,34.949,6.7921,6.7921,64.209,15.5224,7.3513,5.699,0.6774
2026-01-02 12:36:00.000000000,36.6,35.034,6.7978,6.7978,63.873,15.3958,7.3619,5.838,0.6744
2026-01-02 12:37:00.000000001,36.6167,35.044,6.8242,6.8242,62.927,15.3795,7.4666,5.759,0.7369
2026-01-02 12:37:59.999999998,36.6333,35.034,6.8207,6.8207,63.084,15.5447,7.1416,5.7344,0.6992
2026-01-02 12:39:00.000000000,36.65,35.005,6.838,6.838,63.221,15.5725,7.4914,5.8174,0.701
2026-01-02 12:40:00.000000001,36.6667,35.019,6.8322,6.8322,64.554,15.4596,7.2903,5.8029,0.6838
2026-01-02 12:40:59.999999998,36.6833,35.038,6.8389,6.8389,62.665,15.6101,7.2051,5.7866,0.7038
2026-01-02 12:42:00.000000000,36.7,35.052,6.8301,6.8301,62.703,15.716,7.1947,5.7885,0.6699
2026-01-02 12:43:00.000000001,36.7167,35.079,6.8225,6.8225,62.332,15.6739,7.1192,5.8186,0.6845
2026-01-02 12:43:59.999999998,36.7333,35.104,6.8407,6.8407,62.005,15.676,7.0025,5.8934,0.676
2026-01-02 12:45:00.000000000,36.75,35.035,6.8375,6.8375,63.391,15.6204,7.3595,5.8568,0.7259
2026-01-02 12:46:00.000000001,36.7667,35.028,6.8271,6.8271,63.263,15.5743,7.5493,5.8388,0.667
2026-01-02 12:46:59.999999998,36.7833,35.074,6.8454,6.8454,64.081,15.62,7.0038,5.8904,0.6764
2026-01-02 12:48:00.000000000,36.8,35.083,6.7734,6.7734,63.841,15.6743,7.0982,5.8563,0.659
2026-01-02 12:49:00.000000001,36.8167,35.031,6.8149,6.8149,64.879,15.5531,7.3478,5.8822,0.6822
2026-01-02 12:49:59.999999998,36.8333,35.093,6.815,6.815,62.854,15.6068,7.2226,5.8769,0.6908
2026-01-02 12:51:00.000000000,36.85,35.103,6.8446,6.8446,62.656,15.5688,7.3489,5.9061,0.7196
2026-01-02 12:52:00.000000001,36.8667,35.12,6.8533,6.8533,61.774,15.7165,7.2029,5.8617,0.6956
2026-01-02 12:52:59.999999998,36.8833,35.144,6.7933,6.7933,63.321,15.719,7.1254,5.8342,0.6918
2026-01-02 12:54:00.000000000,36.9,35.013,6.8509,6.8509,62.807,15.6748,7.173,5.9437,0.706
2026-01-02 12:55:00.000000001,36.9167,35.057,6.7997,6.7997,63.18,15.8074,6.844,5.9809,0.6911
2026-01-02 12:55:59.999999998,36.9333,35.058,6.8006,6.8006,61.694,15.6728,7.0242,5.8583,0.7482
2026-01-02 12:57:00.000000000,36.95,35.053,6.8192,6.8192,62.831,15.7159,7.3324,5.9291,0.6882
2026-01-02 12:58:00.000000001,36.9667,35.026,6.8179,6.8179,62.657,15.8483,7.3634,5.905,0.7083
2026-01-02 12:58:59.999999998,36.9833,34.985,6.7935,6.7935,62.546,15.875,7.3901,5.9789,0.7165
2026-01-02 13:00:00.000000000,37.0,35.064,6.838,6.838,61.828,15.7518,7.2398,5.9544,0.6876
2026-01-02 13:01:00.000000001,37.0167,35.022,6.839,6.839,63.265,15.8488,6.8297,6.1158,0.7033
2026-01-02 13:01:59.999999998,37.0333,35.065,6.8468,6.8468,63.89,15.7827,7.0674,5.9416,0.69
2026-01-02 13:03:00.000000000,37.05,35.021,6.8175,6.8175,61.296,15.844,7.3559,6.0408,0.7055
2026-01-02 13:04:00.000000001,37.0667,35.006,6.8257,6.8257,62.693,15.8862,7.3952,6.053,0.702
2026-01-02 13:04:59.999999998,37.0833,35.074,6.8263,6.8263,59.744,15.9344,7.3507,6.0053,0.6972
2026-01-02 13:06:00.000000000,37.1,35.07,6.861,6.861,62.509,15.9298,7.1055,5.9879,0.6769
2026-01-02 13:07:00.000000001,37.1167,35.092,6.7709,6.7709,60.403,15.9411,6.9395,5.9981,0.7373
2026-01-02 13:07:59.999999998,37.1333,35.173,6.8088,6.8088,61.401,15.8478,7.124,6.0012,0.7117
2026-01-02 13:09:00.000000000,37.15,35.078,6.8284,6.8284,60.689,15.9801,7.127,6.0647,0.6682
2026-01-02 13:10:00.000000001,37.1667,35.089,6.807,6.807,61.483,16.008,7.3543,5.9718,0.6916
2026-01-02 13:10:59.999999998,37.1833,35.011,6.8239,6.8239,62.239,16.034,7.1483,6.0147,0.6686
2026-01-02 13:12:00.000000000,37.2,35.001,6.8269,6.8269,59.99,15.9362,7.1113,6.0161,0.7152
2026-01-02 13:13:00.000000001,37.2167,35.145,6.8166,6.8166,61.093,16.082,7.1145,5.9512,0.6996
2026-01-02 13:13:59.999999998,37.2333,35.021,6.8314,6.8314,60.871,15.9183,7.1581,6.0879,0.7001
2026-01-02 13:15:00.000000000,37.25,35.015,6.843,6.843,62.443,16.0042,7.1869,6.1055,0.6832
2026-01-02 13:16:00.000000001,37.2667,35.066,6.8261,6.8261,61.415,16.0316,6.9789,6.028,0.6937
2026-01-02 13:16:59.999999998,37.2833,35.064,6.8221,6.8221,60.014,15.9676,6.9237,6.1186,0.7157
2026-01-02 13:18:00.000000000,37.3,35.024,6.8282,6.8282,60.46,16.0604,7.2827,5.9954,0.7211
2026-01-02 13:19:00.000000001,37.3167,35.055,6.8317,6.8317,61.958,16.1164,6.8258,6.0832,0.7169
2026-01-02 13:19:59.999999998,37.3333,35.133,6.7973,6.7973,61.154,15.9676,7.3124,6.0831,0.669
2026-01-02 13:21:00.000000000,37.35,35.032,6.8417,6.8417,59.712,16.0972,6.7749,6.1012,0.6963
2026-01-02 13:22:00.000000001,37.3667,35.003,6.8238,6.8238,60.09,16.0039,6.9687,6.1084,0.7051
2026-01-02 13:22:59.999999998,37.3833,35.121,6.8584,6.8584,59.967,16.3222,7.197,6.1078,0.6853
2026-01-02 13:24:00.000000000,37.4,35.1,6.8453,6.8453,59.568,16.1909,7.0461,6.0998,0.6668
2026-01-02 13:25:00.000000001,37.4167,35.045,6.8572,6.8572,58.466,16.1991,6.8435,6.1212,0.6743
2026-01-02 13:25:59.999999998,37.4333,34.998,6.8139,6.8139,59.12,16.2227,7.0998,6.2022,0.73
2026-01-02 13:27:00.000000000,37.45,35.041,6.827,6.827,60.594,16.2676,7.0408,6.1126,0.6762
2026-01-02 13:28:00.000000001,37.4667,35.077,6.8099,6.8099,58.989,16.3127,6.9932,6.2618,0.701
2026-01-02 13:28:59.999999998,37.4833,35.14,6.8209,6.8209,59.014,16.1245,6.927,6.1248,0.6969
2026-01-02 13:30:00.000000000,37.5,35.031,6.8604,6.8604,59.003,16.3695,7.0103,6.176,0.6969
2026-01-02 13:31:00.000000001,37.5167,35.08,6.8654,6.8654,60.449,16.3796,6.9232,6.2001,0.6936
2026-01-02 13:31:59.999999998,37.5333,35.12,6.813,6.813,58.456,16.2898,7.3706,6.1644,0.7158
2026-01-02 13:33:00.000000000,37.55,34.969,6.8271,6.8271,59.089,16.3009,6.9644,6.2557,0.7007
2026-01-02 13:34:00.000000001,37.5667,35.142,6.835,6.835,57.489,16.0773,6.9394,6.2213,0.6875
2026-01-02 13:34:59.999999998,37.5833,35.033,6.8486,6.8486,57.503,16.2413,6.9092,6.1913,0.701
2026-01-02 13:36:00.000000000,37.6,35.111,6.802,6.802,57.453,16.3975,7.252,6.2777,0.6744
2026-01-02 13:37:00.000000001,37.6167,35.109,6.8054,6.8054,56.545,16.4674,6.7346,6.1659,0.7095
2026-01-02 13:37:59.999999998,37.6333,35.153,6.8475,6.8475,56.712,16.4449,7.0295,6.1959,0.6864
2026-01-02 13:39:00.000000000,37.65,35.129,6.799,6.799,57.284,16.3958,6.9347,6.2599,0.6875
2026-01-02 13:40:00.000000001,37.6667,34.986,6.8294,6.8294,55.621,16.5712,6.7522,6.2794,0.7103
2026-01-02 13:40:59.999999998,37.6833,35.068,6.8418,6.8418,55.937,16.5129,6.838,6.263,0.6919
2026-01-02 13:42:00.000000000,37.7,35.117,6.8472,6.8472,56.169,16.4163,7.0035,6.2481,0.693
2026-01-02 13:43:00.000000001,37.7167,35.103,6.8363,6.8363,54.595,16.6377,6.8214,6.2494,0.7234
2026-01-02 13:43:59.999999998,37.7333,35.14,6.8321,6.8321,55.773,16.3908,6.9851,6.3262,0.6805
2026-01-02 13:45:00.000000000,37.75,35.159,6.8566,6.8566,54.586,16.3761,7.2007,6.2892,0.71
2026-01-02 13:46:00.000000001,37.7667,35.154,6.8456,6.8456,54.015,16.4756,6.9621,6.2412,0.719
2026-01-02 13:46:59.999999998,37.7833,35.116,6.8273,6.8273,52.15,16.464,6.7137,6.2459,0.7233
2026-01-02 13:48:00.000000000,37.8,35.038,6.8412,6.8412,53.057,16.5109,6.7999,6.3757,0.7435
2026-01-02 13:49:00.000000001,37.8167,35.111,6.8484,6.8484,53.243,16.6193,6.8793,6.2717,0.6872
2026-01-02 13:49:59.999999998,37.8333,35.159,6.8753,6.8753,53.923,16.5682,6.8645,6.3289,0.6826
2026-01-02 13:51:00.000000000,37.85,35.088,6.8569,6.8569,52.553,16.5857,6.9354,6.3904,0.7163
2026-01-02 13:52:00.000000001,37.8667,35.178,6.8657,6.8657,52.565,16.6065,6.9547,6.3576,0.7188
2026-01-02 13:52:59.999999998,37.8833,35.196,6.8295,6.8295,50.254,16.4323,7.1626,6.3003,0.6842
2026-01-02 13:54:00.000000000,37.9,35.161,6.8314,6.8314,50.671,16.5116,6.8978,6.2951,0.7097
2026-01-02 13:55:00.000000001,37.9167,35.005,6.8375,6.8375,51.295,16.6175,6.7208,6.447,0.7545
2026-01-02 13:55:59.999999998,37.9333,35.099,6.8395,6.8395,49.15,16.5964,7.062,6.3091,0.7021
2026-01-02 13:57:00.000000000,37.95,35.261,6.8225,6.8225,50.17,16.6608,7.0737,6.3412,0.7185
2026-01-02 13:58:00.000000001,37.9667,35.144,6.8682,6.8682,49.52,16.8073,6.9144,6.3952,0.7315
2026-01-02 13:58:59.999999998,37.9833,35.076,6.8607,6.8607,48.687,16.7046,6.838,6.3733,0.7501
2026-01-02 14:00:00.000000000,38.0,35.242,6.8372,6.8372,47.737,16.6087,6.9637,6.4131,0.7049
2026-01-02 14:01:00.000000001,38.0167,35.185,6.8564,6.8564,46.745,16.6549,6.834,6.3112,0.7251
2026-01-02 14:01:59.999999998,38.0333,35.244,6.8482,6.8482,48.489,16.8591,6.5527,6.3743,0.6842
2026-01-02 14:03:00.000000000,38.05,35.206,6.8583,6.8583,47.112,16.8487,6.9409,6.4189,0.7005
2026-01-02 14:04:00.000000001,38.0667,35.219,6.8173,6.8173,46.421,16.7777,6.9857,6.4193,0.6911
2026-01-02 14:04:59.999999998,38.0833,35.218,6.8414,6.8414,45.364,16.6089,7.0634,6.3568,0.6623
2026-01-02 14:06:00.000000000,38.1,35.239,6.8434,6.8434,45.276,16.7624,6.7331,6.3345,0.6679
2026-01-02 14:07:00.000000001,38.1167,35.322,6.8572,6.8572,44.936,16.7724,6.872,6.3965,0.7086
2026-01-02 14:07:59.999999998,38.1333,35.26,6.8324,6.8324,44.689,16.7477,6.8707,6.3203,0.709
2026-01-02 14:09:00.000000000,38.15,35.136,6.7951,6.7951,44.53,16.7039,6.8419,6.4504,0.6792
2026-01-02 14:10:00.000000001,38.1667,35.24,6.8237,6.8237,42.899,16.7244,6.8418,6.3942,0.7311
2026-01-02 14:10:59.999999998,38.1833,35.278,6.8443,6.8443,41.943,16.7061,6.8256,6.3517,0.6778
2026-01-02 14:12:00.000000000,38.2,35.284,6.847,6.847,42.785,16.6696,6.8473,6.334,0.7051
2026-01-02 14:13:00.000000001,38.2167,35.206,6.8795,6.8795,40.932,16.8744,6.9222,6.3553,0.6917
2026-01-02 14:13:59.999999998,38.2333,35.288,6.8577,6.8577,41.694,16.8396,6.9896,6.309,0.7021
2026-01-02 14:15:00.000000000,38.25,35.278,6.8478,6.8478,41.181,16.7502,6.6887,6.4121,0.718
2026-01-02 14:16:00.000000001,38.2667,35.363,6.8457,6.8457,41.628,16.805,6.7719,6.3474,0.7151
2026-01-02 14:16:59.999999998,38.2833,35.199,6.8686,6.8686,42.479,16.8119,6.7299,6.4077,0.7142
2026-01-02 14:18:00.000000000,38.3,35.212,6.8349,6.8349,39.009,16.9721,6.704,6.4148,0.7116
2026-01-02 14:19:00.000000001,38.3167,35.224,6.844,6.844,42.067,16.8584,6.5421,6.4364,0.6745
2026-01-02 14:19:59.999999998,38.3333,35.216,6.8252,6.8252,39.757,16.8593,6.7837,6.4009,0.7227
2026-01-02 14:21:00.000000000,38.35,35.198,6.8755,6.8755,39.93,16.7994,6.8476,6.4447,0.6788
2026-01-02 14:22:00.000000001,38.3667,35.105,6.8551,6.8551,38.24,16.7655,6.7481,6.458,0.6979
2026-01-02 14:22:59.999999998,38.3833,35.222,6.8333,6.8333,39.903,16.9148,6.7656,6.4018,0.693
2026-01-02 14:24:00.000000000,38.4,35.263,6.8453,6.8453,38.884,16.8603,6.8254,6.405,0.707
2026-01-02 14:25:00.000000001,38.4167,35.22,6.8579,6.8579,38.558,16.7457,6.97,6.3614,0.6903
2026-01-02 14:25:59.999999998,38.4333,35.342,6.8428,6.8428,36.827,16.8523,6.691,6.3401,0.6968
2026-01-02 14:27:00.000000000,38.45,35.246,6.8373,6.8373,38.216,16.8869,6.5739,6.4537,0.7324
2026-01-02 14:28:00.000000001,38.4667,35.31,6.835,6.835,38.626,16.6561,6.7318,6.4201,0.6741
2026-01-02 14:28:59.999999998,38.4833,35.258,6.855,6.855,37.563,16.7539,7.0236,6.4244,0.7
2026-01-02 14:30:00.000000000,38.5,35.286,6.8411,6.8411,38.505,16.8606,6.5627,6.3607,0.6777
2026-01-02 14:31:00.000000001,38.5167,35.258,6.8393,6.8393,38.297,16.6816,6.8301,6.4716,0.7135
2026-01-02 14:31:59.999999998,38.5333,35.312,6.8218,6.8218,36.712,16.6982,6.902,6.3792,0.6855
2026-01-02 14:33:00.000000000,38.55,35.245,6.8502,6.8502,38.345,16.8217,6.3693,6.3507,0.7008
2026-01-02 14:34:00.000000001,38.5667,35.266,6.8451,6.8451,36.958,16.8866,6.7814,6.3623,0.6735
2026-01-02 14:34:59.999999998,38.5833,35.259,6.8424,6.8424,36.824,16.8942,6.8062,6.4697,0.7258
2026-01-02 14:36:00.000000000,38.6,35.225,6.8529,6.8529,36.735,16.9817,6.6714,6.3358,0.7015
2026-01-02 14:37:00.000000001,38.6167,35.258,6.864,6.864,36.591,16.8656,6.6103,6.354,0.7028
2026-01-02 14:37:59.999999998,38.6333,35.348,6.8631,6.8631,34.319,16.8332,6.6145,6.5367,0.7166
2026-01-02 14:39:00.000000000,38.65,35.221,6.8602,6.8602,36.17,16.7623,6.6497,6.439,0.675
2026-01-02 14:40:00.000000001,38.6667,35.253,6.8444,6.8444,35.13,16.84,6.6495,6.3555,0.6877
2026-01-02 14:40:59.999999998,38.6833,35.293,6.838,6.838,37.432,16.9313,6.6171,6.3383,0.7034
2026-01-02 14:42:00.000000000,38.7,35.286,6.8285,6.8285,37.316,16.9389,6.6349,6.3089,0.6648
2026-01-02 14:43:00.000000001,38.7167,35.227,6.8376,6.8376,36.652,16.9037,6.8611,6.3976,0.6669
2026-01-02 14:43:59.999999998,38.7333,35.105,6.8499,6.8499,35.708,16.9303,6.4962,6.4293,0.6836
2026-01-02 14:45:00.000000000,38.75,35.248,6.8338,6.8338,35.027,16.9925,6.4119,6.4691,0.6772
2026-01-02 14:46:00.000000001,38.7667,35.109,6.8515,6.8515,35.248,16.9004,6.8512,6.2986,0.6931
2026-01-02 14:46:59.999999998,38.7833,35.291,6.8304,6.8304,37.273,17.0077,6.6373,6.3272,0.7104
2026-01-02 14:48:00.000000000,38.8,35.223,6.8165,6.8165,35.116,16.8441,6.6038,6.3877,0.715
2026-01-02 14:49:00.000000001,38.8167,35.262,6.8662,6.8662,33.74,16.9003,6.6413,6.5333,0.7362
2026-01-02 14:49:59.999999998,38.8333,35.164,6.8403,6.8403,36.409,16.8716,6.6853,6.4384,0.6995
2026-01-02 14:51:00.000000000,38.85,35.129,6.8331,6.8331,36.749,16.9774,6.5713,6.4129,0.7031
2026-01-02 14:52:00.000000001,38.8667,35.217,6.828,6.828,36.844,16.8368,6.7218,6.3332,0.6995
2026-01-02 14:52:59.999999998,38.8833,35.2,6.8584,6.8584,36.319,16.8961,6.4976,6.2887,0.7064
2026-01-02 14:54:00.000000000,38.9,35.174,6.8774,6.8774,36.425,16.777,6.5926,6.3968,0.708
2026-01-02 14:55:00.000000001,38.9167,35.2,6.8419,6.8419,35.485,16.9773,6.3017,6.3901,0.7184
2026-01-02 14:55:59.999999998,38.9333,35.331,6.8457,6.8457,33.764,17.0334,6.8058,6.3819,0.7184
2026-01-02 14:57:00.000000000,38.95,35.231,6.8714,6.8714,35.432,17.0105,6.5996,6.3764,0.7104
2026-01-02 14:58:00.000000001,38.9667,35.239,6.8138,6.8138,35.895,17.0065,6.7226,6.3582,0.7302
2026-01-02 14:58:59.999999998,38.9833,35.226,6.8893,6.8893,35.281,17.0126,6.6896,6.347,0.7005
2026-01-02 15:00:00.000000000,39.0,35.255,6.8989,6.8989,35.238,17.0054,6.6967,6.4655,0.6878
2026-01-02 15:01:00.000000001,39.0167,35.168,6.7959,6.7959,34.607,17.0025,6.6091,6.3519,0.691
2026-01-02 15:01:59.999999998,39.0333,35.072,6.848,6.848,34.575,17.0116,6.6646,6.3826,0.6979
2026-01-02 15:03:00.000000000,39.05,35.162,6.8356,6.8356,36.848,16.9088,6.4583,6.3947,0.6783
2026-01-02 15:04:00.000000001,39.0667,35.209,6.8447,6.8447,36.88,16.9492,6.423,6.4321,0.6877
2026-01-02 15:04:59.999999998,39.0833,35.117,6.8416,6.8416,35.383,16.9747,6.5796,6.3544,0.6772
2026-01-02 15:06:00.000000000,39.1,35.153,6.8662,6.8662,35.617,16.9462,6.4889,6.4461,0.7069
2026-01-02 15:07:00.000000001,39.1167,35.124,6.8477,6.8477,34.615,16.8517,6.8009,6.3684,0.7071
2026-01-02 15:07:59.999999998,39.1333,35.231,6.8317,6.8317,35.924,16.8821,6.6395,6.3895,0.6646
2026-01-02 15:09:00.000000000,39.15,35.19,6.8464,6.8464,36.829,17.0033,6.4719,6.4799,0.6869
2026-01-02 15:10:00.000000001,39.1667,35.182,6.8601,6.8601,34.212,17.0613,6.5348,6.3495,0.7365
2026-01-02 15:10:59.999999998,39.1833,35.177,6.8261,6.8261,35.821,16.9935,6.5917,6.4342,0.7126
2026-01-02 15:12:00.000000000,39.2,35.141,6.8168,6.8168,35.897,17.2179,6.5578,6.4486,0.7091
2026-01-02 15:13:00.000000001,39.2167,35.149,6.8895,6.8895,35.905,16.9271,6.605,6.4141,0.6867
2026-01-02 15:13:59.999999998,39.2333,35.077,6.8368,6.8368,36.816,17.0402,6.5707,6.3929,0.7057
2026-01-02 15:15:00.000000000,39.25,35.024,6.8468,6.8468,37.15,17.1119,6.3481,6.5052,0.6997
2026-01-02 15:16:00.000000001,39.2667,35.137,6.8416,6.8416,35.355,17.0978,6.2303,6.3985,0.6841
2026-01-02 15:16:59.999999998,39.2833,35.143,6.8604,6.8604,36.102,17.0689,6.4931,6.4096,0.6901
2026-01-02 15:18:00.000000000,39.3,35.184,6.8848,6.8848,35.654,17.106,6.6295,6.3827,0.6906
2026-01-02 15:19:00.000000001,39.3167,35.199,6.8609,6.8609,35.105,17.0288,6.4874,6.4073,0.6702
2026-01-02 15:19:59.999999998,39.3333,35.195,6.8189,6.8189,35.852,17.1613,6.7235,6.4481,0.6735
2026-01-02 15:21:00.000000000,39.35,35.064,6.8215,6.8215,36.198,17.1349,6.5273,6.3864,0.696
2026-01-02 15:22:00.000000001,39.3667,35.093,6.8411,6.8411,35.861,16.9681,6.7342,6.2949,0.683
2026-01-02 15:22:59.999999998,39.3833,35.132,6.8436,6.8436,35.009,17.0659,6.6997,6.4262,0.694
2026-01-02 15:24:00.000000000,39.4,35.231,6.8145,6.8145,35.371,16.9204,6.681,6.3468,0.6679
2026-01-02 15:25:00.000000001,39.4167,35.175,6.8652,6.8652,35.406,17.1699,6.3391,6.438,0.716
2026-01-02 15:25:59.999999998,39.4333,35.154,6.827,6.827,35.126,17.07,6.5185,6.401,0.7416
2026-01-02 15:27:00.000000000,39.45,35.076,6.8785,6.8785,36.08,17.1639,6.6957,6.4485,0.7205
2026-01-02 15:28:00.000000001,39.4667,35.048,6.8849,6.8849,36.194,17.0513,6.5496,6.3541,0.7226
2026-01-02 15:28:59.999999998,39.4833,35.128,6.8434,6.8434,36.675,16.9155,6.5882,6.3749,0.7125
2026-01-02 15:30:00.000000000,39.5,35.031,6.8571,6.8571,35.236,17.2789,6.2933,6.3849,0.7053
2026-01-02 15:31:00.000000001,39.5167,35.071,6.8235,6.8235,35.492,17.0824,6.7857,6.328,0.7017
2026-01-02 15:31:59.999999998,39.5333,35.074,6.8605,6.8605,37.231,16.9958,6.3756,6.4579,0.6817
2026-01-02 15:33:00.000000000,39.55,35.157,6.838,6.838,35.888,17.1715,6.1916,6.3212,0.7138
2026-01-02 15:34:00.000000001,39.5667,35.056,6.8261,6.8261,36.077,17.2466,6.4345,6.4575,0.7126
2026-01-02 15:34:59.999999998,39.5833,34.949,6.8419,6.8419,35.947,17.0715,6.1165,6.4241,0.6907
2026-01-02 15:36:00.000000000,39.6,35.094,6.8382,6.8382,37.028,17.0837,6.3173,6.3931,0.7105
2026-01-02 15:37:00.000000001,39.6167,35.031,6.8409,6.8409,37.093,17.1147,6.8603,6.4205,0.6861
2026-01-02 15:37:59.999999998,39.6333,35.065,6.8663,6.8663,37.081,17.0107,6.416,6.4193,0.6874
2026-01-02 15:39:00.000000000,39.65,35.056,6.8314,6.8314,36.247,17.0483,6.2553,6.3836,0.7155
2026-01-02 15:40:00.000000001,39.6667,35.044,6.8817,6.8817,35.564,17.2501,6.4697,6.4188,0.7086
2026-01-02 15:40:59.999999998,39.6833,35.094,6.8203,6.8203,37.838,17.1009,6.3278,6.4406,0.6954
2026-01-02 15:42:00.000000000,39.7,34.975,6.879,6.879,37.019,17.0485,6.5886,6.357,0.693
2026-01-02 15:43:00.000000001,39.7167,35.023,6.8262,6.8262,36.005,17.0833,6.3221,6.4217,0.7035
2026-01-02 15:43:59.999999998,39.7333,35.081,6.8463,6.8463,37.546,17.2093,6.4926,6.2733,0.6633
2026-01-02 15:45:00.000000000,39.75,35.013,6.8364,6.8364,36.015,16.9693,6.2765,6.3084,0.6848
2026-01-02 15:46:00.000000001,39.7667,34.961,6.8392,6.8392,37.609,17.1517,6.835,6.4333,0.6747
2026-01-02 15:46:59.999999998,39.7833,35.072,6.8619,6.8619,37.701,17.3323,6.5172,6.3843,0.7002
2026-01-02 15:48:00.000000000,39.8,35.093,6.8757,6.8757,35.819,17.3018,6.4164,6.3628,0.7218
2026-01-02 15:49:00.000000001,39.8167,35.032,6.8693,6.8693,37.059,17.1892,6.3909,6.403,0.7095
2026-01-02 15:49:59.999999998,39.8333,34.934,6.8372,6.8372,37.257,17.2526,6.3484,6.386,0.6898
2026-01-02 15:51:00.000000000,39.85,35.065,6.8488,6.8488,38.762,17.2558,6.3139,6.3566,0.6859
2026-01-02 15:52:00.000000001,39.8667,34.944,6.8293,6.8293,36.114,17.1452,6.3063,6.3243,0.6849
2026-01-02 15:52:59.999999998,39.8833,35.04,6.8249,6.8249,37.892,17.2332,6.673,6.308,0.74
2026-01-02 15:54:00.000000000,39.9,34.978,6.8216,6.8216,36.799,17.3063,6.335,6.4435,0.7014
2026-01-02 15:55:00.000000001,39.9167,34.962,6.8356,6.8356,35.831,17.0661,6.0951,6.3857,0.704
2026-01-02 15:55:59.999999998,39.9333,34.996,6.8491,6.8491,36.766,17.2173,6.2362,6.4555,0.6578
2026-01-02 15:57:00.000000000,39.95,35.007,6.8057,6.8057,36.903,17.204,6.5469,6.3856,0.6764
2026-01-02 15:58:00.000000001,39.9667,34.982,6.8428,6.8428,36.093,17.1874,6.3666,6.4251,0.6991
2026-01-02 15:58:59.999999998,39.9833,35.041,6.8738,6.8738,37.229,17.1843,6.381,6.4013,0.69
2026-01-02 16:00:00.000000000,40.0,34.988,6.8657,6.8657,37.785,17.2056,6.5733,6.41,0.7027
2026-01-02 16:01:00.000000001,40.0167,35.057,6.8314,6.8314,37.249,17.2163,6.2779,6.4126,0.7024
2026-01-02 16:01:59.999999998,40.0333,35.02,6.8149,6.8149,36.664,17.2845,6.4861,6.3859,0.712
2026-01-02 16:03:00.000000000,40.05,34.969,6.8518,6.8518,37.018,17.2372,6.2877,6.3469,0.6626
2026-01-02 16:04:00.000000001,40.0667,34.959,6.7961,6.7961,37.173,17.1888,6.471,6.4469,0.6779
2026-01-02 16:04:59.999999998,40.0833,34.918,6.8644,6.8644,37.39,17.1398,6.3227,6.4884,0.698
2026-01-02 16:06:00.000000000,40.1,35.014,6.8377,6.8377,38.144,17.1732,6.3418,6.4919,0.6871
2026-01-02 16:07:00.000000001,40.1167,34.98,6.8783,6.8783,37.513,17.2359,6.4978,6.3815,0.6938
2026-01-02 16:07:59.999999998,40.1333,34.877,6.8069,6.8069,36.213,17.1625,6.4838,6.3727,0.7022
2026-01-02 16:09:00.000000000,40.15,34.967,6.8596,6.8596,36.925,17.2987,6.3435,6.3818,0.6851
2026-01-02 16:10:00.000000001,40.1667,34.948,6.8389,6.8389,37.548,17.2614,6.2944,6.401,0.7038
2026-01-02 16:10:59.999999998,40.1833,35.07,6.8341,6.8341,38.354,17.3224,6.6018,6.4073,0.7109
2026-01-02 16:12:00.000000000,40.2,34.905,6.8131,6.8131,38.533,17.1839,6.4471,6.3602,0.7013
2026-01-02 16:13:00.000000001,40.2167,34.916,6.8521,6.8521,38.954,17.1725,6.2968,6.3364,0.7144
2026-01-02 16:13:59.999999998,40.2333,35.042,6.8535,6.8535,37.679,17.3338,6.2543,6.413,0.6565
2026-01-02 16:15:00.000000000,40.25,35.053,6.8754,6.8754,38.225,17.2573,6.5028,6.2342,0.6883
2026-01-02 16:16:00.000000001,40.2667,34.947,6.8596,6.8596,36.491,17.2348,6.3633,6.4059,0.7178
2026-01-02 16:16:59.999999998,40.2833,34.952,6.8273,6.8273,38.038,17.3108,6.3182,6.3639,0.6827
2026-01-02 16:18:00.000000000,40.3,35.013,6.8188,6.8188,36.874,17.3119,6.3569,6.4503,0.68
2026-01-02 16:19:00.000000001,40.3167,34.865,6.8112,6.8112,37.724,17.1625,6.3871,6.4639,0.6975
2026-01-02 16:19:59.999999998,40.3333,34.887,6.8678,6.8678,40.238,17.3777,6.3248,6.4653,0.6997
2026-01-02 16:21:00.000000000,40.35,34.965,6.8225,6.8225,38.098,17.2381,6.5108,6.3946,0.6893
2026-01-02 16:22:00.000000001,40.3667,35.055,6.8673,6.8673,37.204,17.411,6.516,6.3554,0.7369
2026-01-02 16:22:59.999999998,40.3833,34.955,6.8479,6.8479,38.261,17.1723,6.4037,6.3716,0.7057
2026-01-02 16:24:00.000000000,40.4,34.981,6.8438,6.8438,37.562,17.3084,6.5271,6.4269,0.6819
2026-01-02 16:25:00.000000001,40.4167,35.032,6.8307,6.8307,37.247,17.2721,6.319,6.3304,0.6712
2026-01-02 16:25:59.999999998,40.4333,35.08,6.8498,6.8498,39.739,17.133,6.4182,6.4826,0.7081
2026-01-02 16:27:00.000000000,40.45,34.945,6.836,6.836,38.95,17.3477,6.4623,6.3966,0.6815
2026-01-02 16:28:00.000000001,40.4667,34.972,6.8286,6.8286,38.414,17.1451,6.4614,6.4383,0.7431
2026-01-02 16:28:59.999999998,40.4833,35.064,6.8496,6.8496,37.864,17.2797,6.4429,6.3244,0.7086
2026-01-02 16:30:00.000000000,40.5,34.896,6.8325,6.8325,37.97,17.3954,6.3971,6.3674,0.7112
2026-01-02 16:31:00.000000001,40.5167,35.023,6.8191,6.8191,39.493,17.2687,6.5929,6.3186,0.705
2026-01-02 16:31:59.999999998,40.5333,34.92,6.8467,6.8467,38.546,17.2428,6.2154,6.4652,0.7224
2026-01-02 16:33:00.000000000,40.55,34.975,6.8331,6.8331,35.875,17.3831,6.27,6.4063,0.6521
2026-01-02 16:34:00.000000001,40.5667,34.958,6.8439,6.8439,40.32,17.3031,6.2581,6.4431,0.6759
2026-01-02 16:34:59.999999998,40.5833,34.922,6.8247,6.8247,38.571,17.2947,6.2321,6.4179,0.7207
2026-01-02 16:36:00.000000000,40.6,34.92,6.8093,6.8093,38.741,17.4331,5.986,6.4383,0.73
2026-01-02 16:37:00.000000001,40.6167,34.983,6.8678,6.8678,39.377,17.2417,6.4875,6.3982,0.6753
2026-01-02 16:37:59.999999998,40.6333,35.019,6.8637,6.8637,38.922,17.3024,6.1244,6.4051,0.6636
2026-01-02 16:39:00.000000000,40.65,34.962,6.8501,6.8501,39.19,17.4125,6.3008,6.4109,0.7034
2026-01-02 16:40:00.000000001,40.6667,34.972,6.8244,6.8244,38.296,17.2486,6.0591,6.436,0.7097
2026-01-02 16:40:59.999999998,40.6833,34.997,6.8258,6.8258,37.694,17.4932,6.3625,6.4375,0.7029
2026-01-02 16:42:00.000000000,40.7,34.92,6.8591,6.8591,38.946,17.3378,6.1486,6.5567,0.6988
2026-01-02 16:43:00.000000001,40.7167,35.005,6.824,6.824,39.911,17.4292,6.0931,6.5004,0.663
2026-01-02 16:43:59.999999998,40.7333,35.009,6.8181,6.8181,38.292,17.433,6.2897,6.3275,0.6925
2026-01-02 16:45:00.000000000,40.75,35.099,6.8679,6.8679,38.272,17.3551,6.1525,6.4095,0.6955
2026-01-02 16:46:00.000000001,40.7667,34.95,6.8291,6.8291,39.877,17.3329,6.1686,6.3966,0.689
2026-01-02 16:46:59.999999998,40.7833,34.946,6.8651,6.8651,38.58,17.3718,6.2775,6.4811,0.6616
2026-01-02 16:48:00.000000000,40.8,35.007,6.8014,6.8014,38.664,17.4363,6.3689,6.4015,0.7117
2026-01-02 16:49:00.000000001,40.8167,35.01,6.8394,6.8394,38.741,17.3044,6.1232,6.4407,0.7173
2026-01-02 16:49:59.999999998,40.8333,34.942,6.8701,6.8701,39.035,17.2911,6.0944,6.3008,0.6841
2026-01-02 16:51:00.000000000,40.85,34.949,6.8289,6.8289,37.877,17.5101,6.2437,6.3422,0.6963
2026-01-02 16:52:00.000000001,40.8667,34.997,6.8227,6.8227,38.754,17.3366,6.3182,6.5227,0.6901
2026-01-02 16:52:59.999999998,40.8833,34.929,6.8042,6.8042,39.421,17.4277,6.4539,6.4208,0.6903
2026-01-02 16:54:00.000000000,40.9,34.95,6.8489,6.8489,39.467,17.3873,6.0709,6.3685,0.7099
2026-01-02 16:55:00.000000001,40.9167,34.975,6.8115,6.8115,40.267,17.3948,6.1811,6.4308,0.7103
2026-01-02 16:55:59.999999998,40.9333,35.021,6.8246,6.8246,40.866,17.5259,6.4023,6.3662,0.7215
2026-01-02 16:57:00.000000000,40.95,34.941,6.8014,6.8014,40.66,17.4087,6.519,6.4049,0.7211
2026-01-02 16:58:00.000000001,40.9667,34.88,6.8569,6.8569,40.239,17.391,6.0713,6.3466,0.6966
2026-01-02 16:58:59.999999998,40.9833,34.877,6.8485,6.8485,39.446,17.402,6.1066,6.38,0.7568
2026-01-02 17:00:00.000000000,41.0,34.91,6.8244,6.8244,39.127,17.3874,6.2718,6.3988,0.731
2026-01-02 17:01:00.000000001,41.0167,34.908,6.8015,6.8015,39.701,17.3781,6.1252,6.4759,0.6868
2026-01-02 17:01:59.999999998,41.0333,34.966,6.855,6.855,40.219,17.3957,6.0951,6.4433,0.7025
2026-01-02 17:03:00.000000000,41.05,34.915,6.8165,6.8165,40.473,17.5728,6.2429,6.4522,0.6603
2026-01-02 17:04:00.000000001,41.0667,34.94,6.8014,6.8014,40.382,17.5007,6.4359,6.4192,0.7005
2026-01-02 17:04:59.999999998,41.0833,34.937,6.7878,6.7878,39.857,17.4202,6.0043,6.4618,0.7335
2026-01-02 17:06:00.000000000,41.1,34.954,6.8098,6.8098,40.656,17.5304,6.4227,6.3772,0.7556
2026-01-02 17:07:00.000000001,41.1167,35.043,6.7932,6.7932,41.11,17.3289,6.1089,6.3844,0.6976
2026-01-02 17:07:59.999999998,41.1333,35.01,6.8095,6.8095,40.883,17.57,6.2443,6.4416,0.7067
2026-01-02 17:09:00.000000000,41.15,34.979,6.8364,6.8364,40.235,17.5676,6.4283,6.4075,0.7121
2026-01-02 17:10:00.000000001,41.1667,34.955,6.8136,6.8136,39.678,17.6469,6.2357,6.421,0.7396
2026-01-02 17:10:59.999999998,41.1833,34.957,6.8278,6.8278,39.746,17.553,6.1396,6.4137,0.6803
2026-01-02 17:12:00.000000000,41.2,34.996,6.8059,6.8059,39.979,17.5111,6.2892,6.4847,0.7531
2026-01-02 17:13:00.000000001,41.2167,35.009,6.8212,6.8212,40.825,17.5834,6.1528,6.4875,0.6937
2026-01-02 17:13:59.999999998,41.2333,34.935,6.858,6.858,41.134,17.4341,6.2543,6.3911,0.6766
2026-01-02 17:15:00.000000000,41.25,34.983,6.8122,6.8122,39.691,17.4566,6.1427,6.3347,0.6937
2026-01-02 17:16:00.000000001,41.2667,34.88,6.8264,6.8264,40.528,17.4871,6.2999,6.3873,0.6838
2026-01-02 17:16:59.999999998,41.2833,34.992,6.787,6.787,41.239,17.6058,5.9589,6.3782,0.7084
2026-01-02 17:18:00.000000000,41.3,35.02,6.8483,6.8483,40.443,17.4319,6.0133,6.4648,0.667
2026-01-02 17:19:00.000000001,41.3167,34.968,6.808,6.808,41.634,17.4274,5.9513,6.4695,0.7028
2026-01-02 17:19:59.999999998,41.3333,35.073,6.8381,6.8381,41.171,17.5274,6.1515,6.3721,0.7133
2026-01-02 17:21:00.000000000,41.35,34.938,6.8142,6.8142,40.975,17.5699,5.9279,6.3861,0.7297
2026-01-02 17:22:00.000000001,41.3667,34.993,6.8285,6.8285,41.739,17.4603,6.0509,6.3501,0.7136
2026-01-02 17:22:59.999999998,41.3833,34.981,6.8293,6.8293,42.159,17.5742,5.9859,6.431,0.7284
2026-01-02 17:24:00.000000000,41.4,34.977,6.8064,6.8064,41.323,17.6341,6.3714,6.4222,0.6879
2026-01-02 17:25:00.000000001,41.4167,34.976,6.8369,6.8369,41.972,17.6247,5.9982,6.4641,0.7079
2026-01-02 17:25:59.999999998,41.4333,34.987,6.7994,6.7994,42.712,17.561,5.9512,6.4497,0.6554
2026-01-02 17:27:00.000000000,41.45,35.024,6.8298,6.8298,41.908,17.5295,6.1788,6.4556,0.6977
2026-01-02 17:28:00.000000001,41.4667,35.05,6.806,6.806,41.38,17.6797,6.392,6.3482,0.7077
2026-01-02 17:28:59.999999998,41.4833,34.98,6.8204,6.8204,41.674,17.5461,6.119,6.3941,0.7095
2026-01-02 17:30:00.000000000,41.5,35.021,6.8037,6.8037,42.775,17.6242,6.128,6.4731,0.6685
2026-01-02 17:31:00.000000001,41.5167,34.944,6.8135,6.8135,42.27,17.7097,6.3248,6.3989,0.6922
2026-01-02 17:31:59.999999998,41.5333,35.017,6.7906,6.7906,43.273,17.6239,6.2604,6.3447,0.695
2026-01-02 17:33:00.000000000,41.55,34.939,6.8166,6.8166,45.118,17.4814,6.1899,6.4667,0.6914
2026-01-02 17:34:00.000000001,41.5667,35.031,6.8121,6.8121,42.93,17.4661,6.0361,6.3976,0.7145
2026-01-02 17:34:59.999999998,41.5833,35.085,6.8,6.8,44.063,17.5454,6.1893,6.4798,0.6957
2026-01-02 17:36:00.000000000,41.6,34.967,6.8093,6.8093,46.263,17.6301,5.9143,6.4259,0.702
2026-01-02 17:37:00.000000001,41.6167,34.862,6.8126,6.8126,45.162,17.6129,6.0223,6.4132,0.6902
2026-01-02 17:37:59.999999998,41.6333,34.943,6.7972,6.7972,44.831,17.758,6.328,6.4954,0.7213
2026-01-02 17:39:00.000000000,41.65,35.03,6.8065,6.8065,45.301,17.6203,6.3061,6.3623,0.7228
2026-01-02 17:40:00.000000001,41.6667,34.994,6.7886,6.7886,46.082,17.5634,6.1739,6.4994,0.6938
2026-01-02 17:40:59.999999998,41.6833,34.977,6.8552,6.8552,47.42,17.503,5.8164,6.3959,0.757
2026-01-02 17:42:00.000000000,41.7,35.012,6.829,6.829,45.974,17.6921,5.922,6.4362,0.6847
2026-01-02 17:43:00.000000001,41.7167,34.984,6.8129,6.8129,46.139,17.6012,5.9988,6.4369,0.7201
2026-01-02 17:43:59.999999998,41.7333,35.018,6.8304,6.8304,46.0,17.4853,6.0725,6.4071,0.681
2026-01-02 17:45:00.000000000,41.75,35.0,6.7669,6.7669,47.555,17.6116,5.9082,6.3906,0.7155
2026-01-02 17:46:00.000000001,41.7667,35.027,6.7549,6.7549,46.728,17.5343,6.0564,6.4104,0.7139
2026-01-02 17:46:59.999999998,41.7833,34.966,6.7977,6.7977,47.872,17.5839,6.3559,6.3783,0.6798
2026-01-02 17:48:00.000000000,41.8,34.99,6.7777,6.7777,47.917,17.6226,6.1485,6.5274,0.6974
2026-01-02 17:49:00.000000001,41.8167,34.927,6.8001,6.8001,49.913,17.5537,6.1187,6.4054,0.7374
2026-01-02 17:49:59.999999998,41.8333,34.908,6.8085,6.8085,49.066,17.5912,5.9308,6.4876,0.6837
2026-01-02 17:51:00.000000000,41.85,35.02,6.8223,6.8223,50.218,17.5748,5.8352,6.4812,0.708
2026-01-02 17:52:00.000000001,41.8667,34.942,6.7807,6.7807,49.053,17.581,5.8944,6.4482,0.7067
2026-01-02 17:52:59.999999998,41.8833,34.968,6.811,6.811,50.884,17.5618,5.8242,6.4235,0.6992
2026-01-02 17:54:00.000000000,41.9,34.93,6.8029,6.8029,50.265,17.6078,6.085,6.4402,0.6654
2026-01-02 17:55:00.000000001,41.9167,34.891,6.8091,6.8091,51.341,17.579,6.1289,6.4593,0.7166
2026-01-02 17:55:59.999999998,41.9333,34.917,6.7913,6.7913,53.909,17.7016,5.9241,6.4359,0.7002
2026-01-02 17:57:00.000000000,41.95,34.984,6.829,6.829,53.348,17.6748,6.0887,6.3527,0.7221
2026-01-02 17:58:00.000000001,41.9667,34.936,6.7988,6.7988,52.964,17.7584,6.2844,6.3404,0.7046
2026-01-02 17:58:59.999999998,41.9833,34.818,6.8359,6.8359,56.092,17.8178,6.3554,6.5069,0.7013
2026-01-02 18:00:00.000000000,42.0,34.889,6.7842,6.7842,53.268,17.7251,6.1749,6.2999,0.7075
2026-01-02 18:01:00.000000001,42.0167,34.985,6.8146,6.8144,55.398,17.7233,6.0307,6.4495,0.6802
2026-01-02 18:01:59.999999998,42.0333,34.881,6.7982,6.7979,53.705,17.7629,6.1653,6.4361,0.7312
2026-01-02 18:03:00.000000000,42.05,34.798,6.7925,6.7921,55.198,17.7573,6.255,6.464,0.6925
2026-01-02 18:04:00.000000001,42.0667,34.979,6.8114,6.8109,54.773,17.7404,5.7488,6.407,0.6927
2026-01-02 18:04:59.999999998,42.0833,34.914,6.7925,6.7918,56.511,17.7504,6.2698,6.4896,0.7258
2026-01-02 18:06:00.000000000,42.1,34.873,6.7449,6.7441,56.799,17.6875,5.9635,6.4905,0.7049
2026-01-02 18:07:00.000000001,42.1167,34.854,6.7366,6.7357,56.95,17.8527,5.9626,6.6264,0.6953
2026-01-02 18:07:59.999999998,42.1333,34.923,6.823,6.822,58.504,17.7995,5.9872,6.5029,0.7083
2026-01-02 18:09:00.000000000,42.15,34.838,6.8219,6.8207,57.604,17.9344,6.0862,6.5719,0.7125
2026-01-02 18:10:00.000000001,42.1667,34.919,6.8347,6.8334,58.737,17.9081,5.8691,6.4377,0.6976
2026-01-02 18:10:59.999999998,42.1833,34.886,6.7963,6.7949,59.54,17.8012,5.9908,6.5718,0.7184
2026-01-02 18:12:00.000000000,42.2,34.868,6.7705,6.7689,58.096,17.9675,6.11,6.5402,0.6746
2026-01-02 18:13:00.000000001,42.2167,34.86,6.7877,6.7859,59.071,17.6795,6.0617,6.5506,0.7052
2026-01-02 18:13:59.999999998,42.2333,34.841,6.796,6.7941,60.09,18.0553,6.0837,6.5594,0.716
2026-01-02 18:15:00.000000000,42.25,34.899,6.7753,6.7733,60.916,17.8103,5.9757,6.6387,0.7124
2026-01-02 18:16:00.000000001,42.2667,34.801,6.8281,6.826,61.902,17.9735,6.1261,6.5743,0.6552
2026-01-02 18:16:59.999999998,42.2833,34.761,6.8397,6.8374,60.934,17.9847,6.1782,6.5306,0.6975
2026-01-02 18:18:00.000000000,42.3,34.871,6.8041,6.8017,61.183,18.057,6.1669,6.5472,0.6757
2026-01-02 18:19:00.000000001,42.3167,34.869,6.7941,6.7915,61.054,17.9574,6.0794,6.627,0.7257
2026-01-02 18:19:59.999999998,42.3333,34.86,6.7681,6.7654,62.321,17.8287,6.1538,6.6168,0.6922
2026-01-02 18:21:00.000000000,42.35,34.855,6.8246,6.8218,62.111,17.9908,6.1414,6.5261,0.7235
2026-01-02 18:22:00.000000001,42.3667,34.817,6.7949,6.792,62.409,18.0161,6.4099,6.6366,0.6757
2026-01-02 18:22:59.999999998,42.3833,34.87,6.7873,6.7842,62.82,17.8864,6.1889,6.565,0.7078
2026-01-02 18:24:00.000000000,42.4,34.828,6.8024,6.7992,63.591,18.0707,5.9907,6.6493,0.7002
2026-01-02 18:25:00.000000001,42.4167,34.804,6.7808,6.7775,62.941,17.9977,5.865,6.5953,0.7553
2026-01-02 18:25:59.999999998,42.4333,34.812,6.7952,6.7917,63.006,18.1523,5.9604,6.6298,0.7236
2026-01-02 18:27:00.000000000,42.45,34.928,6.7631,6.7595,64.188,18.0974,5.9475,6.6248,0.7223
2026-01-02 18:28:00.000000001,42.4667,34.739,6.8134,6.8096,61.63,18.2907,6.0718,6.7363,0.7406
2026-01-02 18:28:59.999999998,42.4833,34.851,6.7893,6.7854,63.765,18.1301,5.8879,6.6887,0.7057
2026-01-02 18:30:00.000000000,42.5,34.741,6.8142,6.8102,63.513,18.2017,6.1695,6.7399,0.698
2026-01-02 18:31:00.000000001,42.5167,34.82,6.7867,6.7826,65.572,18.1671,5.7801,6.8299,0.6957
2026-01-02 18:31:59.999999998,42.5333,34.803,6.7878,6.7835,64.423,18.071,5.7414,6.6958,0.7066
2026-01-02 18:33:00.000000000,42.55,34.72,6.766,6.7616,64.483,18.2012,5.9639,6.7768,0.6446
2026-01-02 18:34:00.000000001,42.5667,34.844,6.8051,6.8006,65.039,18.2947,5.8556,6.675,0.7
2026-01-02 18:34:59.999999998,42.5833,34.806,6.7721,6.7674,64.739,18.2994,5.7911,6.7811,0.7045
2026-01-02 18:36:00.000000000,42.6,34.72,6.7796,6.7748,65.022,18.2445,5.8821,6.6862,0.6969
2026-01-02 18:37:00.000000001,42.6167,34.867,6.7891,6.7842,65.542,18.1683,5.8612,6.734,0.6694
2026-01-02 18:37:59.999999998,42.6333,34.898,6.7912,6.7861,65.239,18.3532,5.9748,6.7701,0.697
2026-01-02 18:39:00.000000000,42.65,34.901,6.7544,6.7492,65.338,18.3521,5.8781,6.7863,0.6693
2026-01-02 18:40:00.000000001,42.6667,34.845,6.7836,6.7783,64.971,18.4029,5.8882,6.6963,0.7355
2026-01-02 18:40:59.999999998,42.6833,34.83,6.8039,6.7984,64.946,18.3304,5.9662,6.7249,0.6949
2026-01-02 18:42:00.000000000,42.7,34.895,6.7801,6.7745,66.001,18.2345,6.1169,6.8072,0.6587
2026-01-02 18:43:00.000000001,42.7167,34.913,6.7829,6.7772,66.275,18.429,6.1833,6.7667,0.6959
2026-01-02 18:43:59.999999998,42.7333,34.887,6.7904,6.7845,64.959,18.4025,5.9827,6.7236,0.7179
2026-01-02 18:45:00.000000000,42.75,34.784,6.7843,6.7783,66.774,18.5316,5.9922,6.7983,0.7035
2026-01-02 18:46:00.000000001,42.7667,34.842,6.766,6.7599,66.838,18.4396,5.9288,6.8043,0.6817
2026-01-02 18:46:59.999999998,42.7833,34.855,6.7856,6.7793,67.061,18.4506,6.0264,6.8275,0.6864
2026-01-02 18:48:00.000000000,42.8,34.743,6.8059,6.7995,66.57,18.5047,6.0106,6.8535,0.6943
2026-01-02 18:49:00.000000001,42.8167,34.858,6.7648,6.7582,66.885,18.4406,6.1489,6.8588,0.6912
2026-01-02 18:49:59.999999998,42.8333,34.949,6.778,6.7714,68.164,18.4538,5.6646,6.8055,0.6748
2026-01-02 18:51:00.000000000,42.85,34.869,6.7576,6.7508,66.21,18.5146,5.9107,6.8318,0.6986
2026-01-02 18:52:00.000000001,42.8667,34.912,6.8038,6.7969,65.647,18.4659,5.9947,6.9072,0.6733
2026-01-02 18:52:59.999999998,42.8833,34.848,6.7829,6.7758,65.285,18.5383,5.9378,6.8421,0.719
2026-01-02 18:54:00.000000000,42.9,34.837,6.7675,6.7603,67.941,18.7289,5.7988,6.8579,0.7214
2026-01-02 18:55:00.000000001,42.9167,34.861,6.7861,6.7788,67.973,18.6743,5.7427,6.8109,0.6799
2026-01-02 18:55:59.999999998,42.9333,34.802,6.7599,6.7525,65.836,18.6326,6.0565,6.8931,0.6857
2026-01-02 18:57:00.000000000,42.95,34.796,6.7631,6.7555,66.008,18.7493,5.82,6.9203,0.6915
2026-01-02 18:58:00.000000001,42.9667,34.908,6.7543,6.7466,66.343,18.5763,5.6682,6.8128,0.6994
2026-01-02 18:58:59.999999998,42.9833,34.915,6.7619,6.754,67.591,18.8587,6.0579,6.8665,0.7051
2026-01-02 19:00:00.000000000,43.0,34.798,6.8101,6.8021,65.588,18.6398,5.9963,6.8574,0.7093
2026-01-02 19:01:00.000000001,43.0167,34.897,6.7681,6.76,65.048,18.8542,5.908,6.9764,0.7088
2026-01-02 19:01:59.999999998,43.0333,34.845,6.7918,6.7836,68.357,18.8711,5.7862,6.8499,0.7311
2026-01-02 19:03:00.000000000,43.05,34.868,6.7655,6.7571,66.873,18.5881,5.9044,6.9501,0.7012
2026-01-02 19:04:00.000000001,43.0667,34.875,6.7972,6.7887,66.984,18.863,6.1017,6.9985,0.674
2026-01-02 19:04:59.999999998,43.0833,34.903,6.7613,6.7526,66.451,18.7403,5.6752,6.9805,0.6678
2026-01-02 19:06:00.000000000,43.1,34.858,6.7824,6.7736,66.981,18.7348,5.6808,6.9577,0.7327
2026-01-02 19:07:00.000000001,43.1167,34.926,6.7824,6.7735,65.389,18.8394,5.8192,7.0055,0.7102
2026-01-02 19:07:59.999999998,43.1333,34.872,6.8277,6.8186,65.918,18.7342,5.9074,7.0486,0.7041
2026-01-02 19:09:00.000000000,43.15,34.889,6.7935,6.7843,66.663,18.8723,5.835,6.9999,0.709
2026-01-02 19:10:00.000000001,43.1667,34.817,6.7688,6.7595,64.749,18.7742,6.0039,6.9019,0.7032
2026-01-02 19:10:59.999999998,43.1833,34.968,6.7941,6.7847,66.309,18.881,6.0688,7.0799,0.7087
2026-01-02 19:12:00.000000000,43.2,34.884,6.823,6.8134,66.243,18.9911,5.9453,7.0511,0.6925
2026-01-02 19:13:00.000000001,43.2167,34.897,6.7474,6.7377,66.275,18.9326,5.9856,7.038,0.7211
2026-01-02 19:13:59.999999998,43.2333,34.782,6.7629,6.7531,66.058,18.8904,5.9404,6.9493,0.6895
2026-01-02 19:15:00.000000000,43.25,34.822,6.7748,6.7648,65.683,18.9799,5.8991,7.042,0.6819
2026-01-02 19:16:00.000000001,43.2667,34.926,6.771,6.7609,65.001,18.8416,5.7017,7.0218,0.6662
2026-01-02 19:16:59.999999998,43.2833,34.88,6.7725,6.7622,66.552,18.9044,5.7396,7.0133,0.6952
2026-01-02 19:18:00.000000000,43.3,34.77,6.7528,6.7424,66.174,18.9545,5.6892,7.076,0.7254
2026-01-02 19:19:00.000000001,43.3167,34.919,6.8068,6.7963,65.29,19.0694,5.8676,7.0646,0.6909
2026-01-02 19:19:59.999999998,43.3333,34.841,6.7501,6.7394,66.415,19.0564,5.9228,7.0765,0.6724
2026-01-02 19:21:00.000000000,43.35,34.939,6.7743,6.7635,66.104,19.0843,5.6687,7.1457,0.7057
2026-01-02 19:22:00.000000001,43.3667,34.865,6.799,6.7881,65.945,19.0568,5.895,7.1301,0.687
2026-01-02 19:22:59.999999998,43.3833,34.88,6.7773,6.7663,64.561,19.0135,5.751,7.1013,0.731
2026-01-02 19:24:00.000000000,43.4,34.93,6.7582,6.747,66.805,19.2131,5.72,7.1036,0.7215
2026-01-02 19:25:00.000000001,43.4167,34.826,6.7506,6.7392,65.244,19.0558,5.7846,7.1206,0.6746
2026-01-02 19:25:59.999999998,43.4333,34.822,6.7728,6.7613,66.252,19.1628,5.7085,7.1397,0.6965
2026-01-02 19:27:00.000000000,43.45,34.863,6.762,6.7504,65.525,19.1379,5.9657,7.19,0.6849
2026-01-02 19:28:00.000000001,43.4667,34.914,6.7811,6.7694,65.83,19.2095,5.8476,7.1174,0.6768
2026-01-02 19:28:59.999999998,43.4833,34.807,6.7488,6.7369,67.032,19.1337,5.9932,7.2511,0.6989
2026-01-02 19:30:00.000000000,43.5,34.79,6.7929,6.7809,66.504,19.2841,5.8025,7.2162,0.7164
2026-01-02 19:31:00.000000001,43.5167,34.915,6.7788,6.7666,66.951,19.3278,5.8063,7.0588,0.6984
2026-01-02 19:31:59.999999998,43.5333,34.844,6.7801,6.7678,66.279,19.3145,6.1463,7.2087,0.6897
2026-01-02 19:33:00.000000000,43.55,34.855,6.805,6.7926,66.299,19.2656,5.62,7.2653,0.6559
2026-01-02 19:34:00.000000001,43.5667,34.782,6.7672,6.7547,64.523,19.2359,6.0543,7.2414,0.6867
2026-01-02 19:34:59.999999998,43.5833,34.842,6.7613,6.7486,65.661,19.5143,6.1079,7.2101,0.711
2026-01-02 19:36:00.000000000,43.6,34.875,6.7647,6.7519,65.701,19.227,5.9728,7.2365,0.6732
2026-01-02 19:37:00.000000001,43.6167,34.922,6.7716,6.7587,66.825,19.3946,5.8065,7.2573,0.7257
2026-01-02 19:37:59.999999998,43.6333,34.838,6.7735,6.7604,65.406,19.3685,6.0683,7.2956,0.6883
2026-01-02 19:39:00.000000000,43.65,34.959,6.7586,6.7454,65.988,19.3548,5.8042,7.1952,0.7039
2026-01-02 19:40:00.000000001,43.6667,34.842,6.7346,6.7212,65.921,19.3924,5.7447,7.2445,0.692
2026-01-02 19:40:59.999999998,43.6833,34.842,6.7637,6.7502,66.631,19.3546,5.7905,7.3655,0.6765
2026-01-02 19:42:00.000000000,43.7,34.953,6.7819,6.7683,65.562,19.4475,5.7614,7.294,0.7088
2026-01-02 19:43:00.000000001,43.7167,34.887,6.7773,6.7636,66.295,19.4565,5.7032,7.3776,0.688
2026-01-02 19:43:59.999999998,43.7333,34.849,6.7985,6.7846,64.233,19.6632,6.0099,7.4593,0.6833
2026-01-02 19:45:00.000000000,43.75,34.868,6.8134,6.7994,64.269,19.5526,5.7256,7.2943,0.6525
2026-01-02 19:46:00.000000001,43.7667,34.944,6.7894,6.7753,63.696,19.5262,5.8353,7.2679,0.7261
2026-01-02 19:46:59.999999998,43.7833,34.949,6.8017,6.7875,66.115,19.5489,5.6214,7.3234,0.7001
2026-01-02 19:48:00.000000000,43.8,34.835,6.7893,6.7749,65.987,19.6679,5.8408,7.4004,0.7221
2026-01-02 19:49:00.000000001,43.8167,34.873,6.808,6.7935,66.128,19.4611,5.661,7.4163,0.7124
2026-01-02 19:49:59.999999998,43.8333,34.88,6.8107,6.7961,64.831,19.5421,5.6556,7.4768,0.7221
2026-01-02 19:51:00.000000000,43.85,34.825,6.7926,6.7778,64.885,19.4221,5.8145,7.3703,0.6887
2026-01-02 19:52:00.000000001,43.8667,34.872,6.7876,6.7727,65.201,19.6374,5.9877,7.4054,0.6726
2026-01-02 19:52:59.999999998,43.8833,34.874,6.7693,6.7542,66.414,19.6786,5.8934,7.3544,0.7153
2026-01-02 19:54:00.000000000,43.9,34.931,6.7724,6.7572,66.576,19.5492,5.902,7.2735,0.7026
2026-01-02 19:55:00.000000001,43.9167,34.933,6.7664,6.7511,65.818,19.7617,5.8044,7.4058,0.6907
2026-01-02 19:55:59.999999998,43.9333,34.856,6.7855,6.77,65.41,19.6075,5.7718,7.3591,0.7149
2026-01-02 19:57:00.000000000,43.95,34.861,6.7586,6.743,66.175,19.6557,5.939,7.4579,0.7062
2026-01-02 19:58:00.000000001,43.9667,34.905,6.7691,6.7533,64.863,19.7108,5.7342,7.3406,0.7128
2026-01-02 19:58:59.999999998,43.9833,34.842,6.7257,6.7098,64.716,19.8469,5.9421,7.4066,0.6796
2026-01-02 20:00:00.000000000,44.0,34.9,6.8072,6.7912,64.887,19.6689,6.0006,7.466,0.7196
2026-01-02 20:01:00.000000001,44.0167,34.865,6.7682,6.7521,64.169,19.7791,5.6872,7.4802,0.6999
2026-01-02 20:01:59.999999998,44.0333,34.82,6.7816,6.7654,64.773,19.8359,5.7076,7.4682,0.7217
2026-01-02 20:03:00.000000000,44.05,34.82,6.8016,6.7852,63.981,19.8376,5.7282,7.5729,0.7194
2026-01-02 20:04:00.000000001,44.0667,34.94,6.7784,6.7619,65.656,19.8588,5.5883,7.567,0.7137
2026-01-02 20:04:59.999999998,44.0833,34.859,6.8012,6.7845,65.232,19.8894,5.7362,7.4633,0.6978
2026-01-02 20:06:00.000000000,44.1,34.948,6.7474,6.7306,65.902,19.8024,6.0001,7.587,0.7142
2026-01-02 20:07:00.000000001,44.1167,34.839,6.8201,6.8032,63.416,20.0001,5.6464,7.6037,0.7222
2026-01-02 20:07:59.999999998,44.1333,34.878,6.7939,6.7768,66.202,19.8744,6.0003,7.5184,0.7121
2026-01-02 20:09:00.000000000,44.15,34.983,6.7763,6.7591,63.384,19.8822,5.7348,7.5359,0.7041
2026-01-02 20:10:00.000000001,44.1667,34.809,6.8005,6.7832,63.645,20.0278,6.1152,7.5402,0.7142
2026-01-02 20:10:59.999999998,44.1833,34.766,6.7486,6.7311,64.068,19.888,5.6942,7.5196,0.6895
2026-01-02 20:12:00.000000000,44.2,34.924,6.7662,6.7486,65.573,19.9824,5.7732,7.5336,0.7303
2026-01-02 20:13:00.000000001,44.2167,34.818,6.8008,6.783,64.668,19.9173,5.6566,7.6359,0.6664
2026-01-02 20:13:59.999999998,44.2333,34.857,6.7345,6.7166,64.255,20.195,5.6883,7.6009,0.7007
2026-01-02 20:15:00.000000000,44.25,34.827,6.783,6.765,63.777,20.1965,5.9905,7.5604,0.6919
2026-01-02 20:16:00.000000001,44.2667,34.869,6.7824,6.7643,63.272,20.0215,5.8593,7.5509,0.6872
2026-01-02 20:16:59.999999998,44.2833,34.807,6.8111,6.7929,65.241,20.0903,5.9408,7.5684,0.7061
2026-01-02 20:18:00.000000000,44.3,34.844,6.7401,6.7217,64.936,20.0677,5.5875,7.6073,0.6775
2026-01-02 20:19:00.000000001,44.3167,34.874,6.8039,6.7854,65.341,20.0578,5.8814,7.6702,0.743
2026-01-02 20:19:59.999999998,44.3333,34.8,6.7605,6.7418,64.539,20.1138,5.6358,7.5907,0.673
2026-01-02 20:21:00.000000000,44.35,34.814,6.7627,6.7439,62.07,20.1194,5.5793,7.6879,0.681
2026-01-02 20:22:00.000000001,44.3667,34.831,6.7472,6.7283,63.15,20.0195,5.8141,7.6618,0.6791
2026-01-02 20:22:59.999999998,44.3833,34.775,6.7499,6.7308,64.48,20.1807,5.811,7.6682,0.704
2026-01-02 20:24:00.000000000,44.4,34.824,6.7797,6.7605,63.775,20.1748,5.7831,7.7216,0.7203
2026-01-02 20:25:00.000000001,44.4167,34.85,6.7494,6.7301,63.587,20.2218,5.8811,7.7216,0.7105
2026-01-02 20:25:59.999999998,44.4333,34.823,6.7865,6.767,63.114,20.2092,5.9029,7.6184,0.7294
2026-01-02 20:27:00.000000000,44.45,34.828,6.7584,6.7388,64.718,20.2052,5.9907,7.6436,0.6835
2026-01-02 20:28:00.000000001,44.4667,34.839,6.7474,6.7277,64.288,20.3227,5.5901,7.6956,0.7132
2026-01-02 20:28:59.999999998,44.4833,34.806,6.7611,6.7413,64.288,20.314,5.9923,7.7341,0.6939
2026-01-02 20:30:00.000000000,44.5,34.872,6.7784,6.7584,63.344,20.4017,6.0478,7.7937,0.7046
2026-01-02 20:31:00.000000001,44.5167,34.907,6.7662,6.746,63.956,20.3483,5.7089,7.738,0.7222
2026-01-02 20:31:59.999999998,44.5333,34.811,6.7724,6.7522,62.708,20.3116,5.512,7.8292,0.6662
2026-01-02 20:33:00.000000000,44.55,34.857,6.7857,6.7653,63.639,20.3954,5.5531,7.7179,0.7398
2026-01-02 20:34:00.000000001,44.5667,34.819,6.7935,6.7729,61.685,20.2063,5.6898,7.7355,0.6971
2026-01-02 20:34:59.999999998,44.5833,34.848,6.7656,6.745,62.418,20.5518,6.0596,7.7564,0.6679
2026-01-02 20:36:00.000000000,44.6,34.906,6.751,6.7302,63.379,20.4242,5.7585,7.7401,0.6861
2026-01-02 20:37:00.000000001,44.6167,34.852,6.7735,6.7525,65.502,20.5958,5.6618,7.8482,0.702
2026-01-02 20:37:59.999999998,44.6333,34.736,6.7814,6.7603,62.127,20.3703,5.65,7.661,0.6861
2026-01-02 20:39:00.000000000,44.65,34.846,6.7428,6.7216,62.539,20.3692,5.5528,7.7836,0.659
2026-01-02 20:40:00.000000001,44.6667,34.883,6.7543,6.7329,63.673,20.5066,5.8809,7.8755,0.7019
2026-01-02 20:40:59.999999998,44.6833,34.809,6.7578,6.7363,64.881,20.5252,5.7343,7.8118,0.6856
2026-01-02 20:42:00.000000000,44.7,34.868,6.7681,6.7465,63.594,20.5422,6.0616,7.8903,0.713
2026-01-02 20:43:00.000000001,44.7167,34.782,6.7571,6.7353,63.96,20.5489,5.8393,7.9559,0.6786
2026-01-02 20:43:59.999999998,44.7333,34.741,6.7865,6.7646,63.096,20.5027,5.868,7.8594,0.7452
2026-01-02 20:45:00.000000000,44.75,34.82,6.7403,6.7183,62.924,20.4531,5.7057,7.9232,0.7103
2026-01-02 20:46:00.000000001,44.7667,34.724,6.7409,6.7188,63.366,20.6135,5.5768,7.995,0.7039
2026-01-02 20:46:59.999999998,44.7833,34.798,6.7659,6.7436,62.742,20.5071,5.6079,7.9035,0.7125
2026-01-02 20:48:00.000000000,44.8,34.873,6.7692,6.7468,63.816,20.5185,5.532,7.8904,0.6636
2026-01-02 20:49:00.000000001,44.8167,34.711,6.7437,6.7211,61.92,20.6171,5.8724,7.9472,0.6901
2026-01-02 20:49:59.999999998,44.8333,34.741,6.7607,6.7381,63.885,20.701,5.6766,7.9707,0.7357
2026-01-02 20:51:00.000000000,44.85,34.752,6.7649,6.7421,63.174,20.8446,5.8757,7.919,0.6936
2026-01-02 20:52:00.000000001,44.8667,34.798,6.7652,6.7423,62.94,20.783,5.7517,7.9061,0.6987
2026-01-02 20:52:59.999999998,44.8833,34.781,6.7762,6.7531,61.767,20.8383,5.6859,8.0256,0.6907
2026-01-02 20:54:00.000000000,44.9,34.868,6.76,6.7368,62.268,20.795,5.5529,7.9356,0.7293
2026-01-02 20:55:00.000000001,44.9167,34.844,6.8029,6.7796,63.981,20.7911,5.7721,8.0182,0.6951
2026-01-02 20:55:59.999999998,44.9333,34.819,6.7833,6.7598,62.826,20.9813,5.6926,7.9811,0.675
2026-01-02 20:57:00.000000000,44.95,34.8,6.7575,6.7339,63.186,20.6941,5.8592,8.0688,0.7516
2026-01-02 20:58:00.000000001,44.9667,34.811,6.7756,6.7519,62.231,20.7861,5.6151,7.9444,0.6725
2026-01-02 20:58:59.999999998,44.9833,34.746,6.7763,6.7525,62.883,20.8114,5.8133,7.9538,0.6981
2026-01-02 21:00:00.000000000,45.0,34.831,6.7983,6.7743,61.781,20.9289,5.9656,8.0485,0.6832
2026-01-02 21:01:00.000000001,45.0167,34.731,6.7621,6.738,62.931,20.7984,5.7588,7.9588,0.686
2026-01-02 21:01:59.999999998,45.0333,34.826,6.7896,6.7654,63.12,20.957,5.8343,8.0306,0.6788
2026-01-02 21:03:00.000000000,45.05,34.842,6.7753,6.7509,63.053,20.9615,5.8008,8.1117,0.6892
2026-01-02 21:04:00.000000001,45.0667,34.792,6.8044,6.7799,62.048,20.9995,5.9983,7.9546,0.7197
2026-01-02 21:04:59.999999998,45.0833,34.771,6.8005,6.7759,62.471,21.0173,5.7678,8.0735,0.662
2026-01-02 21:06:00.000000000,45.1,34.798,6.7788,6.754,63.148,21.0961,5.8157,8.1235,0.7252
2026-01-02 21:07:00.000000001,45.1167,34.633,6.7698,6.7448,62.524,20.9884,5.7038,8.0711,0.7218
2026-01-02 21:07:59.999999998,45.1333,34.79,6.7853,6.7603,62.439,21.054,5.5916,8.0356,0.7102
2026-01-02 21:09:00.000000000,45.15,34.767,6.7717,6.7465,64.167,20.972,5.5251,8.0784,0.7025
2026-01-02 21:10:00.000000001,45.1667,34.769,6.8091,6.7838,61.859,20.973,5.8949,8.0591,0.7055
2026-01-02 21:10:59.999999998,45.1833,34.805,6.7773,6.7518,63.46,21.2108,5.5522,8.1141,0.7285
2026-01-02 21:12:00.000000000,45.2,34.764,6.7678,6.7422,61.649,21.024,5.8139,8.1063,0.6651
2026-01-02 21:13:00.000000001,45.2167,34.709,6.7669,6.7411,63.074,21.1596,5.763,8.1041,0.7145
2026-01-02 21:13:59.999999998,45.2333,34.758,6.752,6.7261,63.094,21.1702,5.8368,8.1627,0.6851
2026-01-02 21:15:00.000000000,45.25,34.767,6.7876,6.7616,62.097,21.2412,5.6206,8.2279,0.7165
2026-01-02 21:16:00.000000001,45.2667,34.768,6.7602,6.7341,61.51,21.034,5.5777,8.1749,0.6877
2026-01-02 21:16:59.999999998,45.2833,34.768,6.7988,6.7725,60.886,21.2574,5.7517,8.2353,0.7141
2026-01-02 21:18:00.000000000,45.3,34.811,6.7512,6.7248,61.95,21.2009,5.6497,8.2567,0.669
2026-01-02 21:19:00.000000001,45.3167,34.703,6.7798,6.7532,62.843,21.1771,5.5075,8.1581,0.6661
2026-01-02 21:19:59.999999998,45.3333,34.765,6.8004,6.7738,61.54,21.2244,5.9815,8.2108,0.6977
2026-01-02 21:21:00.000000000,45.35,34.819,6.7346,6.7078,62.46,21.347,5.5706,8.1855,0.7287
2026-01-02 21:22:00.000000001,45.3667,34.666,6.8182,6.7913,61.182,21.3421,5.5389,8.1422,0.7107
2026-01-02 21:22:59.999999998,45.3833,34.761,6.7696,6.7425,62.158,21.2929,5.6502,8.2438,0.7106
2026-01-02 21:24:00.000000000,45.4,34.721,6.7811,6.7539,61.409,21.2316,5.8731,8.183,0.7172
2026-01-02 21:25:00.000000001,45.4167,34.73,6.7899,6.7626,62.247,21.2569,5.3588,8.2696,0.6921
2026-01-02 21:25:59.999999998,45.4333,34.702,6.7933,6.7658,61.891,21.4221,5.8579,8.1772,0.7122
2026-01-02 21:27:00.000000000,45.45,34.738,6.7845,6.7569,61.323,21.2793,5.5443,8.2733,0.6884
2026-01-02 21:28:00.000000001,45.4667,34.837,6.7992,6.7714,61.732,21.3917,5.7193,8.1959,0.6937
2026-01-02 21:28:59.999999998,45.4833,34.68,6.7898,6.762,61.496,21.6353,5.5769,8.3178,0.6962
2026-01-02 21:30:00.000000000,45.5,34.684,6.8149,6.7869,61.177,21.4773,5.9757,8.2742,0.6891
2026-01-02 21:31:00.000000001,45.5167,34.676,6.7904,6.7623,63.08,21.5197,5.6943,8.2791,0.6987
2026-01-02 21:31:59.999999998,45.5333,34.826,6.8195,6.7912,61.911,21.3951,5.568,8.3697,0.6949
2026-01-02 21:33:00.000000000,45.55,34.716,6.7985,6.7701,60.424,21.4016,5.6277,8.307,0.6858
2026-01-02 21:34:00.000000001,45.5667,34.736,6.7446,6.7161,61.673,21.5832,5.6849,8.3384,0.6972
2026-01-02 21:34:59.999999998,45.5833,34.716,6.8332,6.8045,62.891,21.5167,5.6968,8.3327,0.7031
2026-01-02 21:36:00.000000000,45.6,34.688,6.7698,6.741,61.538,21.653,5.7346,8.3778,0.678
2026-01-02 21:37:00.000000001,45.6167,34.723,6.8114,6.7825,63.333,21.5903,5.6673,8.4144,0.7083
2026-01-02 21:37:59.999999998,45.6333,34.856,6.7823,6.7533,61.438,21.8832,5.4596,8.4138,0.6901
2026-01-02 21:39:00.000000000,45.65,34.802,6.8033,6.7741,62.515,21.5807,5.6138,8.3584,0.704
2026-01-02 21:40:00.000000001,45.6667,34.689,6.7686,6.7392,62.932,21.6695,5.7545,8.452,0.6867
2026-01-02 21:40:59.999999998,45.6833,34.763,6.7951,6.7657,62.452,21.5947,5.5617,8.3556,0.721
2026-01-02 21:42:00.000000000,45.7,34.688,6.7779,6.7483,60.983,21.7687,5.7617,8.3741,0.7191
2026-01-02 21:43:00.000000001,45.7167,34.64,6.8148,6.7851,61.32,21.7413,5.6643,8.4147,0.679
2026-01-02 21:43:59.999999998,45.7333,34.779,6.7923,6.7624,63.002,21.6491,5.6255,8.4833,0.7105
2026-01-02 21:45:00.000000000,45.75,34.785,6.8025,6.7725,61.414,21.7206,5.836,8.3823,0.7289
2026-01-02 21:46:00.000000001,45.7667,34.779,6.7408,6.7107,62.831,21.8757,5.3948,8.4953,0.681
2026-01-02 21:46:59.999999998,45.7833,34.702,6.7827,6.7524,61.699,21.886,5.553,8.4578,0.6826
2026-01-02 21:48:00.000000000,45.8,34.717,6.7929,6.7625,62.15,21.6927,5.8378,8.4487,0.7147
2026-01-02 21:49:00.000000001,45.8167,34.762,6.7895,6.759,60.922,21.7887,5.9262,8.5352,0.6739
2026-01-02 21:49:59.999999998,45.8333,34.743,6.8046,6.7739,61.539,21.9918,5.9933,8.4501,0.6844
2026-01-02 21:51:00.000000000,45.85,34.704,6.7784,6.7476,61.321,21.8529,5.6566,8.6145,0.6797
2026-01-02 21:52:00.000000001,45.8667,34.642,6.787,6.756,62.197,21.901,5.7165,8.5013,0.7149
2026-01-02 21:52:59.999999998,45.8833,34.728,6.8099,6.7789,62.087,21.9886,5.7691,8.5276,0.6862
2026-01-02 21:54:00.000000000,45.9,34.776,6.7411,6.7099,62.379,21.82,5.8365,8.6072,0.6943
2026-01-02 21:55:00.000000001,45.9167,34.662,6.7988,6.7674,61.614,21.8716,5.6909,8.5488,0.685
2026-01-02 21:55:59.999999998,45.9333,34.753,6.7806,6.7492,61.26,21.9411,5.7816,8.6094,0.723
2026-01-02 21:57:00.000000000,45.95,34.737,6.7694,6.7378,62.148,22.0835,5.7103,8.4623,0.6828
2026-01-02 21:58:00.000000001,45.9667,34.758,6.7947,6.763,61.177,22.089,5.7184,8.5478,0.6718
2026-01-02 21:58:59.999999998,45.9833,34.764,6.8129,6.781,62.863,22.0852,5.5011,8.5998,0.6711
2026-01-02 22:00:00.000000000,46.0,34.685,6.8095,6.7775,61.908,22.0367,5.5882,8.644,0.7139
2026-01-02 22:01:00.000000001,46.0167,34.639,6.7863,6.7542,61.739,22.1584,5.5579,8.6384,0.7153
2026-01-02 22:01:59.999999998,46.0333,34.693,6.8069,6.7747,62.371,22.076,5.4567,8.6437,0.725
2026-01-02 22:03:00.000000000,46.05,34.764,6.8071,6.7747,61.941,22.1547,5.3861,8.6729,0.6748
2026-01-02 22:04:00.000000001,46.0667,34.693,6.7884,6.7559,60.678,22.2017,5.569,8.6536,0.6954
2026-01-02 22:04:59.999999998,46.0833,34.685,6.7766,6.744,61.157,22.2848,5.5917,8.5327,0.7485
2026-01-02 22:06:00.000000000,46.1,34.629,6.7782,6.7454,62.855,22.1648,5.6458,8.722,0.694
2026-01-02 22:07:00.000000001,46.1167,34.808,6.808,6.7751,62.08,22.1607,5.7122,8.6181,0.6887
2026-01-02 22:07:59.999999998,46.1333,34.761,6.7908,6.7577,60.671,22.3137,5.6558,8.6857,0.6996
2026-01-02 22:09:00.000000000,46.15,34.759,6.7711,6.7379,62.302,22.3402,5.5878,8.6892,0.7106
2026-01-02 22:10:00.000000001,46.1667,34.769,6.7587,6.7253,61.578,22.2074,5.4879,8.6926,0.7103
2026-01-02 22:10:59.999999998,46.1833,34.75,6.8094,6.7759,61.331,22.1829,5.7555,8.645,0.6877
2026-01-02 22:12:00.000000000,46.2,34.709,6.7822,6.7486,61.121,22.3893,5.6074,8.6135,0.6883
2026-01-02 22:13:00.000000001,46.2167,34.713,6.8001,6.7664,62.843,22.1809,5.5564,8.6704,0.6941
2026-01-02 22:13:59.999999998,46.2333,34.701,6.8187,6.7849,60.478,22.1972,5.5923,8.7719,0.6854
2026-01-02 22:15:00.000000000,46.25,34.854,6.7682,6.7342,61.388,22.3317,5.5091,8.6684,0.6753
2026-01-02 22:16:00.000000001,46.2667,34.751,6.7938,6.7597,62.162,22.3738,5.5382,8.7068,0.7362
2026-01-02 22:16:59.999999998,46.2833,34.7,6.7917,6.7575,63.337,22.3014,5.5322,8.7819,0.6919
2026-01-02 22:18:00.000000000,46.3,34.747,6.8031,6.7687,62.526,22.4244,5.5723,8.7198,0.693
2026-01-02 22:19:00.000000001,46.3167,34.674,6.8207,6.7862,61.415,22.4486,5.7126,8.7541,0.6936
2026-01-02 22:19:59.999999998,46.3333,34.801,6.7698,6.7351,63.326,22.4094,5.6741,8.7956,0.6984
2026-01-02 22:21:00.000000000,46.35,34.693,6.8082,6.7734,61.029,22.6312,5.8438,8.8158,0.7087
2026-01-02 22:22:00.000000001,46.3667,34.752,6.8178,6.7829,62.336,22.5236,5.7924,8.7595,0.6907
2026-01-02 22:22:59.999999998,46.3833,34.781,6.7939,6.7588,62.525,22.6002,5.9029,8.8292,0.7228
2026-01-02 22:24:00.000000000,46.4,34.748,6.7953,6.7601,61.442,22.4142,5.6921,8.8523,0.712
2026-01-02 22:25:00.000000001,46.4167,34.734,6.8068,6.7715,62.717,22.4342,5.6885,8.7789,0.6962
2026-01-02 22:25:59.999999998,46.4333,34.731,6.8058,6.7703,61.761,22.6089,5.5328,8.8636,0.6867
2026-01-02 22:27:00.000000000,46.45,34.729,6.811,6.7754,62.742,22.7412,5.7286,8.8272,0.7217
2026-01-02 22:28:00.000000001,46.4667,34.704,6.811,6.7753,60.728,22.5328,5.5051,8.8795,0.6968
2026-01-02 22:28:59.999999998,46.4833,34.712,6.7806,6.7447,62.482,22.6458,5.3818,8.9197,0.6751
2026-01-02 22:30:00.000000000,46.5,34.809,6.8204,6.7844,61.899,22.5562,5.8301,8.885,0.7204
2026-01-02 22:31:00.000000001,46.5167,34.731,6.8244,6.7883,63.163,22.6184,5.4126,8.9498,0.6855
2026-01-02 22:31:59.999999998,46.5333,34.698,6.8053,6.769,62.224,22.7121,5.6647,8.9539,0.7174
2026-01-02 22:33:00.000000000,46.55,34.713,6.7721,6.7357,63.275,22.6781,5.4656,8.9701,0.6497
2026-01-02 22:34:00.000000001,46.5667,34.795,6.8001,6.7636,62.698,22.6339,5.7655,8.9551,0.6926
2026-01-02 22:34:59.999999998,46.5833,34.776,6.8068,6.7701,62.207,22.653,5.7848,9.0003,0.7232
2026-01-02 22:36:00.000000000,46.6,34.771,6.7805,6.7437,62.957,22.6293,5.6736,8.9749,0.7001
2026-01-02 22:37:00.000000001,46.6167,34.732,6.7966,6.7597,62.98,22.8393,5.78,8.8826,0.712
2026-01-02 22:37:59.999999998,46.6333,34.775,6.7761,6.739,62.741,22.8699,5.593,8.9367,0.682
2026-01-02 22:39:00.000000000,46.65,34.716,6.8169,6.7797,60.549,22.8905,5.9259,8.9761,0.707
2026-01-02 22:40:00.000000001,46.6667,34.737,6.8085,6.7712,61.616,22.7914,5.7016,8.9927,0.7001
2026-01-02 22:40:59.999999998,46.6833,34.8,6.7727,6.7353,63.529,22.9656,5.4534,9.0254,0.7049
2026-01-02 22:42:00.000000000,46.7,34.797,6.8132,6.7756,61.437,22.9627,5.5978,8.9775,0.7408
2026-01-02 22:43:00.000000001,46.7167,34.706,6.8055,6.7677,63.169,22.9277,5.5634,9.1287,0.7261
2026-01-02 22:43:59.999999998,46.7333,34.714,6.8174,6.7795,63.049,22.9356,5.5475,9.0335,0.7158
2026-01-02 22:45:00.000000000,46.75,34.764,6.7997,6.7617,61.925,22.9173,5.3354,9.0486,0.7161
2026-01-02 22:46:00.000000001,46.7667,34.847,6.792,6.7539,60.931,23.0056,5.6409,9.0259,0.6818
2026-01-02 22:46:59.999999998,46.7833,34.667,6.7931,6.7548,62.095,23.1407,5.3739,9.0197,0.6906
2026-01-02 22:48:00.000000000,46.8,34.779,6.7982,6.7598,64.235,23.1234,5.2018,9.0739,0.6693
2026-01-02 22:49:00.000000001,46.8167,34.698,6.8099,6.7713,61.906,23.0329,5.5279,9.092,0.6746
2026-01-02 22:49:59.999999998,46.8333,34.737,6.8129,6.7743,61.985,23.1176,5.465,9.0967,0.6823
2026-01-02 22:51:00.000000000,46.85,34.753,6.8067,6.7679,61.846,23.0076,5.4481,9.1943,0.6994
2026-01-02 22:52:00.000000001,46.8667,34.752,6.8025,6.7636,63.64,23.1752,5.1107,9.1156,0.6755
2026-01-02 22:52:59.999999998,46.8833,34.749,6.8044,6.7654,62.499,23.0714,5.4475,9.1281,0.6992
2026-01-02 22:54:00.000000000,46.9,34.778,6.8621,6.8229,62.218,23.2143,5.5479,9.1836,0.6969
2026-01-02 22:55:00.000000001,46.9167,34.753,6.7971,6.7577,63.875,23.4179,5.4778,9.1448,0.6773
2026-01-02 22:55:59.999999998,46.9333,34.709,6.8018,6.7623,63.234,23.156,5.6299,9.1908,0.7305
2026-01-02 22:57:00.000000000,46.95,34.824,6.8794,6.8398,62.062,23.4567,5.7796,9.1104,0.6735
2026-01-02 22:58:00.000000001,46.9667,34.825,6.8224,6.7827,61.845,23.2835,5.6471,9.1213,0.7223
2026-01-02 22:58:59.999999998,46.9833,34.832,6.7869,6.747,63.778,23.2056,5.7225,9.2015,0.6549
2026-01-02 23:00:00.000000000,47.0,34.715,6.8319,6.7919,62.892,23.2234,5.7338,9.1944,0.6972
2026-01-02 23:01:00.000000001,47.0167,34.81,6.7973,6.7572,61.667,23.4976,5.4135,9.1761,0.676
2026-01-02 23:01:59.999999998,47.0333,34.831,6.8342,6.7939,61.508,23.3692,5.6311,9.2332,0.6869
2026-01-02 23:03:00.000000000,47.05,34.749,6.8123,6.7719,62.071,23.3059,5.7135,9.2482,0.7362
2026-01-02 23:04:00.000000001,47.0667,34.804,6.8083,6.7677,62.001,23.3564,5.4977,9.2128,0.6931
2026-01-02 23:04:59.999999998,47.0833,34.8,6.8498,6.8091,61.385,23.4286,5.4435,9.233,0.6779
2026-01-02 23:06:00.000000000,47.1,34.901,6.8294,6.7886,62.172,23.4148,5.6405,9.2803,0.7098
2026-01-02 23:07:00.000000001,47.1167,34.908,6.8381,6.7971,62.346,23.4647,5.3377,9.2291,0.6929
2026-01-02 23:07:59.999999998,47.1333,34.731,6.8278,6.7868,62.742,23.6003,5.3957,9.2605,0.703
2026-01-02 23:09:00.000000000,47.15,34.942,6.8108,6.7696,64.497,23.3897,5.4578,9.328,0.6817
2026-01-02 23:10:00.000000001,47.1667,34.774,6.8324,6.7911,62.96,23.553,5.6243,9.3107,0.6827
2026-01-02 23:10:59.999999998,47.1833,34.872,6.8449,6.8034,63.071,23.5172,5.5885,9.2987,0.6842
2026-01-02 23:12:00.000000000,47.2,34.875,6.824,6.7824,63.644,23.5047,5.7095,9.2881,0.716
2026-01-02 23:13:00.000000001,47.2167,34.779,6.8578,6.8161,63.079,23.652,5.4153,9.2933,0.6955
2026-01-02 23:13:59.999999998,47.2333,34.857,6.8393,6.7975,63.621,23.4709,5.4062,9.348,0.679
2026-01-02 23:15:00.000000000,47.25,34.83,6.8271,6.7851,63.558,23.4201,5.6301,9.4666,0.7032
2026-01-02 23:16:00.000000001,47.2667,34.866,6.8284,6.7863,63.464,23.6491,5.4307,9.4043,0.7016
2026-01-02 23:16:59.999999998,47.2833,34.853,6.8267,6.7844,65.612,23.6417,5.4589,9.32,0.7115
2026-01-02 23:18:00.000000000,47.3,34.905,6.7995,6.7571,64.161,23.5662,5.2699,9.4328,0.6904
2026-01-02 23:19:00.000000001,47.3167,34.852,6.8232,6.7807,62.601,23.5592,5.591,9.3701,0.6984
2026-01-02 23:19:59.999999998,47.3333,34.843,6.83,6.7873,63.796,23.8722,5.7775,9.4186,0.7084
2026-01-02 23:21:00.000000000,47.35,34.91,6.8178,6.775,62.901,23.7767,5.3909,9.4002,0.6798
2026-01-02 23:22:00.000000001,47.3667,34.887,6.8334,6.7905,63.926,23.7629,5.6975,9.5415,0.7177
2026-01-02 23:22:59.999999998,47.3833,34.898,6.8276,6.7846,62.503,23.9588,5.5343,9.3944,0.7003
2026-01-02 23:24:00.000000000,47.4,34.832,6.8432,6.8,62.752,23.8868,5.2774,9.4776,0.678
2026-01-02 23:25:00.000000001,47.4167,34.816,6.8416,6.7982,63.948,23.9683,5.407,9.4384,0.6778
2026-01-02 23:25:59.999999998,47.4333,34.843,6.8322,6.7887,64.507,23.7542,5.3967,9.5204,0.698
2026-01-02 23:27:00.000000000,47.45,34.844,6.8021,6.7585,64.146,23.773,5.4917,9.5089,0.689
2026-01-02 23:28:00.000000001,47.4667,34.918,6.8658,6.822,64.463,23.9416,5.6011,9.5677,0.7151
2026-01-02 23:28:59.999999998,47.4833,34.931,6.8277,6.7838,64.115,23.9474,5.8145,9.5517,0.6943
2026-01-02 23:30:00.000000000,47.5,34.878,6.8294,6.7854,63.99,24.0362,5.3215,9.492,0.7061
2026-01-02 23:31:00.000000001,47.5167,34.961,6.8248,6.7806,63.485,23.8276,5.4624,9.6833,0.683
2026-01-02 23:31:59.999999998,47.5333,34.961,6.8224,6.7781,64.575,24.0363,5.3998,9.5761,0.6995
2026-01-02 23:33:00.000000000,47.55,34.909,6.8636,6.8192,64.782,24.0811,5.343,9.5317,0.7263
2026-01-02 23:34:00.000000001,47.5667,34.859,6.861,6.8165,63.948,24.0988,5.5465,9.5803,0.697
2026-01-02 23:34:59.999999998,47.5833,34.983,6.8427,6.7981,63.942,24.0134,5.5314,9.6125,0.6889
2026-01-02 23:36:00.000000000,47.6,34.905,6.8323,6.7875,65.346,24.1095,5.2581,9.6215,0.6827
2026-01-02 23:37:00.000000001,47.6167,34.918,6.8473,6.8024,64.094,24.028,5.5319,9.6275,0.6996
2026-01-02 23:37:59.999999998,47.6333,34.898,6.837,6.7919,64.209,24.0887,5.3474,9.6619,0.7282
2026-01-02 23:39:00.000000000,47.65,34.874,6.8323,6.7871,64.573,24.0507,5.529,9.6679,0.6727
2026-01-02 23:40:00.000000001,47.6667,34.849,6.8434,6.7981,64.145,24.0956,5.7167,9.5931,0.699
2026-01-02 23:40:59.999999998,47.6833,34.958,6.8284,6.7829,63.605,24.1592,5.5947,9.7518,0.6657
2026-01-02 23:42:00.000000000,47.7,34.891,6.8428,6.7972,64.602,24.1614,5.5509,9.7558,0.6918
2026-01-02 23:43:00.000000001,47.7167,35.087,6.8424,6.7967,64.307,24.1622,5.444,9.7084,0.7053
2026-01-02 23:43:59.999999998,47.7333,34.883,6.851,6.8051,65.85,24.1411,5.5324,9.6812,0.6684
2026-01-02 23:45:00.000000000,47.75,34.879,6.8271,6.7811,65.045,24.4242,5.6059,9.6931,0.6911
2026-01-02 23:46:00.000000001,47.7667,34.971,6.8542,6.8081,63.977,24.2495,5.59,9.6851,0.7058
2026-01-02 23:46:59.999999998,47.7833,35.026,6.8225,6.7762,65.075,24.3383,5.5046,9.7026,0.7026
2026-01-02 23:48:00.000000000,47.8,34.956,6.8297,6.7833,64.777,24.1935,5.5511,9.614,0.7068
2026-01-02 23:49:00.000000001,47.8167,34.986,6.8312,6.7846,65.617,24.4651,5.32,9.8109,0.6805
2026-01-02 23:49:59.999999998,47.8333,34.869,6.8209,6.7742,64.189,24.3921,5.4064,9.8042,0.7058
2026-01-02 23:51:00.000000000,47.85,34.931,6.8632,6.8164,64.798,24.3656,5.6218,9.6725,0.688
2026-01-02 23:52:00.000000001,47.8667,34.915,6.8241,6.7771,64.607,24.3887,5.641,9.8119,0.7143
2026-01-02 23:52:59.999999998,47.8833,34.878,6.83,6.783,64.772,24.5155,5.5278,9.7781,0.6538
2026-01-02 23:54:00.000000000,47.9,34.982,6.8697,6.8225,64.056,24.2321,5.7346,9.7796,0.6942
2026-01-02 23:55:00.000000001,47.9167,34.868,6.8337,6.7864,65.265,24.4249,5.588,9.8253,0.702
2026-01-02 23:55:59.999999998,47.9333,34.918,6.842,6.7945,65.177,24.5038,5.4759,9.7247,0.727
2026-01-02 23:57:00.000000000,47.95,34.961,6.8261,6.7785,65.91,24.5253,5.327,9.8223,0.7017
2026-01-02 23:58:00.000000001,47.9667,34.951,6.8635,6.8158,64.913,24.7586,5.7248,9.838,0.7038
2026-01-02 23:58:59.999999998,47.9833,35.016,6.8644,6.8165,64.631,24.5538,5.6236,9.8492,0.7075
2026-01-03 00:00:00.000000000,48.0,35.015,6.8628,6.8148,65.631,24.6826,5.7769,9.7879,0.7251
2026-01-03 00:01:00.000000001,48.0167,35.049,6.8593,6.8112,64.404,24.771,5.8312,9.8898,0.6924
2026-01-03 00:01:59.999999998,48.0333,35.045,6.8506,6.8023,65.947,24.7023,5.3122,9.9317,0.6719
2026-01-03 00:03:00.000000000,48.05,35.069,6.8392,6.7908,65.984,24.6173,5.3117,9.9102,0.6681
2026-01-03 00:04:00.000000001,48.0667,35.016,6.834,6.7854,66.163,24.591,5.0739,9.8895,0.7133
2026-01-03 00:04:59.999999998,48.0833,35.035,6.8766,6.828,65.498,24.7759,5.6403,10.0465,0.7045
2026-01-03 00:06:00.000000000,48.1,35.049,6.8667,6.8179,64.846,24.8706,5.6001,9.877,0.6949
2026-01-03 00:07:00.000000001,48.1167,35.035,6.8381,6.7892,65.362,24.8053,5.5153,9.9732,0.6883
2026-01-03 00:07:59.999999998,48.1333,35.011,6.8534,6.8043,65.618,24.8831,5.3158,9.9579,0.7036
2026-01-03 00:09:00.000000000,48.15,35.019,6.8471,6.7979,64.904,25.0144,5.4855,10.0575,0.7042
2026-01-03 00:10:00.000000001,48.1667,34.998,6.8311,6.7818,66.458,24.8968,5.5256,9.9875,0.7096
2026-01-03 00:10:59.999999998,48.1833,35.064,6.8578,6.8083,65.895,24.7645,5.6144,10.0094,0.6778
2026-01-03 00:12:00.000000000,48.2,35.042,6.8465,6.7969,64.756,24.8794,5.5371,10.0159,0.6647
2026-01-03 00:13:00.000000001,48.2167,35.018,6.8363,6.7866,67.014,25.0078,5.5948,9.949,0.6817
2026-01-03 00:13:59.999999998,48.2333,35.021,6.8264,6.7765,65.625,24.9011,5.4757,9.9698,0.673
2026-01-03 00:15:00.000000000,48.25,34.998,6.8253,6.7753,64.71,25.0643,5.6706,10.0107,0.6719
2026-01-03 00:16:00.000000001,48.2667,35.111,6.8497,6.7995,64.96,24.9614,5.5873,10.0837,0.7314
2026-01-03 00:16:59.999999998,48.2833,35.07,6.856,6.8057,66.852,25.0164,5.3136,10.0588,0.6547
2026-01-03 00:18:00.000000000,48.3,35.027,6.8407,6.7903,67.16,24.9845,5.6991,10.0481,0.7094
2026-01-03 00:19:00.000000001,48.3167,35.114,6.8718,6.8213,66.546,25.0483,5.6737,10.1384,0.7181
2026-01-03 00:19:59.999999998,48.3333,35.049,6.858,6.8074,66.832,25.0755,5.5588,9.982,0.7197
2026-01-03 00:21:00.000000000,48.35,35.011,6.8714,6.8206,66.788,24.9528,5.5302,10.0277,0.7055
2026-01-03 00:22:00.000000001,48.3667,35.136,6.8568,6.8059,66.298,25.0692,5.736,9.979,0.7264
2026-01-03 00:22:59.999999998,48.3833,35.062,6.8453,6.7942,66.153,25.029,5.2413,10.1757,0.7357
2026-01-03 00:24:00.000000000,48.4,35.072,6.8639,6.8127,66.359,25.118,5.6716,10.1218,0.694
2026-01-03 00:25:00.000000001,48.4167,35.098,6.8369,6.7856,66.553,25.1101,5.4131,10.1863,0.7089
2026-01-03 00:25:59.999999998,48.4333,35.157,6.8735,6.822,65.408,25.2777,5.6479,10.1439,0.7255
2026-01-03 00:27:00.000000000,48.45,35.104,6.8445,6.7929,66.624,25.3017,5.5009,10.212,0.6828
2026-01-03 00:28:00.000000001,48.4667,35.047,6.8822,6.8305,67.242,25.2878,5.2955,10.1659,0.6951
2026-01-03 00:28:59.999999998,48.4833,35.138,6.8576,6.8057,65.947,25.1646,5.4066,10.2042,0.6875
2026-01-03 00:30:00.000000000,48.5,35.09,6.8862,6.8342,65.897,25.2813,5.6335,10.2083,0.7092
2026-01-03 00:31:00.000000001,48.5167,35.212,6.843,6.7909,66.565,25.2046,5.4478,10.2234,0.662
2026-01-03 00:31:59.999999998,48.5333,35.121,6.8525,6.8002,65.7,25.3238,5.3852,10.3022,0.7287
2026-01-03 00:33:00.000000000,48.55,35.013,6.8742,6.8218,65.203,25.4106,5.3834,10.1482,0.7107
2026-01-03 00:34:00.000000001,48.5667,35.146,6.8906,6.838,67.21,25.4613,5.5731,10.2375,0.7118
2026-01-03 00:34:59.999999998,48.5833,35.229,6.901,6.8484,65.966,25.4431,5.7385,10.2623,0.6527
2026-01-03 00:36:00.000000000,48.6,35.214,6.8691,6.8163,66.377,25.5293,5.1539,10.2664,0.6792
2026-01-03 00:37:00.000000001,48.6167,35.23,6.9056,6.8526,65.909,25.4726,5.8943,10.2555,0.7298
2026-01-03 00:37:59.999999998,48.6333,35.091,6.8636,6.8105,67.453,25.4566,5.5039,10.2603,0.6965
2026-01-03 00:39:00.000000000,48.65,35.191,6.8919,6.8387,67.148,25.5685,5.5595,10.3751,0.6655
2026-01-03 00:40:00.000000001,48.6667,35.112,6.8516,6.7983,66.307,25.5945,5.4062,10.3066,0.7044
2026-01-03 00:40:59.999999998,48.6833,35.163,6.8794,6.8259,65.59,25.5035,5.4703,10.4436,0.7136
2026-01-03 00:42:00.000000000,48.7,35.091,6.8247,6.7711,66.29,25.5991,5.4988,10.3596,0.7106
2026-01-03 00:43:00.000000001,48.7167,35.126,6.8496,6.7959,67.057,25.5687,5.3118,10.3303,0.697
2026-01-03 00:43:59.999999998,48.7333,35.128,6.8819,6.8281,66.785,25.4549,5.3474,10.384,0.7227
2026-01-03 00:45:00.000000000,48.75,35.21,6.8469,6.7929,66.754,25.6743,5.6451,10.3734,0.686
2026-01-03 00:46:00.000000001,48.7667,35.208,6.8822,6.8281,66.869,25.559,5.2338,10.4467,0.7108
2026-01-03 00:46:59.999999998,48.7833,35.185,6.8923,6.8381,67.338,25.7123,5.5319,10.3327,0.7027
2026-01-03 00:48:00.000000000,48.8,35.106,6.8647,6.8103,66.73,25.5868,5.4094,10.3127,0.6973
2026-01-03 00:49:00.000000001,48.8167,35.161,6.8559,6.8014,67.155,25.6755,5.32,10.4324,0.6924
2026-01-03 00:49:59.999999998,48.8333,35.143,6.8663,6.8116,66.037,25.722,5.7591,10.4678,0.6931
2026-01-03 00:51:00.000000000,48.85,35.226,6.857,6.8022,68.9,25.8765,5.3193,10.452,0.7006
2026-01-03 00:52:00.000000001,48.8667,35.245,6.8748,6.8199,66.661,25.7612,5.2921,10.483,0.6941
2026-01-03 00:52:59.999999998,48.8833,35.241,6.8794,6.8244,67.081,25.7415,5.4328,10.4873,0.7147
2026-01-03 00:54:00.000000000,48.9,35.154,6.8718,6.8166,67.402,25.8803,5.3447,10.3987,0.6893
2026-01-03 00:55:00.000000001,48.9167,35.057,6.9119,6.8566,66.649,25.8574,5.4602,10.4984,0.7314
2026-01-03 00:55:59.999999998,48.9333,35.109,6.8646,6.8091,67.014,25.9617,5.4817,10.5619,0.6884
2026-01-03 00:57:00.000000000,48.95,35.271,6.9073,6.8517,67.033,25.8413,5.4928,10.5164,0.7184
2026-01-03 00:58:00.000000001,48.9667,35.182,6.8591,6.8034,66.334,25.9628,5.4382,10.454,0.7193
2026-01-03 00:58:59.999999998,48.9833,35.167,6.8819,6.8261,67.444,26.1673,5.3506,10.5146,0.7033
2026-01-03 01:00:00.000000000,49.0,35.29,6.9047,6.8487,65.802,25.9743,5.5517,10.5708,0.7015
2026-01-03 01:01:00.000000001,49.0167,35.273,6.9041,6.848,68.551,26.0323,5.4376,10.6446,0.6854
2026-01-03 01:01:59.999999998,49.0333,35.214,6.8736,6.8173,67.81,25.9083,5.3792,10.4687,0.6897
2026-01-03 01:03:00.000000000,49.05,35.2,6.8936,6.8372,67.714,25.9967,5.6747,10.5964,0.7044
2026-01-03 01:04:00.000000001,49.0667,35.211,6.8915,6.8349,65.84,26.1257,5.4338,10.5436,0.6991
2026-01-03 01:04:59.999999998,49.0833,35.231,6.8727,6.8161,66.621,26.0864,5.615,10.6274,0.7237
2026-01-03 01:06:00.000000000,49.1,35.302,6.8964,6.8396,68.393,26.186,5.6344,10.6432,0.6909
2026-01-03 01:07:00.000000001,49.1167,35.246,6.9218,6.8648,70.628,26.1948,5.6427,10.614,0.6921
2026-01-03 01:07:59.999999998,49.1333,35.263,6.8945,6.8374,68.287,26.0794,5.5525,10.6691,0.6667
2026-01-03 01:09:00.000000000,49.15,35.287,6.8968,6.8396,68.186,26.2901,5.4479,10.7064,0.7129
2026-01-03 01:10:00.000000001,49.1667,35.173,6.8995,6.8421,67.8,26.1335,5.4376,10.653,0.7111
2026-01-03 01:10:59.999999998,49.1833,35.271,6.8573,6.7998,66.726,26.1957,5.4098,10.6063,0.7195
2026-01-03 01:12:00.000000000,49.2,35.221,6.8962,6.8386,68.223,26.2993,5.1206,10.7563,0.7207
2026-01-03 01:13:00.000000001,49.2167,35.112,6.8671,6.8094,66.569,26.4302,5.5527,10.7383,0.7158
2026-01-03 01:13:59.999999998,49.2333,35.133,6.8762,6.8183,66.504,26.2487,5.4807,10.7369,0.7166
2026-01-03 01:15:00.000000000,49.25,35.19,6.9317,6.8737,66.476,26.3649,5.5671,10.6861,0.7122
2026-01-03 01:16:00.000000001,49.2667,35.27,6.8839,6.8257,68.297,26.3898,5.425,10.7819,0.7153
2026-01-03 01:16:59.999999998,49.2833,35.251,6.8746,6.8163,67.491,26.4541,5.5415,10.8467,0.6632
2026-01-03 01:18:00.000000000,49.3,35.256,6.9129,6.8545,67.639,26.5204,5.2344,10.7505,0.678
2026-01-03 01:19:00.000000001,49.3167,35.346,6.8714,6.8129,67.566,26.4175,5.2648,10.7732,0.6747
2026-01-03 01:19:59.999999998,49.3333,35.187,6.8819,6.8232,66.698,26.5549,5.068,10.7271,0.7254
2026-01-03 01:21:00.000000000,49.35,35.251,6.9163,6.8575,67.081,26.6045,5.4185,10.7563,0.6843
2026-01-03 01:22:00.000000001,49.3667,35.269,6.8926,6.8337,67.14,26.665,5.322,10.7505,0.6875
2026-01-03 01:22:59.999999998,49.3833,35.218,6.861,6.8019,66.531,26.5867,5.3016,10.8228,0.7001
2026-01-03 01:24:00.000000000,49.4,35.258,6.9035,6.8443,67.27,26.5834,5.4866,10.8112,0.6751
2026-01-03 01:25:00.000000001,49.4167,35.178,6.8852,6.8259,66.826,26.5572,5.3718,10.8589,0.7076
2026-01-03 01:25:59.999999998,49.4333,35.33,6.9244,6.8649,68.17,26.5028,5.2199,10.8077,0.6574
2026-01-03 01:27:00.000000000,49.45,35.227,6.8819,6.8223,68.253,26.6216,5.8158,10.8559,0.6765
2026-01-03 01:28:00.000000001,49.4667,35.364,6.9155,6.8558,66.706,26.6773,5.4278,10.8287,0.704
2026-01-03 01:28:59.999999998,49.4833,35.262,6.9304,6.8706,67.519,26.684,5.2701,10.8978,0.6752
2026-01-03 01:30:00.000000000,49.5,35.316,6.8783,6.8183,69.256,26.7649,5.3314,10.8189,0.726
2026-01-03 01:31:00.000000001,49.5167,35.263,6.8919,6.8318,67.002,26.6252,5.4052,10.9201,0.7009
2026-01-03 01:31:59.999999998,49.5333,35.266,6.904,6.8437,68.142,26.7515,5.4041,10.9107,0.7226
2026-01-03 01:33:00.000000000,49.55,35.239,6.8795,6.8191,67.899,26.9501,5.625,10.9458,0.7072
2026-01-03 01:34:00.000000001,49.5667,35.275,6.9025,6.842,68.702,26.8948,5.417,10.8663,0.6998
2026-01-03 01:34:59.999999998,49.5833,35.286,6.893,6.8324,68.077,26.889,5.7064,10.9938,0.6801
2026-01-03 01:36:00.000000000,49.6,35.232,6.8931,6.8323,67.508,26.8956,5.3625,10.9583,0.7186
2026-01-03 01:37:00.000000001,49.6167,35.266,6.8994,6.8384,67.918,26.8597,5.4906,10.9962,0.7088
2026-01-03 01:37:59.999999998,49.6333,35.242,6.9002,6.8392,67.942,26.7733,5.5792,10.904,0.7417
2026-01-03 01:39:00.000000000,49.65,35.389,6.9025,6.8413,67.814,26.9748,5.6045,10.9476,0.7166
2026-01-03 01:40:00.000000001,49.6667,35.27,6.8877,6.8263,66.842,26.7671,5.6213,11.0024,0.6921
2026-01-03 01:40:59.999999998,49.6833,35.352,6.8889,6.8275,68.902,26.9617,5.3829,11.103,0.7058
2026-01-03 01:42:00.000000000,49.7,35.266,6.8981,6.8365,68.77,27.0122,5.4222,11.0727,0.7084
2026-01-03 01:43:00.000000001,49.7167,35.289,6.9,6.8382,67.091,27.0014,5.0504,11.0651,0.7233
2026-01-03 01:43:59.999999998,49.7333,35.211,6.8925,6.8306,67.694,27.2355,5.3922,11.0245,0.7264
2026-01-03 01:45:00.000000000,49.75,35.255,6.9081,6.8461,67.762,27.2325,5.5845,11.0277,0.6968
2026-01-03 01:46:00.000000001,49.7667,35.289,6.8658,6.8036,67.025,27.194,5.5546,11.1091,0.6757
2026-01-03 01:46:59.999999998,49.7833,35.358,6.8879,6.8256,66.463,27.0623,5.4064,11.1426,0.6629
2026-01-03 01:48:00.000000000,49.8,35.29,6.8973,6.8349,67.427,27.3148,5.6736,11.1303,0.6772
2026-01-03 01:49:00.000000001,49.8167,35.348,6.8861,6.8236,67.684,27.2356,5.3604,11.2176,0.6882
2026-01-03 01:49:59.999999998,49.8333,35.312,6.9362,6.8735,66.821,27.1356,5.3098,11.1103,0.7301
2026-01-03 01:51:00.000000000,49.85,35.361,6.9044,6.8416,68.121,27.2384,5.3463,11.1657,0.7304
2026-01-03 01:52:00.000000001,49.8667,35.277,6.9079,6.845,68.914,27.3374,5.2475,11.0844,0.7192
2026-01-03 01:52:59.999999998,49.8833,35.4,6.8951,6.832,68.661,27.2377,5.5085,11.1919,0.7246
2026-01-03 01:54:00.000000000,49.9,35.256,6.9048,6.8416,67.889,27.3219,5.4577,11.2672,0.6859
2026-01-03 01:55:00.000000001,49.9167,35.242,6.8812,6.8179,66.521,27.361,5.5052,11.154,0.6697
2026-01-03 01:55:59.999999998,49.9333,35.22,6.9025,6.839,68.568,27.2727,5.3508,11.2605,0.6799
2026-01-03 01:57:00.000000000,49.95,35.397,6.8875,6.8239,68.115,27.3641,5.4036,11.3028,0.6593
2026-01-03 01:58:00.000000001,49.9667,35.321,6.901,6.8373,68.338,27.3288,5.0848,11.2087,0.6777
2026-01-03 01:58:59.999999998,49.9833,35.263,6.8557,6.7919,69.549,27.5053,5.4673,11.2788,0.6899
2026-01-03 02:00:00.000000000,50.0,35.342,6.8847,6.8207,67.34,27.3883,5.425,11.3469,0.7033
2026-01-03 02:01:00.000000001,50.0167,35.314,6.9369,6.8728,65.7,27.5094,5.2444,11.2919,0.7027
2026-01-03 02:01:59.999999998,50.0333,35.378,6.9246,6.8603,67.156,27.3999,5.3931,11.3321,0.6862
2026-01-03 02:03:00.000000000,50.05,35.202,6.9347,6.8703,68.387,27.4456,5.3694,11.2165,0.7114
2026-01-03 02:04:00.000000001,50.0667,35.266,6.9364,6.8719,68.017,27.467,5.6721,11.3475,0.6866
2026-01-03 02:04:59.999999998,50.0833,35.255,6.9225,6.8578,67.021,27.5637,5.2476,11.356,0.7002
2026-01-03 02:06:00.000000000,50.1,35.179,6.9003,6.8355,66.855,27.6265,5.4558,11.2763,0.6778
2026-01-03 02:07:00.000000001,50.1167,35.331,6.8889,6.824,67.704,27.6665,5.2417,11.3068,0.7218
2026-01-03 02:07:59.999999998,50.1333,35.264,6.9329,6.8679,66.987,27.5208,5.321,11.3977,0.7004
2026-01-03 02:09:00.000000000,50.15,35.314,6.9116,6.8464,68.396,27.6743,5.4455,11.3649,0.7136
2026-01-03 02:10:00.000000001,50.1667,35.394,6.9605,6.8952,67.645,27.6531,5.3716,11.4481,0.6757
2026-01-03 02:10:59.999999998,50.1833,35.258,6.9037,6.8382,67.467,27.7813,5.4017,11.4206,0.7035
2026-01-03 02:12:00.000000000,50.2,35.254,6.9507,6.8851,67.356,27.7425,5.4519,11.4204,0.7114
2026-01-03 02:13:00.000000001,50.2167,35.28,6.9085,6.8427,68.167,27.7829,5.3272,11.4217,0.6591
2026-01-03 02:13:59.999999998,50.2333,35.323,6.9386,6.8727,67.984,27.7552,5.5332,11.4574,0.7234
2026-01-03 02:15:00.000000000,50.25,35.244,6.9461,6.8801,68.104,27.9783,5.3541,11.4955,0.675
2026-01-03 02:16:00.000000001,50.2667,35.24,6.892,6.8259,68.079,27.7631,5.3846,11.4946,0.7042
2026-01-03 02:16:59.999999998,50.2833,35.324,6.9031,6.8368,67.868,27.8593,5.4528,11.4594,0.7358
2026-01-03 02:18:00.000000000,50.3,35.289,6.8924,6.826,67.091,27.9254,5.432,11.5551,0.7191
2026-01-03 02:19:00.000000001,50.3167,35.167,6.8888,6.8222,67.323,27.9222,5.4939,11.5386,0.6702
2026-01-03 02:19:59.999999998,50.3333,35.207,6.927,6.8603,67.582,27.9069,5.4441,11.5377,0.6964
2026-01-03 02:21:00.000000000,50.35,35.343,6.91,6.8432,69.54,27.8486,5.4663,11.5356,0.7247
2026-01-03 02:22:00.000000001,50.3667,35.287,6.9153,6.8483,66.797,27.9447,5.3464,11.5592,0.6837
2026-01-03 02:22:59.999999998,50.3833,35.227,6.9256,6.8585,67.53,27.9232,5.2343,11.4426,0.6928
2026-01-03 02:24:00.000000000,50.4,35.256,6.8776,6.8104,67.932,28.1343,5.1798,11.5463,0.6922
2026-01-03 02:25:00.000000001,50.4167,35.264,6.9408,6.8734,67.598,28.1812,5.1427,11.6162,0.7114
2026-01-03 02:25:59.999999998,50.4333,35.299,6.9083,6.8408,68.687,27.9959,5.657,11.5452,0.6693
2026-01-03 02:27:00.000000000,50.45,35.193,6.9262,6.8586,67.568,27.8876,5.06,11.5384,0.7125
2026-01-03 02:28:00.000000001,50.4667,35.218,6.9282,6.8605,67.613,28.059,5.5704,11.5044,0.6875
2026-01-03 02:28:59.999999998,50.4833,35.272,6.9435,6.8756,68.438,27.9215,5.2675,11.5589,0.6998
2026-01-03 02:30:00.000000000,50.5,35.253,6.9142,6.8462,69.22,27.9561,5.568,11.5245,0.6955
2026-01-03 02:31:00.000000001,50.5167,35.285,6.8741,6.8059,68.882,27.9497,5.059,11.5997,0.712
2026-01-03 02:31:59.999999998,50.5333,35.194,6.9179,6.8497,67.631,27.96,5.3534,11.491,0.6996
2026-01-03 02:33:00.000000000,50.55,35.272,6.921,6.8526,67.685,27.9716,5.6062,11.5116,0.7288
2026-01-03 02:34:00.000000001,50.5667,35.307,6.8966,6.828,67.745,27.8949,5.4944,11.5042,0.7198
2026-01-03 02:34:59.999999998,50.5833,35.276,6.9204,6.8518,67.808,27.9438,5.3362,11.626,0.6841
2026-01-03 02:36:00.000000000,50.6,35.257,6.9105,6.8417,66.995,28.0816,5.0947,11.5247,0.7273
2026-01-03 02:37:00.000000001,50.6167,35.244,6.8911,6.8221,68.404,27.9973,5.1871,11.5068,0.7064
2026-01-03 02:37:59.999999998,50.6333,35.205,6.9316,6.8625,67.802,28.01,5.5932,11.4297,0.7034
2026-01-03 02:39:00.000000000,50.65,35.242,6.9071,6.8379,67.582,27.8214,5.332,11.4887,0.717
2026-01-03 02:40:00.000000001,50.6667,35.307,6.9104,6.8411,66.581,28.0758,5.3728,11.5606,0.6792
2026-01-03 02:40:59.999999998,50.6833,35.237,6.9095,6.8401,67.628,27.9452,5.4255,11.5604,0.6724
2026-01-03 02:42:00.000000000,50.7,35.197,6.9437,6.8741,66.043,28.0899,5.1869,11.5017,0.7005
2026-01-03 02:43:00.000000001,50.7167,35.215,6.9184,6.8486,67.072,28.0123,5.4428,11.5044,0.6879
2026-01-03 02:43:59.999999998,50.7333,35.248,6.921,6.8511,67.066,27.955,5.3181,11.6272,0.7415
2026-01-03 02:45:00.000000000,50.75,35.218,6.9108,6.8408,67.724,27.8658,5.4245,11.669,0.6847
2026-01-03 02:46:00.000000001,50.7667,35.259,6.929,6.8589,68.976,28.174,5.2931,11.5917,0.7008
2026-01-03 02:46:59.999999998,50.7833,35.26,6.9469,6.8767,67.907,28.0643,5.1432,11.6122,0.7038
2026-01-03 02:48:00.000000000,50.8,35.276,6.9331,6.8627,68.586,28.069,5.3144,11.6228,0.7246
2026-01-03 02:49:00.000000001,50.8167,35.302,6.934,6.8635,67.92,28.1455,5.474,11.645,0.6801
2026-01-03 02:49:59.999999998,50.8333,35.279,6.9326,6.8619,68.28,28.0179,5.4364,11.5191,0.6678
2026-01-03 02:51:00.000000000,50.85,35.18,6.893,6.8222,68.842,28.1082,5.3813,11.4903,0.7279
2026-01-03 02:52:00.000000001,50.8667,35.18,6.9033,6.8324,66.746,27.9617,5.5108,11.6259,0.7016
2026-01-03 02:52:59.999999998,50.8833,35.22,6.9169,6.8458,66.669,28.059,5.3449,11.486,0.7162
2026-01-03 02:54:00.000000000,50.9,35.2,6.9066,6.8354,67.816,27.9496,5.3833,11.4828,0.7171
2026-01-03 02:55:00.000000001,50.9167,35.164,6.9,6.8287,67.253,27.9597,5.3023,11.4839,0.7206
2026-01-03 02:55:59.999999998,50.9333,35.197,6.884,6.8125,67.406,28.0078,5.5171,11.5277,0.6924
2026-01-03 02:57:00.000000000,50.95,35.193,6.8947,6.8231,67.004,27.8986,5.4167,11.435,0.687
2026-01-03 02:58:00.000000001,50.9667,35.182,6.9166,6.8449,66.699,28.0264,5.2889,11.4626,0.6601
2026-01-03 02:58:59.999999998,50.9833,35.198,6.9205,6.8486,68.446,27.975,5.1484,11.5031,0.6801
2026-01-03 03:00:00.000000000,51.0,35.271,6.9061,6.8341,66.241,27.841,5.5369,11.4744,0.7012
2026-01-03 03:01:00.000000001,51.0167,35.22,6.9237,6.8516,67.642,27.9634,5.259,11.5873,0.686
2026-01-03 03:01:59.999999998,51.0333,35.332,6.9136,6.8413,67.484,27.9724,5.3808,11.5346,0.6772
2026-01-03 03:03:00.000000000,51.05,35.216,6.9442,6.8718,65.773,28.0682,5.7223,11.5631,0.701
2026-01-03 03:04:00.000000001,51.0667,35.191,6.9193,6.8467,66.343,28.0228,5.489,11.5576,0.7269
2026-01-03 03:04:59.999999998,51.0833,35.204,6.9365,6.8639,66.448,28.1158,5.6098,11.5239,0.6989
2026-01-03 03:06:00.000000000,51.1,35.215,6.9268,6.854,67.4,28.0416,5.2869,11.5836,0.6773
2026-01-03 03:07:00.000000001,51.1167,35.222,6.8948,6.8219,66.625,27.9557,5.5276,11.5568,0.7254
2026-01-03 03:07:59.999999998,51.1333,35.302,6.9211,6.8481,66.819,27.9953,5.3704,11.5183,0.6845
2026-01-03 03:09:00.000000000,51.15,35.155,6.8983,6.8251,65.691,27.9722,5.4207,11.45,0.7296
2026-01-03 03:10:00.000000001,51.1667,35.238,6.921,6.8476,68.687,28.039,5.6683,11.5603,0.6947
2026-01-03 03:10:59.999999998,51.1833,35.204,6.9083,6.8349,66.852,28.0048,5.3228,11.4712,0.7021
2026-01-03 03:12:00.000000000,51.2,35.113,6.931,6.8574,67.163,27.9497,5.3669,11.5532,0.7312
2026-01-03 03:13:00.000000001,51.2167,35.229,6.8966,6.8228,66.299,28.0007,5.2279,11.5382,0.673
2026-01-03 03:13:59.999999998,51.2333,35.252,6.9238,6.8499,66.177,28.0369,5.4961,11.4662,0.679
2026-01-03 03:15:00.000000000,51.25,35.144,6.935,6.861,68.197,27.9195,5.2782,11.5471,0.6935
2026-01-03 03:16:00.000000001,51.2667,35.185,6.9418,6.8677,65.101,28.0254,5.5151,11.5438,0.6972
2026-01-03 03:16:59.999999998,51.2833,35.097,6.9084,6.8342,66.824,27.8737,5.1136,11.544,0.7528
2026-01-03 03:18:00.000000000,51.3,35.119,6.9241,6.8497,65.598,28.0884,5.4428,11.5416,0.6822
2026-01-03 03:19:00.000000001,51.3167,35.233,6.9275,6.853,66.21,28.0422,5.2634,11.5016,0.6739
2026-01-03 03:19:59.999999998,51.3333,35.155,6.9548,6.8802,65.99,28.1303,5.4689,11.5638,0.6813
2026-01-03 03:21:00.000000000,51.35,35.121,6.8943,6.8195,65.677,27.9107,5.3567,11.4998,0.7046
2026-01-03 03:22:00.000000001,51.3667,35.187,6.9058,6.8309,66.46,28.0907,5.2779,11.4805,0.7098
2026-01-03 03:22:59.999999998,51.3833,35.148,6.9802,6.9051,64.342,28.0749,5.2996,11.568,0.6859
2026-01-03 03:24:00.000000000,51.4,35.149,6.9186,6.8434,66.11,27.9854,5.2295,11.5811,0.7004
2026-01-03 03:25:00.000000001,51.4167,35.208,6.8863,6.811,66.255,27.9699,5.4821,11.5645,0.7389
2026-01-03 03:25:59.999999998,51.4333,35.111,6.9125,6.8371,65.204,27.9132,5.1986,11.5239,0.7007
2026-01-03 03:27:00.000000000,51.45,35.122,6.8688,6.7932,67.467,27.8923,5.3153,11.4373,0.7064
2026-01-03 03:28:00.000000001,51.4667,35.174,6.9291,6.8533,65.745,27.9399,5.4065,11.6083,0.7378
2026-01-03 03:28:59.999999998,51.4833,35.213,6.9405,6.8646,65.994,27.8995,5.5962,11.4365,0.686
2026-01-03 03:30:00.000000000,51.5,35.225,6.9061,6.8301,65.674,28.1277,5.3522,11.5635,0.6847
2026-01-03 03:31:00.000000001,51.5167,35.128,6.9149,6.8388,66.046,27.8798,5.3167,11.6397,0.6906
2026-01-03 03:31:59.999999998,51.5333,35.207,6.9428,6.8665,67.122,28.0119,5.3935,11.5417,0.6894
2026-01-03 03:33:00.000000000,51.55,35.119,6.8893,6.8129,68.017,28.0349,5.0409,11.5488,0.6636
2026-01-03 03:34:00.000000001,51.5667,35.249,6.8979,6.8214,66.598,28.0286,5.1716,11.5532,0.7028
2026-01-03 03:34:59.999999998,51.5833,35.099,6.9198,6.8431,66.835,28.0356,5.2945,11.5441,0.7043
2026-01-03 03:36:00.000000000,51.6,35.221,6.9093,6.8325,67.3,28.0757,5.2433,11.6518,0.6963
2026-01-03 03:37:00.000000001,51.6167,35.12,6.9185,6.8415,66.089,27.9643,5.1096,11.4921,0.7049
2026-01-03 03:37:59.999999998,51.6333,35.253,6.8991,6.822,67.108,28.007,5.4778,11.4858,0.7052
2026-01-03 03:39:00.000000000,51.65,35.18,6.9286,6.8514,66.448,27.9765,5.3875,11.5179,0.6737
2026-01-03 03:40:00.000000001,51.6667,35.099,6.9213,6.844,65.892,28.1042,5.3691,11.6213,0.7058
2026-01-03 03:40:59.999999998,51.6833,35.122,6.9353,6.8578,66.019,28.168,5.2434,11.5054,0.7112
2026-01-03 03:42:00.000000000,51.7,35.186,6.9283,6.8507,64.243,27.9045,5.3588,11.5557,0.6681
2026-01-03 03:43:00.000000001,51.7167,35.198,6.9284,6.8507,65.896,27.8375,5.4235,11.5878,0.7293
2026-01-03 03:43:59.999999998,51.7333,35.141,6.8953,6.8174,64.389,28.0455,5.3061,11.5732,0.6753
2026-01-03 03:45:00.000000000,51.75,35.146,6.934,6.856,64.285,28.0856,5.412,11.5851,0.6772
2026-01-03 03:46:00.000000001,51.7667,35.18,6.9175,6.8394,65.701,28.1566,5.2253,11.6051,0.704
2026-01-03 03:46:59.999999998,51.7833,35.148,6.9208,6.8425,64.617,28.059,5.3588,11.5496,0.7107
2026-01-03 03:48:00.000000000,51.8,35.075,6.945,6.8666,65.464,28.1117,5.515,11.5114,0.7156
2026-01-03 03:49:00.000000001,51.8167,35.098,6.9096,6.8311,65.541,28.1328,5.5279,11.5416,0.7112
2026-01-03 03:49:59.999999998,51.8333,35.15,6.951,6.8723,65.538,28.1172,5.5417,11.5173,0.6896
2026-01-03 03:51:00.000000000,51.85,35.198,6.9528,6.874,64.629,28.0705,5.3848,11.6603,0.7022
2026-01-03 03:52:00.000000001,51.8667,35.217,6.9389,6.86,66.033,27.8974,5.3462,11.5076,0.6937
2026-01-03 03:52:59.999999998,51.8833,35.174,6.9042,6.8251,65.203,27.9993,5.2736,11.5584,0.7035
2026-01-03 03:54:00.000000000,51.9,35.149,6.88,6.8008,65.588,28.024,5.0693,11.4592,0.7014
2026-01-03 03:55:00.000000001,51.9167,35.171,6.9453,6.8659,64.239,27.992,5.1381,11.5409,0.6899
2026-01-03 03:55:59.999999998,51.9333,35.099,6.9258,6.8464,65.014,27.997,5.3141,11.5199,0.6931
2026-01-03 03:57:00.000000000,51.95,35.124,6.9086,6.829,65.996,28.1254,5.3225,11.568,0.663
2026-01-03 03:58:00.000000001,51.9667,35.09,6.9469,6.8672,65.855,27.9395,5.5501,11.5693,0.7166
2026-01-03 03:58:59.999999998,51.9833,35.068,6.9062,6.8263,64.401,28.0639,5.5349,11.6051,0.706
2026-01-03 04:00:00.000000000,52.0,35.147,6.9148,6.8348,64.564,28.0253,5.2342,11.6011,0.6539
2026-01-03 04:01:00.000000001,52.0167,35.139,6.9337,6.8536,64.17,27.9314,5.4594,11.5309,0.7159
2026-01-03 04:01:59.999999998,52.0333,35.163,6.9009,6.8206,64.396,27.9139,5.2646,11.487,0.6989
2026-01-03 04:03:00.000000000,52.05,35.155,6.9208,6.8404,63.763,27.8639,5.438,11.4929,0.6813
2026-01-03 04:04:00.000000001,52.0667,35.14,6.9447,6.8642,64.732,28.0388,5.456,11.5494,0.6795
2026-01-03 04:04:59.999999998,52.0833,35.155,6.9271,6.8464,65.31,27.9949,5.5209,11.5421,0.6862
2026-01-03 04:06:00.000000000,52.1,35.124,6.9477,6.8669,64.137,27.9339,5.2602,11.5471,0.6814
2026-01-03 04:07:00.000000001,52.1167,35.147,6.9453,6.8644,64.653,27.8499,5.4857,11.5075,0.6841
2026-01-03 04:07:59.999999998,52.1333,35.089,6.9227,6.8416,64.51,28.0346,5.0521,11.6061,0.734
2026-01-03 04:09:00.000000000,52.15,35.144,6.8757,6.7945,65.491,27.9861,5.5269,11.4606,0.7074
2026-01-03 04:10:00.000000001,52.1667,35.159,6.9002,6.8188,64.119,27.9429,5.3282,11.5047,0.7407
2026-01-03 04:10:59.999999998,52.1833,35.091,6.9374,6.856,64.109,27.9229,5.3309,11.4804,0.7045
2026-01-03 04:12:00.000000000,52.2,35.127,6.891,6.8094,63.854,27.9809,5.0253,11.5238,0.7116
2026-01-03 04:13:00.000000001,52.2167,35.093,6.9154,6.8337,63.582,28.0376,5.2721,11.5966,0.6824
2026-01-03 04:13:59.999999998,52.2333,35.098,6.9286,6.8467,64.877,27.9736,5.5332,11.5198,0.6966
2026-01-03 04:15:00.000000000,52.25,35.068,6.9511,6.8691,64.307,27.9049,5.2654,11.5393,0.6984
2026-01-03 04:16:00.000000001,52.2667,35.187,6.91,6.8279,64.42,27.9954,5.4359,11.5674,0.7124
2026-01-03 04:16:59.999999998,52.2833,35.177,6.9085,6.8263,65.358,28.0836,5.3336,11.5175,0.699
2026-01-03 04:18:00.000000000,52.3,35.151,6.9202,6.8378,65.365,28.0032,5.4873,11.5534,0.707
2026-01-03 04:19:00.000000001,52.3167,35.223,6.9281,6.8456,62.945,28.0055,5.3561,11.5468,0.7063
2026-01-03 04:19:59.999999998,52.3333,35.115,6.9179,6.8352,64.742,27.9739,5.1871,11.4777,0.6939
2026-01-03 04:21:00.000000000,52.35,35.276,6.9418,6.859,64.366,27.9288,5.3348,11.511,0.6919
2026-01-03 04:22:00.000000001,52.3667,35.113,6.9047,6.8218,63.779,27.9262,5.566,11.552,0.6866
2026-01-03 04:22:59.999999998,52.3833,35.137,6.9229,6.8399,64.373,27.8671,5.4,11.5983,0.7216
2026-01-03 04:24:00.000000000,52.4,35.105,6.9293,6.8461,62.692,28.0945,5.3074,11.5983,0.694
2026-01-03 04:25:00.000000001,52.4167,35.144,6.9122,6.8289,65.206,28.037,5.6627,11.639,0.7066
2026-01-03 04:25:59.999999998,52.4333,35.167,6.9368,6.8534,64.411,28.0066,5.4977,11.5585,0.6969
2026-01-03 04:27:00.000000000,52.45,35.12,6.9228,6.8392,63.269,28.0236,5.4459,11.5136,0.7213
2026-01-03 04:28:00.000000001,52.4667,35.215,6.9355,6.8517,63.457,28.0272,5.3704,11.531,0.6602
2026-01-03 04:28:59.999999998,52.4833,35.139,6.9234,6.8395,62.526,27.9412,5.4319,11.5285,0.7061
2026-01-03 04:30:00.000000000,52.5,35.141,6.9269,6.8429,63.601,27.974,5.4363,11.5138,0.6749
2026-01-03 04:31:00.000000001,52.5167,35.082,6.9065,6.8224,63.43,27.9621,4.9939,11.5534,0.7078
2026-01-03 04:31:59.999999998,52.5333,35.149,6.9064,6.8221,62.72,28.2009,5.3801,11.5557,0.6971
2026-01-03 04:33:00.000000000,52.55,35.122,6.9433,6.8589,64.365,28.0816,5.2963,11.4755,0.6704
2026-01-03 04:34:00.000000001,52.5667,35.099,6.9313,6.8468,64.73,28.0134,5.2449,11.5886,0.7068
2026-01-03 04:34:59.999999998,52.5833,35.091,6.898,6.8133,63.651,28.1093,5.2901,11.4424,0.7045
2026-01-03 04:36:00.000000000,52.6,35.264,6.9219,6.8371,63.394,28.0992,5.0855,11.5231,0.6954
2026-01-03 04:37:00.000000001,52.6167,35.118,6.8706,6.7857,63.951,27.8896,5.0477,11.5917,0.6979
2026-01-03 04:37:59.999999998,52.6333,35.06,6.9064,6.8213,63.553,27.9822,5.5049,11.5646,0.7032
2026-01-03 04:39:00.000000000,52.65,35.098,6.9369,6.8517,62.668,27.9987,5.3868,11.5164,0.7236
2026-01-03 04:40:00.000000001,52.6667,35.132,6.915,6.8296,62.978,28.0489,4.955,11.6327,0.6937
2026-01-03 04:40:59.999999998,52.6833,35.162,6.9196,6.8342,63.229,27.9821,5.23,11.5122,0.7203
2026-01-03 04:42:00.000000000,52.7,35.164,6.8567,6.7711,63.631,27.9921,5.4481,11.4341,0.6993
2026-01-03 04:43:00.000000001,52.7167,35.171,6.909,6.8233,63.407,27.9631,5.2735,11.5569,0.7259
2026-01-03 04:43:59.999999998,52.7333,35.106,6.9234,6.8375,63.534,28.0839,5.5018,11.4453,0.6953
2026-01-03 04:45:00.000000000,52.75,35.156,6.9257,6.8397,62.113,27.8845,5.472,11.4927,0.6867
2026-01-03 04:46:00.000000001,52.7667,35.097,6.9355,6.8493,63.833,27.9658,5.1106,11.5654,0.678
2026-01-03 04:46:59.999999998,52.7833,35.11,6.9118,6.8255,63.271,27.8525,5.2921,11.5112,0.6993
2026-01-03 04:48:00.000000000,52.8,35.097,6.9125,6.8261,65.279,27.9176,5.2459,11.5633,0.6841
2026-01-03 04:49:00.000000001,52.8167,35.084,6.8889,6.8024,62.895,28.0254,5.1043,11.4763,0.7281
2026-01-03 04:49:59.999999998,52.8333,35.198,6.9113,6.8246,63.432,28.0269,5.094,11.5772,0.6826
2026-01-03 04:51:00.000000000,52.85,35.181,6.8899,6.8031,65.406,27.9749,5.1908,11.4497,0.6862
2026-01-03 04:52:00.000000001,52.8667,35.197,6.8779,6.791,63.267,28.0899,5.2151,11.6002,0.7116
2026-01-03 04:52:59.999999998,52.8833,35.151,6.893,6.8059,63.028,28.1083,5.3532,11.5105,0.7237
2026-01-03 04:54:00.000000000,52.9,35.189,6.9446,6.8574,62.262,27.9945,5.4669,11.6108,0.7146
2026-01-03 04:55:00.000000001,52.9167,35.064,6.9088,6.8215,64.245,28.02,5.3869,11.4922,0.7212
2026-01-03 04:55:59.999999998,52.9333,35.197,6.9184,6.8309,62.065,27.9638,5.4219,11.6305,0.6984
2026-01-03 04:57:00.000000000,52.95,35.164,6.9035,6.8159,63.305,28.0502,5.2689,11.4863,0.6987
2026-01-03 04:58:00.000000001,52.9667,35.188,6.8777,6.7899,62.556,27.9045,5.3989,11.4445,0.7402
2026-01-03 04:58:59.999999998,52.9833,35.177,6.932,6.8441,62.755,28.1437,5.2857,11.5364,0.7338
2026-01-03 05:00:00.000000000,53.0,35.111,6.8696,6.7816,61.74,28.0912,5.2413,11.5959,0.7143
2026-01-03 05:01:00.000000001,53.0167,35.087,6.9017,6.8135,63.926,27.9041,5.5916,11.5738,0.7221
2026-01-03 05:01:59.999999998,53.0333,35.128,6.9114,6.8231,62.602,27.9369,4.957,11.5924,0.7172
2026-01-03 05:03:00.000000000,53.05,35.193,6.9169,6.8285,61.825,28.0337,5.0251,11.5748,0.6759
2026-01-03 05:04:00.000000001,53.0667,35.201,6.8975,6.8089,63.773,27.9729,5.3631,11.4932,0.6992
2026-01-03 05:04:59.999999998,53.0833,35.1,6.875,6.7863,62.341,28.0436,5.2654,11.5725,0.7299
2026-01-03 05:06:00.000000000,53.1,35.121,6.8955,6.8067,62.986,27.9712,5.0892,11.5389,0.7144
2026-01-03 05:07:00.000000001,53.1167,35.136,6.8963,6.8073,63.367,28.122,5.1461,11.4987,0.6987
2026-01-03 05:07:59.999999998,53.1333,35.156,6.8955,6.8065,63.048,28.0007,5.1652,11.5432,0.7302
2026-01-03 05:09:00.000000000,53.15,35.108,6.9301,6.8409,60.887,28.1936,5.4372,11.5314,0.7074
2026-01-03 05:10:00.000000001,53.1667,35.107,6.8862,6.7969,63.176,28.0482,5.4848,11.605,0.7151
2026-01-03 05:10:59.999999998,53.1833,35.139,6.9162,6.8268,62.516,27.892,5.5484,11.5085,0.7075
2026-01-03 05:12:00.000000000,53.2,35.186,6.9131,6.8235,62.31,28.1669,5.0637,11.5061,0.7108
2026-01-03 05:13:00.000000001,53.2167,35.125,6.9289,6.8391,62.463,28.0879,5.0965,11.4993,0.7123
2026-01-03 05:13:59.999999998,53.2333,35.18,6.9067,6.8169,61.24,28.0304,5.0858,11.6291,0.726
2026-01-03 05:15:00.000000000,53.25,35.241,6.925,6.835,62.659,28.0517,5.494,11.5021,0.7286
2026-01-03 05:16:00.000000001,53.2667,35.125,6.9054,6.8153,61.392,27.9049,5.3628,11.5991,0.691
2026-01-03 05:16:59.999999998,53.2833,35.182,6.9173,6.827,62.234,27.8556,5.3118,11.4827,0.7071
2026-01-03 05:18:00.000000000,53.3,35.246,6.8783,6.7879,62.567,27.9967,5.3338,11.5596,0.7254
2026-01-03 05:19:00.000000001,53.3167,35.176,6.8553,6.7647,63.281,28.1103,5.2904,11.5474,0.6974
2026-01-03 05:19:59.999999998,53.3333,35.17,6.9153,6.8247,61.746,28.0317,5.1303,11.5959,0.6738
2026-01-03 05:21:00.000000000,53.35,35.259,6.9161,6.8253,63.544,28.1367,5.375,11.5886,0.6818
2026-01-03 05:22:00.000000001,53.3667,35.188,6.9167,6.8258,63.121,28.1057,5.2696,11.5383,0.6832
2026-01-03 05:22:59.999999998,53.3833,35.261,6.8964,6.8054,62.002,28.0016,5.117,11.5074,0.6908
2026-01-03 05:24:00.000000000,53.4,35.23,6.9364,6.8452,61.44,28.0947,5.3828,11.6155,0.6851
2026-01-03 05:25:00.000000001,53.4167,35.193,6.8972,6.8058,61.154,28.1218,5.2323,11.5024,0.7206
2026-01-03 05:25:59.999999998,53.4333,35.237,6.9145,6.823,62.51,27.9936,5.3299,11.4208,0.6945
2026-01-03 05:27:00.000000000,53.45,35.231,6.9177,6.8261,61.686,27.9829,5.2766,11.4413,0.7252
2026-01-03 05:28:00.000000001,53.4667,35.269,6.9399,6.8482,63.219,28.0112,5.4286,11.4535,0.6774
2026-01-03 05:28:59.999999998,53.4833,35.193,6.8989,6.807,61.7,27.807,5.3275,11.564,0.6929
2026-01-03 05:30:00.000000000,53.5,35.224,6.8919,6.7999,61.508,28.0224,5.1615,11.645,0.7021
2026-01-03 05:31:00.000000001,53.5167,35.222,6.8747,6.7826,62.4,28.0576,5.3419,11.4322,0.7162
2026-01-03 05:31:59.999999998,53.5333,35.263,6.9354,6.8431,61.65,28.0116,5.3464,11.4951,0.7229
2026-01-03 05:33:00.000000000,53.55,35.179,6.9125,6.8201,62.192,28.0276,5.3694,11.5387,0.6892
2026-01-03 05:34:00.000000001,53.5667,35.283,6.9128,6.8203,62.961,27.9965,5.4477,11.6115,0.7199
2026-01-03 05:34:59.999999998,53.5833,35.258,6.9658,6.8732,62.253,27.8402,5.1995,11.4948,0.6664
2026-01-03 05:36:00.000000000,53.6,35.171,6.9097,6.8169,62.244,28.133,5.3916,11.5638,0.7174
2026-01-03 05:37:00.000000001,53.6167,35.3,6.8769,6.7839,62.299,27.9706,5.0323,11.5217,0.6732
2026-01-03 05:37:59.999999998,53.6333,35.354,6.8987,6.8056,60.769,27.9506,5.2726,11.6646,0.7089
2026-01-03 05:39:00.000000000,53.65,35.295,6.8828,6.7896,62.426,28.1086,5.249,11.5415,0.7226
2026-01-03 05:40:00.000000001,53.6667,35.319,6.8941,6.8008,62.23,28.0783,5.5069,11.552,0.7177
2026-01-03 05:40:59.999999998,53.6833,35.254,6.8937,6.8002,62.807,28.0218,5.2659,11.5384,0.6672
2026-01-03 05:42:00.000000000,53.7,35.17,6.8897,6.7961,62.568,28.0615,5.3801,11.5135,0.6911
2026-01-03 05:43:00.000000001,53.7167,35.163,6.8733,6.7795,61.912,27.9076,5.0242,11.5817,0.7143
2026-01-03 05:43:59.999999998,53.7333,35.271,6.9327,6.8388,62.891,27.9935,5.2353,11.4763,0.7138
2026-01-03 05:45:00.000000000,53.75,35.231,6.9065,6.8125,61.824,28.1036,5.1607,11.4341,0.7055
2026-01-03 05:46:00.000000001,53.7667,35.217,6.8957,6.8016,62.248,27.9458,5.6585,11.5267,0.656
2026-01-03 05:46:59.999999998,53.7833,35.263,6.9151,6.8208,61.794,27.9201,5.1868,11.575,0.724
2026-01-03 05:48:00.000000000,53.8,35.299,6.909,6.8146,62.406,28.0063,5.2974,11.5052,0.7275
2026-01-03 05:49:00.000000001,53.8167,35.198,6.9048,6.8103,61.73,28.0082,5.3049,11.5436,0.7033
2026-01-03 05:49:59.999999998,53.8333,35.251,6.9127,6.8181,63.344,28.0518,5.0471,11.4732,0.7046
2026-01-03 05:51:00.000000000,53.85,35.352,6.9014,6.8066,63.635,27.8897,5.2062,11.5874,0.7101
2026-01-03 05:52:00.000000001,53.8667,35.225,6.9118,6.8169,62.716,27.796,5.3454,11.5668,0.7292
2026-01-03 05:52:59.999999998,53.8833,35.325,6.9132,6.8181,63.246,28.0737,5.2971,11.5352,0.705
2026-01-03 05:54:00.000000000,53.9,35.26,6.9011,6.8059,60.778,27.9134,4.9388,11.5427,0.6962
2026-01-03 05:55:00.000000001,53.9167,35.314,6.8931,6.7978,60.869,27.9512,5.1984,11.4646,0.7076
2026-01-03 05:55:59.999999998,53.9333,35.344,6.9278,6.8324,61.747,27.8253,5.4362,11.4668,0.6998
2026-01-03 05:57:00.000000000,53.95,35.329,6.8874,6.7918,62.035,28.0818,5.3709,11.5281,0.7
2026-01-03 05:58:00.000000001,53.9667,35.34,6.9044,6.8087,61.842,28.028,5.4649,11.5599,0.6647
2026-01-03 05:58:59.999999998,53.9833,35.24,6.9046,6.8087,60.687,28.0248,5.134,11.5624,0.7105
2026-01-03 06:00:00.000000000,54.0,35.356,6.8838,6.7878,62.921,28.0243,5.4736,11.5161,0.7234
2026-01-03 06:01:00.000000001,54.0167,35.26,6.8795,6.7834,63.724,27.8352,5.2743,11.5715,0.7204
2026-01-03 06:01:59.999999998,54.0333,35.318,6.8883,6.7921,63.026,27.9212,5.5194,11.6053,0.719
2026-01-03 06:03:00.000000000,54.05,35.321,6.8852,6.7888,62.871,27.9639,5.2807,11.5298,0.6989
2026-01-03 06:04:00.000000001,54.0667,35.335,6.8656,6.7691,62.185,27.9401,4.9727,11.5497,0.7029
2026-01-03 06:04:59.999999998,54.0833,35.33,6.8815,6.7848,61.332,27.9783,5.4068,11.5238,0.7238
2026-01-03 06:06:00.000000000,54.1,35.273,6.8995,6.8027,62.067,28.0197,5.2125,11.5279,0.7173
2026-01-03 06:07:00.000000001,54.1167,35.251,6.9192,6.8223,63.697,28.0805,5.2222,11.5427,0.7297
2026-01-03 06:07:59.999999998,54.1333,35.364,6.9047,6.8076,61.735,27.8816,5.0602,11.6194,0.6865
2026-01-03 06:09:00.000000000,54.15,35.333,6.8413,6.7441,61.657,27.9993,5.5211,11.58,0.6864
2026-01-03 06:10:00.000000001,54.1667,35.383,6.9058,6.8085,62.912,28.0569,5.1992,11.5755,0.6933
2026-01-03 06:10:59.999999998,54.1833,35.326,6.8815,6.784,62.97,27.9261,5.5132,11.5115,0.6811
2026-01-03 06:12:00.000000000,54.2,35.261,6.9014,6.8038,61.359,27.9846,5.2119,11.4893,0.6736
2026-01-03 06:13:00.000000001,54.2167,35.382,6.8918,6.7941,61.834,28.0373,5.137,11.5537,0.7094
2026-01-03 06:13:59.999999998,54.2333,35.317,6.8879,6.7901,61.649,28.0009,5.4737,11.5964,0.708
2026-01-03 06:15:00.000000000,54.25,35.355,6.8894,6.7914,62.113,28.0539,5.2644,11.6204,0.7049
2026-01-03 06:16:00.000000001,54.2667,35.308,6.8907,6.7926,62.949,28.0076,5.2655,11.4116,0.7071
2026-01-03 06:16:59.999999998,54.2833,35.425,6.9178,6.8195,61.431,27.9751,5.0824,11.6565,0.6707
2026-01-03 06:18:00.000000000,54.3,35.302,6.8902,6.7918,62.955,27.9062,5.2056,11.5551,0.6904
2026-01-03 06:19:00.000000001,54.3167,35.331,6.912,6.8135,62.174,28.0198,5.3381,11.5797,0.6941
2026-01-03 06:19:59.999999998,54.3333,35.356,6.9088,6.8101,63.963,28.008,5.0786,11.4472,0.701
2026-01-03 06:21:00.000000000,54.35,35.298,6.903,6.8042,62.368,27.9206,5.1922,11.5224,0.6708
2026-01-03 06:22:00.000000001,54.3667,35.371,6.8537,6.7547,62.046,28.0466,5.2096,11.5754,0.6814
2026-01-03 06:22:59.999999998,54.3833,35.438,6.9114,6.8124,62.595,28.1014,5.2822,11.4755,0.6913
2026-01-03 06:24:00.000000000,54.4,35.335,6.8796,6.7804,61.877,27.9472,5.4938,11.3898,0.7212
2026-01-03 06:25:00.000000001,54.4167,35.381,6.9028,6.8035,60.723,27.9418,5.2265,11.551,0.7052
2026-01-03 06:25:59.999999998,54.4333,35.226,6.8688,6.7693,61.98,27.9389,5.1675,11.5317,0.7204
2026-01-03 06:27:00.000000000,54.45,35.364,6.8642,6.7646,61.98,27.8657,5.6827,11.6063,0.6976
2026-01-03 06:28:00.000000001,54.4667,35.353,6.9272,6.8274,60.925,28.1604,5.2054,11.5262,0.7
2026-01-03 06:28:59.999999998,54.4833,35.329,6.8682,6.7683,62.155,27.9641,5.2414,11.5299,0.71
2026-01-03 06:30:00.000000000,54.5,35.427,6.91,6.81,60.575,27.9313,5.2159,11.5691,0.6965
2026-01-03 06:31:00.000000001,54.5167,35.358,6.8891,6.789,61.965,27.9099,5.2277,11.5859,0.6875
2026-01-03 06:31:59.999999998,54.5333,35.368,6.8781,6.7778,62.454,27.969,5.2805,11.4988,0.6702
2026-01-03 06:33:00.000000000,54.55,35.36,6.8853,6.7849,62.353,27.9444,5.4065,11.5815,0.688
2026-01-03 06:34:00.000000001,54.5667,35.285,6.8599,6.7594,61.963,28.115,5.3286,11.5081,0.7167
2026-01-03 06:34:59.999999998,54.5833,35.326,6.8854,6.7847,62.241,27.9001,5.4292,11.5351,0.7252
2026-01-03 06:36:00.000000000,54.6,35.433,6.8637,6.7629,61.7,27.8769,5.4239,11.5678,0.6845
2026-01-03 06:37:00.000000001,54.6167,35.281,6.8772,6.7762,62.354,28.0441,5.2982,11.5765,0.6653
2026-01-03 06:37:59.999999998,54.6333,35.35,6.9033,6.8022,62.41,27.9914,5.323,11.5501,0.7185
2026-01-03 06:39:00.000000000,54.65,35.37,6.8896,6.7884,61.662,27.9822,5.4325,11.4802,0.7014
2026-01-03 06:40:00.000000001,54.6667,35.479,6.8546,6.7533,62.616,28.0448,5.0991,11.4407,0.6731
2026-01-03 06:40:59.999999998,54.6833,35.432,6.901,6.7995,62.631,28.0109,5.6401,11.5248,0.6378
2026-01-03 06:42:00.000000000,54.7,35.367,6.8835,6.7819,62.309,27.9963,5.1881,11.5828,0.6807
2026-01-03 06:43:00.000000001,54.7167,35.462,6.8726,6.7708,64.4,27.8875,5.212,11.5567,0.6907
2026-01-03 06:43:59.999999998,54.7333,35.362,6.8981,6.7962,62.371,27.8666,5.0825,11.5463,0.677
2026-01-03 06:45:00.000000000,54.75,35.451,6.8795,6.7775,62.282,27.944,5.0866,11.5339,0.7138
2026-01-03 06:46:00.000000001,54.7667,35.334,6.8593,6.7572,62.19,27.9133,5.4097,11.5497,0.6837
2026-01-03 06:46:59.999999998,54.7833,35.457,6.9193,6.817,61.773,28.0215,5.6037,11.4845,0.7002
2026-01-03 06:48:00.000000000,54.8,35.385,6.8817,6.7793,63.122,27.8561,5.1777,11.5732,0.7475
2026-01-03 06:49:00.000000001,54.8167,35.355,6.8802,6.7776,62.047,27.9642,5.3145,11.5765,0.7023
2026-01-03 06:49:59.999999998,54.8333,35.397,6.8734,6.7708,62.166,27.9862,5.2951,11.5165,0.6977
2026-01-03 06:51:00.000000000,54.85,35.423,6.9049,6.8021,62.213,27.9968,5.4117,11.5561,0.6981
2026-01-03 06:52:00.000000001,54.8667,35.386,6.8705,6.7676,61.881,28.0319,5.5941,11.4484,0.7134
2026-01-03 06:52:59.999999998,54.8833,35.44,6.8499,6.7468,61.293,27.9739,5.4891,11.5432,0.7109
2026-01-03 06:54:00.000000000,54.9,35.384,6.8669,6.7637,62.348,27.9466,5.2248,11.5276,0.6799
2026-01-03 06:55:00.000000001,54.9167,35.445,6.9068,6.8034,63.443,28.0996,5.3396,11.5972,0.6918
2026-01-03 06:55:59.999999998,54.9333,35.438,6.8966,6.7932,62.928,27.9744,5.3541,11.5243,0.6867
2026-01-03 06:57:00.000000000,54.95,35.414,6.8746,6.771,64.045,28.1135,5.2565,11.5777,0.6943
2026-01-03 06:58:00.000000001,54.9667,35.396,6.907,6.8032,63.425,27.974,5.0948,11.5147,0.7365
2026-01-03 06:58:59.999999998,54.9833,35.426,6.8942,6.7903,63.27,27.9987,5.139,11.4199,0.7123
2026-01-03 07:00:00.000000000,55.0,35.447,6.8737,6.7697,64.385,27.9889,5.4307,11.523,0.6984
2026-01-03 07:01:00.000000001,55.0167,35.524,6.8754,6.7713,62.829,28.0185,5.4458,11.5441,0.7249
2026-01-03 07:01:59.999999998,55.0333,35.469,6.8851,6.7808,62.985,27.9664,5.2266,11.5418,0.7038
2026-01-03 07:03:00.000000000,55.05,35.471,6.8616,6.7572,62.954,28.0077,5.2965,11.5425,0.6672
2026-01-03 07:04:00.000000001,55.0667,35.578,6.8781,6.7736,64.228,28.1225,5.4366,11.5089,0.7333
2026-01-03 07:04:59.999999998,55.0833,35.45,6.884,6.7793,63.024,28.0839,5.001,11.518,0.6969
2026-01-03 07:06:00.000000000,55.1,35.449,6.8438,6.739,62.533,28.0845,5.1893,11.4779,0.6549
2026-01-03 07:07:00.000000001,55.1167,35.461,6.8736,6.7686,63.552,27.8926,5.5586,11.4344,0.668
2026-01-03 07:07:59.999999998,55.1333,35.376,6.871,6.766,62.459,27.9056,5.3005,11.5289,0.7226
2026-01-03 07:09:00.000000000,55.15,35.404,6.8974,6.7922,63.569,28.0174,5.0858,11.497,0.6683
2026-01-03 07:10:00.000000001,55.1667,35.402,6.8398,6.7344,63.505,28.0617,5.2725,11.5882,0.727
2026-01-03 07:10:59.999999998,55.1833,35.46,6.8688,6.7633,63.054,27.9585,5.4077,11.4251,0.7016
2026-01-03 07:12:00.000000000,55.2,35.419,6.8666,6.761,63.689,27.9442,4.8722,11.5488,0.7143
2026-01-03 07:13:00.000000001,55.2167,35.435,6.8952,6.7895,62.078,28.1115,5.2803,11.6403,0.6949
2026-01-03 07:13:59.999999998,55.2333,35.483,6.8749,6.769,63.431,28.0549,5.1976,11.5251,0.7105
2026-01-03 07:15:00.000000000,55.25,35.472,6.9115,6.8055,62.963,28.0846,5.0068,11.5341,0.7063
2026-01-03 07:16:00.000000001,55.2667,35.421,6.8886,6.7825,65.656,27.9647,5.2651,11.5555,0.6992
2026-01-03 07:16:59.999999998,55.2833,35.396,6.8669,6.7607,63.524,27.9584,5.232,11.5595,0.6787
2026-01-03 07:18:00.000000000,55.3,35.486,6.8797,6.7733,62.955,28.0759,5.2485,11.5138,0.7072
2026-01-03 07:19:00.000000001,55.3167,35.468,6.8676,6.7611,62.363,27.979,5.1995,11.4838,0.6637
2026-01-03 07:19:59.999999998,55.3333,35.349,6.8917,6.785,64.544,27.9511,5.0982,11.5669,0.7186
2026-01-03 07:21:00.000000000,55.35,35.414,6.8477,6.7409,63.254,27.9269,5.0328,11.4388,0.7039
2026-01-03 07:22:00.000000001,55.3667,35.438,6.8577,6.7507,62.935,27.9591,5.1471,11.5758,0.7093
2026-01-03 07:22:59.999999998,55.3833,35.468,6.883,6.776,63.872,28.07,5.3792,11.5146,0.6477
2026-01-03 07:24:00.000000000,55.4,35.475,6.8983,6.7911,64.158,27.8792,5.285,11.5344,0.6775
2026-01-03 07:25:00.000000001,55.4167,35.443,6.8295,6.7222,64.18,28.0503,5.2393,11.5079,0.6899
2026-01-03 07:25:59.999999998,55.4333,35.458,6.9009,6.7934,63.724,27.9433,5.0934,11.6058,0.7135
2026-01-03 07:27:00.000000000,55.45,35.432,6.8704,6.7628,63.871,27.9832,5.1929,11.5467,0.6811
2026-01-03 07:28:00.000000001,55.4667,35.394,6.8353,6.7276,63.965,27.9883,5.3592,11.5181,0.751
2026-01-03 07:28:59.999999998,55.4833,35.415,6.8128,6.7049,64.085,27.9823,5.324,11.5167,0.6947
2026-01-03 07:30:00.000000000,55.5,35.428,6.8421,6.7341,64.192,27.977,5.1764,11.5268,0.6797
2026-01-03 07:31:00.000000001,55.5167,35.425,6.8721,6.7639,64.764,27.9645,4.8559,11.6541,0.6963
2026-01-03 07:31:59.999999998,55.5333,35.332,6.871,6.7627,63.97,27.9543,5.1461,11.4684,0.681
2026-01-03 07:33:00.000000000,55.55,35.406,6.8848,6.7764,63.308,28.1056,5.1745,11.5884,0.6763
2026-01-03 07:34:00.000000001,55.5667,35.428,6.861,6.7524,63.883,28.002,5.1106,11.5626,0.7202
2026-01-03 07:34:59.999999998,55.5833,35.41,6.8496,6.741,64.639,27.9899,5.1843,11.6112,0.7103
2026-01-03 07:36:00.000000000,55.6,35.411,6.8634,6.7546,62.644,27.9484,5.3684,11.5657,0.7103
2026-01-03 07:37:00.000000001,55.6167,35.447,6.8722,6.7632,62.686,27.9674,5.24,11.5344,0.7255
2026-01-03 07:37:59.999999998,55.6333,35.368,6.8759,6.7669,64.883,27.9487,5.3937,11.5852,0.7097
2026-01-03 07:39:00.000000000,55.65,35.339,6.8554,6.7462,65.402,28.0612,5.0187,11.5457,0.6787
2026-01-03 07:40:00.000000001,55.6667,35.402,6.8891,6.7797,63.211,27.9397,5.1989,11.572,0.7142
2026-01-03 07:40:59.999999998,55.6833,35.457,6.8585,6.749,64.342,27.8203,4.9534,11.6056,0.6775
2026-01-03 07:42:00.000000000,55.7,35.502,6.8533,6.7437,63.98,28.0047,5.18,11.5389,0.6904
2026-01-03 07:43:00.000000001,55.7167,35.455,6.8598,6.75,64.129,27.9776,5.0868,11.513,0.6991
2026-01-03 07:43:59.999999998,55.7333,35.342,6.892,6.7821,64.621,27.9531,5.4355,11.502,0.6971
2026-01-03 07:45:00.000000000,55.75,35.402,6.8677,6.7577,63.38,28.0729,5.3044,11.5568,0.6642
2026-01-03 07:46:00.000000001,55.7667,35.426,6.8563,6.7462,63.568,27.7813,5.3949,11.4903,0.6806
2026-01-03 07:46:59.999999998,55.7833,35.42,6.8886,6.7783,64.251,28.1261,5.1779,11.5167,0.6995
2026-01-03 07:48:00.000000000,55.8,35.437,6.9128,6.8024,64.414,28.0844,5.089,11.4859,0.6878
2026-01-03 07:49:00.000000001,55.8167,35.363,6.874,6.7635,63.669,27.9498,5.0839,11.5596,0.7225
2026-01-03 07:49:59.999999998,55.8333,35.41,6.8944,6.7837,65.24,27.9639,5.2811,11.4966,0.7259
2026-01-03 07:51:00.000000000,55.85,35.427,6.8903,6.7795,64.313,28.0404,5.5125,11.4699,0.6776
2026-01-03 07:52:00.000000001,55.8667,35.445,6.8574,6.7464,64.349,28.0425,5.3025,11.4787,0.7012
2026-01-03 07:52:59.999999998,55.8833,35.362,6.8699,6.7588,64.952,27.9493,5.1841,11.5057,0.7317
2026-01-03 07:54:00.000000000,55.9,35.383,6.8436,6.7324,64.661,27.8707,5.2117,11.5102,0.6973
2026-01-03 07:55:00.000000001,55.9167,35.264,6.8651,6.7537,65.474,28.1691,5.235,11.5468,0.6919
2026-01-03 07:55:59.999999998,55.9333,35.366,6.8565,6.7451,64.096,28.0765,5.5434,11.5261,0.7172
2026-01-03 07:57:00.000000000,55.95,35.369,6.8609,6.7493,63.764,28.0125,5.4241,11.5527,0.6945
2026-01-03 07:58:00.000000001,55.9667,35.343,6.8539,6.7421,64.674,28.0141,5.2777,11.5568,0.7254
2026-01-03 07:58:59.999999998,55.9833,35.4,6.863,6.7512,65.009,28.0497,5.2549,11.5713,0.6881
2026-01-03 08:00:00.000000000,56.0,35.387,6.8793,6.7673,64.007,28.0593,5.283,11.4388,0.6905
2026-01-03 08:01:00.000000001,56.0167,35.275,6.8662,6.7541,63.929,27.8331,5.3119,11.4779,0.7158
2026-01-03 08:01:59.999999998,56.0333,35.396,6.8312,6.719,65.224,27.9719,5.1755,11.562,0.702
2026-01-03 08:03:00.000000000,56.05,35.337,6.8535,6.7411,64.512,27.9636,5.1105,11.5448,0.7022
2026-01-03 08:04:00.000000001,56.0667,35.406,6.838,6.7255,63.995,27.9871,5.3917,11.5831,0.6618
2026-01-03 08:04:59.999999998,56.0833,35.315,6.8732,6.7605,65.968,28.0617,5.2398,11.457,0.6929
2026-01-03 08:06:00.000000000,56.1,35.379,6.8783,6.7655,64.73,27.8568,5.3785,11.5105,0.7173
2026-01-03 08:07:00.000000001,56.1167,35.361,6.8733,6.7604,66.194,27.8921,5.4828,11.5194,0.6843
2026-01-03 08:07:59.999999998,56.1333,35.388,6.8524,6.7393,65.336,27.9455,5.3137,11.5426,0.714
2026-01-03 08:09:00.000000000,56.15,35.377,6.873,6.7598,65.588,28.0123,5.289,11.536,0.7054
2026-01-03 08:10:00.000000001,56.1667,35.355,6.8586,6.7453,65.222,28.0666,5.715,11.5577,0.696
2026-01-03 08:10:59.999999998,56.1833,35.289,6.8452,6.7317,63.306,28.1305,5.2657,11.5285,0.7272
2026-01-03 08:12:00.000000000,56.2,35.289,6.8828,6.7692,64.56,27.9771,5.0707,11.6028,0.6932
2026-01-03 08:13:00.000000001,56.2167,35.331,6.8842,6.7705,65.407,28.0664,5.1918,11.6188,0.6946
2026-01-03 08:13:59.999999998,56.2333,35.358,6.8868,6.773,65.838,28.0568,5.4665,11.4783,0.6958
2026-01-03 08:15:00.000000000,56.25,35.325,6.8556,6.7416,64.154,28.0433,5.0393,11.5365,0.7016
2026-01-03 08:16:00.000000001,56.2667,35.384,6.8914,6.7772,65.581,27.9981,5.1202,11.5741,0.7153
2026-01-03 08:16:59.999999998,56.2833,35.336,6.8579,6.7436,64.764,27.968,5.3987,11.5635,0.6705
2026-01-03 08:18:00.000000000,56.3,35.299,6.8808,6.7664,65.888,27.9148,5.1917,11.5138,0.7174
2026-01-03 08:19:00.000000001,56.3167,35.331,6.8575,6.7429,65.723,27.9095,5.2156,11.547,0.7014
2026-01-03 08:19:59.999999998,56.3333,35.353,6.8632,6.7485,66.371,28.0278,5.3929,11.4551,0.7111
2026-01-03 08:21:00.000000000,56.35,35.356,6.8192,6.7044,66.668,27.9956,5.124,11.5333,0.7478
2026-01-03 08:22:00.000000001,56.3667,35.431,6.8616,6.7467,66.219,27.9668,5.0109,11.4612,0.6898
2026-01-03 08:22:59.999999998,56.3833,35.3,6.8695,6.7544,66.578,28.0532,5.0226,11.5596,0.6755
2026-01-03 08:24:00.000000000,56.4,35.327,6.8594,6.7442,65.647,27.984,5.3179,11.4784,0.7039
2026-01-03 08:25:00.000000001,56.4167,35.349,6.9028,6.7874,68.223,27.9269,5.2692,11.5424,0.707
2026-01-03 08:25:59.999999998,56.4333,35.324,6.8444,6.7289,65.026,27.9787,5.1261,11.5502,0.7174
2026-01-03 08:27:00.000000000,56.45,35.297,6.8564,6.7408,65.616,28.0657,5.0559,11.538,0.6892
2026-01-03 08:28:00.000000001,56.4667,35.242,6.8496,6.7338,66.796,27.9181,5.1888,11.5026,0.6834
2026-01-03 08:28:59.999999998,56.4833,35.291,6.8564,6.7405,66.714,28.0167,5.3966,11.5237,0.6693
2026-01-03 08:30:00.000000000,56.5,35.259,6.8883,6.7723,66.538,27.9956,5.1034,11.5933,0.6727
2026-01-03 08:31:00.000000001,56.5167,35.224,6.8973,6.7812,66.724,27.9391,5.1291,11.513,0.6917
2026-01-03 08:31:59.999999998,56.5333,35.267,6.8537,6.7375,64.553,27.9765,5.0496,11.5353,0.6977
2026-01-03 08:33:00.000000000,56.55,35.251,6.8533,6.7369,67.527,27.8743,5.1728,11.5064,0.7413
2026-01-03 08:34:00.000000001,56.5667,35.33,6.8447,6.7281,66.128,28.0088,5.2783,11.5853,0.6661
2026-01-03 08:34:59.999999998,56.5833,35.327,6.894,6.7773,67.324,27.8908,5.5446,11.5381,0.7067
2026-01-03 08:36:00.000000000,56.6,35.249,6.8903,6.7735,64.735,28.0858,5.2597,11.496,0.6855
2026-01-03 08:37:00.000000001,56.6167,35.278,6.8658,6.7489,66.602,27.9926,5.2187,11.5346,0.7045
2026-01-03 08:37:59.999999998,56.6333,35.195,6.8401,6.723,65.981,27.9543,5.3559,11.5222,0.6889
2026-01-03 08:39:00.000000000,56.65,35.26,6.8419,6.7247,66.924,28.0928,5.3306,11.6039,0.7207
2026-01-03 08:40:00.000000001,56.6667,35.301,6.8715,6.7542,66.754,27.9175,5.1392,11.532,0.7206
2026-01-03 08:40:59.999999998,56.6833,35.319,6.8791,6.7617,66.827,27.9402,5.5708,11.4651,0.6977
2026-01-03 08:42:00.000000000,56.7,35.239,6.8269,6.7093,65.72,27.8537,5.2216,11.5592,0.7288
2026-01-03 08:43:00.000000001,56.7167,35.324,6.8619,6.7441,66.555,28.1048,5.2604,11.6235,0.7152
2026-01-03 08:43:59.999999998,56.7333,35.192,6.9007,6.7829,66.49,28.1498,5.3074,11.5941,0.7279
2026-01-03 08:45:00.000000000,56.75,35.202,6.8641,6.7461,67.063,27.8661,5.2762,11.4791,0.6991
2026-01-03 08:46:00.000000001,56.7667,35.296,6.8983,6.7802,67.491,27.9347,5.4529,11.5208,0.719
2026-01-03 08:46:59.999999998,56.7833,35.341,6.8816,6.7633,66.852,28.0056,5.1353,11.5327,0.6846
2026-01-03 08:48:00.000000000,56.8,35.279,6.847,6.7286,65.742,27.9587,5.341,11.5333,0.6826
2026-01-03 08:49:00.000000001,56.8167,35.249,6.8629,6.7444,66.881,27.9975,5.2479,11.5533,0.7436
2026-01-03 08:49:59.999999998,56.8333,35.137,6.8663,6.7476,68.915,27.9906,5.3703,11.517,0.6783
2026-01-03 08:51:00.000000000,56.85,35.143,6.8499,6.7311,68.174,28.0326,5.1904,11.4884,0.6913
2026-01-03 08:52:00.000000001,56.8667,35.247,6.8497,6.7307,64.508,27.9231,5.1698,11.5818,0.662
2026-01-03 08:52:59.999999998,56.8833,35.219,6.8993,6.7802,66.969,28.0154,5.3318,11.4781,0.6831
2026-01-03 08:54:00.000000000,56.9,35.178,6.8497,6.7305,67.694,27.9107,5.2754,11.4941,0.6801
2026-01-03 08:55:00.000000001,56.9167,35.233,6.8909,6.7716,66.832,27.9671,5.0984,11.4777,0.6866
2026-01-03 08:55:59.999999998,56.9333,35.232,6.8608,6.7413,66.639,27.8611,5.423,11.5648,0.706
2026-01-03 08:57:00.000000000,56.95,35.27,6.8691,6.7495,66.823,27.9676,5.3308,11.5396,0.7108
2026-01-03 08:58:00.000000001,56.9667,35.226,6.881,6.7612,67.507,27.9542,5.2095,11.5784,0.6799
2026-01-03 08:58:59.999999998,56.9833,35.277,6.8579,6.738,66.175,28.0755,5.1501,11.495,0.6842
2026-01-03 09:00:00.000000000,57.0,35.213,6.8814,6.7614,68.072,27.9953,5.2747,11.4716,0.7217
2026-01-03 09:01:00.000000001,57.0167,35.203,6.8292,6.7091,67.104,28.0098,5.3188,11.512,0.7341
2026-01-03 09:01:59.999999998,57.0333,35.258,6.8791,6.7588,66.428,27.9982,4.9804,11.5251,0.7251
2026-01-03 09:03:00.000000000,57.05,35.153,6.821,6.7006,68.102,27.8297,5.2755,11.5447,0.6671
2026-01-03 09:04:00.000000001,57.0667,35.339,6.866,6.7455,65.993,27.8402,5.3168,11.4501,0.7238
2026-01-03 09:04:59.999999998,57.0833,35.213,6.8878,6.7671,66.811,27.9745,4.8658,11.5582,0.7371
2026-01-03 09:06:00.000000000,57.1,35.21,6.8833,6.7625,66.824,28.0223,5.2478,11.4895,0.6661
2026-01-03 09:07:00.000000001,57.1167,35.214,6.8451,6.7241,69.022,27.9812,5.3223,11.5019,0.7217
2026-01-03 09:07:59.999999998,57.1333,35.278,6.8478,6.7267,66.783,27.9309,5.3049,11.5929,0.7045
2026-01-03 09:09:00.000000000,57.15,35.22,6.8576,6.7364,65.632,27.9808,5.3379,11.4251,0.6935
2026-01-03 09:10:00.000000001,57.1667,35.096,6.8752,6.7539,66.915,27.9738,5.1681,11.5504,0.7021
2026-01-03 09:10:59.999999998,57.1833,35.243,6.8311,6.7096,67.768,28.0623,5.061,11.5502,0.7089
2026-01-03 09:12:00.000000000,57.2,35.153,6.8716,6.75,68.054,28.0578,4.9467,11.4933,0.7232
2026-01-03 09:13:00.000000001,57.2167,35.171,6.8783,6.7565,69.271,27.9557,5.3802,11.5119,0.7221
2026-01-03 09:13:59.999999998,57.2333,35.099,6.8666,6.7447,68.598,27.996,5.3216,11.5953,0.6699
2026-01-03 09:15:00.000000000,57.25,35.185,6.8829,6.7609,67.645,28.0221,5.3911,11.6324,0.687
2026-01-03 09:16:00.000000001,57.2667,35.123,6.8771,6.755,66.803,28.034,5.1068,11.5875,0.7019
2026-01-03 09:16:59.999999998,57.2833,35.157,6.862,6.7397,68.836,28.1322,5.3359,11.6285,0.7314
2026-01-03 09:18:00.000000000,57.3,35.134,6.8343,6.7119,67.263,27.9977,4.9896,11.4997,0.6455
2026-01-03 09:19:00.000000001,57.3167,35.241,6.8759,6.7534,67.052,28.0935,5.0843,11.4552,0.6878
2026-01-03 09:19:59.999999998,57.3333,35.241,6.8544,6.7317,67.264,27.9072,5.2334,11.5316,0.6694
2026-01-03 09:21:00.000000000,57.35,35.14,6.8621,6.7393,66.616,27.949,5.3137,11.5745,0.6726
2026-01-03 09:22:00.000000001,57.3667,35.138,6.8834,6.7605,67.264,27.8291,5.4658,11.4415,0.7197
2026-01-03 09:22:59.999999998,57.3833,35.113,6.9024,6.7794,67.468,28.0121,5.1776,11.4879,0.6894
2026-01-03 09:24:00.000000000,57.4,35.183,6.8735,6.7503,68.258,28.0518,5.0835,11.4935,0.6533
2026-01-03 09:25:00.000000001,57.4167,35.108,6.8856,6.7623,67.38,27.7956,5.0755,11.5521,0.6968
2026-01-03 09:25:59.999999998,57.4333,35.1,6.8459,6.7224,66.694,28.0151,5.1097,11.5456,0.7407
2026-01-03 09:27:00.000000000,57.45,35.167,6.8799,6.7563,66.441,28.0483,5.5457,11.4955,0.6639
2026-01-03 09:28:00.000000001,57.4667,35.087,6.874,6.7503,67.908,28.0438,5.3258,11.5432,0.7107
2026-01-03 09:28:59.999999998,57.4833,35.109,6.9,6.7762,67.814,27.9043,5.3789,11.477,0.7314
2026-01-03 09:30:00.000000000,57.5,35.029,6.8649,6.7409,67.328,28.0618,5.1759,11.5129,0.699
2026-01-03 09:31:00.000000001,57.5167,35.14,6.8711,6.747,67.412,28.0007,5.2112,11.471,0.7386
2026-01-03 09:31:59.999999998,57.5333,35.198,6.8974,6.7731,68.112,28.0473,5.3161,11.5267,0.6868
2026-01-03 09:33:00.000000000,57.55,35.134,6.8746,6.7502,68.927,27.9899,5.1351,11.4942,0.7289
2026-01-03 09:34:00.000000001,57.5667,35.168,6.8545,6.73,67.204,28.0305,5.167,11.5687,0.7242
2026-01-03 09:34:59.999999998,57.5833,35.049,6.928,6.8033,67.912,28.0887,5.1092,11.5329,0.6993
2026-01-03 09:36:00.000000000,57.6,35.1,6.8557,6.7309,68.62,27.9837,5.143,11.5229,0.6703
2026-01-03 09:37:00.000000001,57.6167,35.038,6.8762,6.7513,67.244,28.0227,5.2172,11.6226,0.68
2026-01-03 09:37:59.999999998,57.6333,35.07,6.8847,6.7597,67.864,28.1,5.0864,11.5534,0.6531
2026-01-03 09:39:00.000000000,57.65,35.117,6.8834,6.7582,67.857,27.9893,5.2522,11.5158,0.7119
2026-01-03 09:40:00.000000001,57.6667,35.081,6.8746,6.7492,66.849,27.91,5.2518,11.505,0.7095
2026-01-03 09:40:59.999999998,57.6833,35.002,6.8749,6.7495,68.042,28.0541,5.1819,11.4752,0.7016
2026-01-03 09:42:00.000000000,57.7,35.004,6.8742,6.7486,67.942,28.1148,5.0844,11.5309,0.6975
2026-01-03 09:43:00.000000001,57.7167,34.997,6.8569,6.7312,68.37,28.1031,5.224,11.5496,0.7272
2026-01-03 09:43:59.999999998,57.7333,35.088,6.9225,6.7966,66.985,28.0572,5.1323,11.4385,0.706
2026-01-03 09:45:00.000000000,57.75,35.164,6.8754,6.7494,67.95,27.8125,5.2148,11.466,0.6889
2026-01-03 09:46:00.000000001,57.7667,35.126,6.892,6.7659,69.055,27.9491,5.3722,11.5084,0.7029
2026-01-03 09:46:59.999999998,57.7833,34.96,6.8737,6.7475,69.619,27.9532,5.0193,11.4793,0.741
2026-01-03 09:48:00.000000000,57.8,35.123,6.8736,6.7472,68.987,28.0036,5.533,11.5364,0.7124
2026-01-03 09:49:00.000000001,57.8167,35.096,6.8719,6.7454,67.027,28.1351,5.1959,11.5433,0.6922
2026-01-03 09:49:59.999999998,57.8333,34.969,6.8504,6.7237,68.335,27.9136,5.2683,11.5281,0.6991
2026-01-03 09:51:00.000000000,57.85,35.028,6.8785,6.7517,67.593,28.1794,5.0933,11.5617,0.7093
2026-01-03 09:52:00.000000001,57.8667,35.096,6.8739,6.7469,68.211,27.9694,5.3773,11.505,0.6916
2026-01-03 09:52:59.999999998,57.8833,35.066,6.9058,6.7787,67.37,27.9386,5.1869,11.5319,0.6898
2026-01-03 09:54:00.000000000,57.9,34.97,6.8587,6.7315,66.62,28.0676,5.1463,11.4841,0.6998
2026-01-03 09:55:00.000000001,57.9167,35.063,6.8714,6.7441,67.718,28.0739,5.1189,11.5485,0.7304
2026-01-03 09:55:59.999999998,57.9333,34.923,6.8654,6.7379,68.574,28.052,5.1647,11.538,0.7158
2026-01-03 09:57:00.000000000,57.95,35.016,6.9125,6.7849,68.228,27.9384,5.2674,11.4743,0.6918
2026-01-03 09:58:00.000000001,57.9667,35.082,6.8666,6.7389,68.321,28.0402,5.2303,11.5265,0.7174
2026-01-03 09:58:59.999999998,57.9833,35.023,6.8956,6.7677,68.173,27.9173,5.1982,11.5323,0.7002
2026-01-03 10:00:00.000000000,58.0,34.995,6.9041,6.7761,68.324,27.9362,5.0972,11.5483,0.7069
2026-01-03 10:01:00.000000001,58.0167,35.062,6.8821,6.754,68.423,27.9924,5.0883,11.5501,0.7051
2026-01-03 10:01:59.999999998,58.0333,35.064,6.8579,6.7296,67.779,27.9344,5.1343,11.4982,0.6578
2026-01-03 10:03:00.000000000,58.05,35.078,6.8585,6.7301,68.064,28.0842,5.2722,11.5724,0.6391
2026-01-03 10:04:00.000000001,58.0667,35.054,6.9033,6.7748,69.39,27.9537,5.3022,11.5604,0.7045
2026-01-03 10:04:59.999999998,58.0833,35.062,6.8613,6.7326,68.107,27.9824,5.3222,11.498,0.6829
2026-01-03 10:06:00.000000000,58.1,35.043,6.8947,6.7659,68.025,27.9296,5.2022,11.4771,0.6672
2026-01-03 10:07:00.000000001,58.1167,35.017,6.8895,6.7606,68.07,28.083,5.2597,11.5018,0.6836
2026-01-03 10:07:59.999999998,58.1333,35.006,6.8952,6.7661,67.809,27.9467,5.1766,11.4606,0.7185
2026-01-03 10:09:00.000000000,58.15,34.988,6.8974,6.7682,67.631,28.0914,4.9403,11.5446,0.7072
2026-01-03 10:10:00.000000001,58.1667,34.937,6.8697,6.7404,68.141,28.0855,5.169,11.5934,0.7154
2026-01-03 10:10:59.999999998,58.1833,34.948,6.8693,6.7398,67.564,27.9643,5.1448,11.6053,0.7091
2026-01-03 10:12:00.000000000,58.2,34.979,6.9034,6.7738,67.847,28.0024,5.045,11.4798,0.6816
2026-01-03 10:13:00.000000001,58.2167,35.004,6.877,6.7472,67.324,27.9621,5.1155,11.5736,0.7155
2026-01-03 10:13:59.999999998,58.2333,35.062,6.8349,6.7051,68.036,28.0437,5.2207,11.5385,0.7117
2026-01-03 10:15:00.000000000,58.25,34.986,6.9033,6.7733,68.41,27.9844,5.0302,11.4144,0.6977
2026-01-03 10:16:00.000000001,58.2667,35.036,6.87,6.7399,67.765,27.9666,5.0933,11.5176,0.7012
2026-01-03 10:16:59.999999998,58.2833,35.038,6.9005,6.7702,66.319,28.0037,5.4318,11.512,0.7158
2026-01-03 10:18:00.000000000,58.3,34.971,6.9194,6.789,68.389,27.8734,4.959,11.5948,0.685
2026-01-03 10:19:00.000000001,58.3167,35.01,6.8923,6.7618,68.004,27.9939,5.1717,11.4907,0.7218
2026-01-03 10:19:59.999999998,58.3333,34.967,6.9123,6.7816,67.103,28.052,5.024,11.5624,0.7113
2026-01-03 10:21:00.000000000,58.35,35.044,6.8959,6.7651,68.506,28.011,5.0859,11.5289,0.7
2026-01-03 10:22:00.000000001,58.3667,35.008,6.9249,6.794,66.758,28.0761,5.1688,11.4619,0.7306
2026-01-03 10:22:59.999999998,58.3833,34.915,6.8724,6.7413,68.701,27.9698,5.0501,11.5066,0.6741
2026-01-03 10:24:00.000000000,58.4,34.981,6.8939,6.7627,67.807,27.9633,5.284,11.6108,0.6908
2026-01-03 10:25:00.000000001,58.4167,35.054,6.9079,6.7766,66.026,27.9106,5.4004,11.5256,0.6864
2026-01-03 10:25:59.999999998,58.4333,34.961,6.8911,6.7596,67.971,27.9675,5.3237,11.5795,0.7072
2026-01-03 10:27:00.000000000,58.45,34.991,6.9184,6.7868,67.49,28.1573,5.3509,11.5768,0.7236
2026-01-03 10:28:00.000000001,58.4667,34.995,6.8871,6.7554,67.355,28.022,4.99,11.5118,0.6803
2026-01-03 10:28:59.999999998,58.4833,34.914,6.9376,6.8057,67.196,27.9532,5.1603,11.4701,0.7661
2026-01-03 10:30:00.000000000,58.5,34.99,6.9391,6.8071,67.67,27.9195,5.2666,11.4766,0.6867
2026-01-03 10:31:00.000000001,58.5167,34.894,6.9027,6.7706,67.368,27.8721,5.3269,11.6068,0.7072
2026-01-03 10:31:59.999999998,58.5333,34.931,6.9086,6.7763,66.255,27.9336,5.459,11.5418,0.7001
2026-01-03 10:33:00.000000000,58.55,35.015,6.9218,6.7894,68.742,28.0607,5.3561,11.4475,0.7009
2026-01-03 10:34:00.000000001,58.5667,34.978,6.8747,6.7422,67.512,27.9658,5.33,11.5759,0.6842
2026-01-03 10:34:59.999999998,58.5833,34.944,6.8726,6.74,67.105,27.9233,5.5903,11.4449,0.7214
2026-01-03 10:36:00.000000000,58.6,34.981,6.9245,6.7917,66.77,27.9321,5.2095,11.4929,0.6829
2026-01-03 10:37:00.000000001,58.6167,34.954,6.9053,6.7723,68.272,28.052,5.1515,11.5383,0.6646
2026-01-03 10:37:59.999999998,58.6333,34.957,6.8957,6.7627,66.598,27.9935,5.2212,11.6602,0.6776
2026-01-03 10:39:00.000000000,58.65,34.989,6.901,6.7678,67.725,27.9498,5.0571,11.575,0.7289
2026-01-03 10:40:00.000000001,58.6667,34.919,6.8535,6.7201,67.131,27.9753,5.2043,11.5101,0.725
2026-01-03 10:40:59.999999998,58.6833,34.956,6.8979,6.7644,67.158,28.1765,4.9348,11.5356,0.6599
2026-01-03 10:42:00.000000000,58.7,34.938,6.8871,6.7535,66.675,28.0976,5.1142,11.5802,0.7163
2026-01-03 10:43:00.000000001,58.7167,34.873,6.921,6.7872,67.041,28.1175,5.1761,11.6053,0.6604
2026-01-03 10:43:59.999999998,58.7333,34.906,6.923,6.7891,67.523,27.8598,5.3356,11.5218,0.6995
2026-01-03 10:45:00.000000000,58.75,35.03,6.9151,6.7811,67.683,27.9879,5.3596,11.5233,0.6758
2026-01-03 10:46:00.000000001,58.7667,34.97,6.912,6.7778,66.844,27.9484,5.0482,11.4927,0.7178
2026-01-03 10:46:59.999999998,58.7833,34.884,6.8746,6.7403,67.377,28.0435,5.5039,11.5675,0.7111
2026-01-03 10:48:00.000000000,58.8,34.873,6.9168,6.7824,68.138,28.0848,5.2145,11.5855,0.7196
2026-01-03 10:49:00.000000001,58.8167,34.944,6.9181,6.7836,66.074,28.0261,5.228,11.4373,0.6941
2026-01-03 10:49:59.999999998,58.8333,35.027,6.9309,6.7962,67.375,27.9302,4.9491,11.5144,0.6962
2026-01-03 10:51:00.000000000,58.85,34.94,6.9488,6.814,66.595,27.9471,5.0985,11.4736,0.67
2026-01-03 10:52:00.000000001,58.8667,35.014,6.8731,6.7382,66.489,28.0496,5.3488,11.5418,0.6794
2026-01-03 10:52:59.999999998,58.8833,34.966,6.8997,6.7646,67.515,28.0576,5.2165,11.4723,0.719
2026-01-03 10:54:00.000000000,58.9,34.972,6.8931,6.7579,66.845,28.0113,5.207,11.4682,0.7073
2026-01-03 10:55:00.000000001,58.9167,34.881,6.9119,6.7766,66.282,28.0104,5.2247,11.5904,0.7021
2026-01-03 10:55:59.999999998,58.9333,34.995,6.9092,6.7738,68.289,28.004,4.9739,11.5259,0.7252
2026-01-03 10:57:00.000000000,58.95,34.931,6.9048,6.7692,67.939,28.0215,5.1757,11.5312,0.674
2026-01-03 10:58:00.000000001,58.9667,34.991,6.9305,6.7948,65.63,28.0573,5.4012,11.5558,0.7144
2026-01-03 10:58:59.999999998,58.9833,34.907,6.8885,6.7526,65.969,28.0504,5.3527,11.5828,0.6764
2026-01-03 11:00:00.000000000,59.0,34.957,6.8902,6.7542,67.596,28.0019,5.1707,11.5133,0.7296
2026-01-03 11:01:00.000000001,59.0167,34.965,6.891,6.7549,66.865,27.9961,5.4238,11.5144,0.7109
2026-01-03 11:01:59.999999998,59.0333,34.94,6.9048,6.7686,68.266,27.993,5.0001,11.5146,0.7193
2026-01-03 11:03:00.000000000,59.05,34.968,6.888,6.7516,67.529,27.9376,5.043,11.5883,0.686
2026-01-03 11:04:00.000000001,59.0667,34.935,6.9121,6.7756,67.247,27.9366,5.4681,11.5308,0.7436
2026-01-03 11:04:59.999999998,59.0833,34.916,6.9103,6.7736,66.161,28.0435,5.275,11.5197,0.74
2026-01-03 11:06:00.000000000,59.1,35.029,6.8984,6.7616,67.341,27.943,5.1448,11.5538,0.7086
2026-01-03 11:07:00.000000001,59.1167,35.001,6.9321,6.7952,65.898,28.0651,5.1796,11.6258,0.7235
2026-01-03 11:07:59.999999998,59.1333,34.911,6.914,6.7769,67.932,27.9959,5.0667,11.5379,0.694
2026-01-03 11:09:00.000000000,59.15,34.978,6.9369,6.7997,67.195,28.0656,5.2289,11.5208,0.6746
2026-01-03 11:10:00.000000001,59.1667,34.913,6.9123,6.775,66.166,28.051,5.2168,11.6314,0.7159
2026-01-03 11:10:59.999999998,59.1833,34.891,6.9162,6.7788,67.439,28.0674,5.19,11.6007,0.6816
2026-01-03 11:12:00.000000000,59.2,35.003,6.906,6.7684,68.557,27.9619,5.0128,11.5935,0.7262
2026-01-03 11:13:00.000000001,59.2167,34.866,6.9177,6.7799,66.557,28.0327,5.2262,11.5092,0.721
2026-01-03 11:13:59.999999998,59.2333,34.998,6.9326,6.7947,67.14,28.059,5.1069,11.5042,0.7047
2026-01-03 11:15:00.000000000,59.25,34.94,6.9106,6.7726,66.321,27.8759,5.0382,11.4425,0.7036
2026-01-03 11:16:00.000000001,59.2667,34.942,6.9298,6.7916,66.702,28.1361,5.3759,11.5825,0.7198
2026-01-03 11:16:59.999999998,59.2833,34.974,6.9037,6.7654,65.395,28.1813,5.5111,11.5381,0.7055
2026-01-03 11:18:00.000000000,59.3,34.983,6.9357,6.7973,66.567,28.0758,5.4768,11.4442,0.6919
2026-01-03 11:19:00.000000001,59.3167,34.914,6.9094,6.7709,66.569,28.0645,5.2827,11.5943,0.6697
2026-01-03 11:19:59.999999998,59.3333,34.992,6.9386,6.7999,67.939,28.0471,5.1451,11.5174,0.7192
2026-01-03 11:21:00.000000000,59.35,34.962,6.9233,6.7845,65.03,27.9741,5.1742,11.5235,0.7073
2026-01-03 11:22:00.000000001,59.3667,34.894,6.9531,6.8141,66.207,27.9912,5.2454,11.4586,0.7551
2026-01-03 11:22:59.999999998,59.3833,34.949,6.9001,6.7611,67.427,28.0772,5.1213,11.5588,0.6981
2026-01-03 11:24:00.000000000,59.4,35.028,6.8942,6.755,66.169,27.9221,5.3819,11.5593,0.706
2026-01-03 11:25:00.000000001,59.4167,35.043,6.912,6.7726,66.19,27.9151,4.8785,11.5318,0.7065
2026-01-03 11:25:59.999999998,59.4333,34.996,6.8972,6.7577,65.625,27.9682,5.1393,11.5133,0.713
2026-01-03 11:27:00.000000000,59.45,34.902,6.8977,6.7581,65.51,28.0525,5.3036,11.6656,0.6807
2026-01-03 11:28:00.000000001,59.4667,34.987,6.9384,6.7986,64.76,27.9307,5.0565,11.4741,0.6985
2026-01-03 11:28:59.999999998,59.4833,35.006,6.9264,6.7866,65.681,27.982,5.147,11.4982,0.7166
2026-01-03 11:30:00.000000000,59.5,35.0,6.9175,6.7775,65.357,27.9915,5.2718,11.5696,0.6933
2026-01-03 11:31:00.000000001,59.5167,35.004,6.9199,6.7797,66.206,27.9191,5.4103,11.4835,0.7158
2026-01-03 11:31:59.999999998,59.5333,34.984,6.9162,6.776,65.445,27.8048,4.9883,11.4798,0.7019
2026-01-03 11:33:00.000000000,59.55,34.964,6.9617,6.8213,65.655,27.9179,4.9769,11.5908,0.708
2026-01-03 11:34:00.000000001,59.5667,34.938,6.9146,6.774,65.64,28.0209,5.04,11.5645,0.723
2026-01-03 11:34:59.999999998,59.5833,34.874,6.9034,6.7627,65.926,28.0389,4.9511,11.5584,0.6955
2026-01-03 11:36:00.000000000,59.6,34.987,6.9463,6.8055,65.504,28.0395,4.9615,11.5433,0.671
2026-01-03 11:37:00.000000001,59.6167,34.981,6.9266,6.7857,65.04,28.0488,5.0354,11.4996,0.6947
2026-01-03 11:37:59.999999998,59.6333,35.0,6.9723,6.8312,65.921,27.9499,5.3661,11.5216,0.6835
2026-01-03 11:39:00.000000000,59.65,34.907,6.9216,6.7804,66.668,27.9328,5.134,11.5303,0.6575
2026-01-03 11:40:00.000000001,59.6667,35.007,6.9496,6.8082,65.879,28.03,5.1854,11.5765,0.6979
2026-01-03 11:40:59.999999998,59.6833,35.079,6.9549,6.8134,65.251,27.9831,5.0371,11.5555,0.704
2026-01-03 11:42:00.000000000,59.7,34.981,6.9234,6.7818,65.602,28.0726,5.2753,11.4878,0.7204
2026-01-03 11:43:00.000000001,59.7167,34.975,6.9195,6.7778,64.022,28.0305,5.4614,11.5737,0.6772
2026-01-03 11:43:59.999999998,59.7333,34.995,6.9497,6.8079,65.512,28.1027,5.0467,11.4503,0.7018
2026-01-03 11:45:00.000000000,59.75,35.082,6.947,6.805,65.265,27.9628,5.4383,11.5182,0.7226
2026-01-03 11:46:00.000000001,59.7667,34.931,6.9078,6.7657,64.8,28.0854,5.234,11.4771,0.6885
2026-01-03 11:46:59.999999998,59.7833,34.993,6.914,6.7718,64.906,28.1628,5.1817,11.4914,0.7107
2026-01-03 11:48:00.000000000,59.8,34.945,6.8864,6.744,65.141,28.0043,5.239,11.6306,0.732
2026-01-03 11:49:00.000000001,59.8167,34.958,6.9496,6.8071,66.224,28.0399,5.2373,11.4607,0.6628
2026-01-03 11:49:59.999999998,59.8333,34.985,6.9331,6.7904,66.265,27.9256,5.4571,11.4933,0.7055
2026-01-03 11:51:00.000000000,59.85,35.056,6.9356,6.7928,64.61,28.0715,5.2564,11.5597,0.7233
2026-01-03 11:52:00.000000001,59.8667,35.08,6.9056,6.7627,64.899,28.0903,5.2593,11.5107,0.693
2026-01-03 11:52:59.999999998,59.8833,35.013,6.9181,6.775,64.88,27.9604,5.1147,11.542,0.7277
2026-01-03 11:54:00.000000000,59.9,34.973,6.931,6.7878,65.883,28.0469,5.3036,11.6057,0.7127
2026-01-03 11:55:00.000000001,59.9167,35.118,6.9277,6.7844,65.313,28.0224,5.034,11.567,0.7354
2026-01-03 11:55:59.999999998,59.9333,34.973,6.9441,6.8006,65.231,28.0313,5.1936,11.5108,0.7116
2026-01-03 11:57:00.000000000,59.95,34.968,6.954,6.8104,65.547,28.065,5.6096,11.5275,0.7371
2026-01-03 11:58:00.000000001,59.9667,34.909,6.9883,6.8445,64.601,28.0415,4.8012,11.5608,0.706
2026-01-03 11:58:59.999999998,59.9833,35.068,6.943,6.7992,66.13,27.9889,5.2116,11.566,0.6726
2026-01-03 12:00:00.000000000,60.0,35.048,6.9663,6.8223,64.999,28.0667,5.2172,11.5353,0.6874
2026-01-03 12:01:00.000000001,60.0167,35.122,6.928,6.7838,64.276,28.0889,5.142,11.5523,0.7204
2026-01-03 12:01:59.999999998,60.0333,34.933,6.9116,6.7674,64.738,27.9557,5.1454,11.5523,0.72
2026-01-03 12:03:00.000000000,60.05,35.077,6.9387,6.7943,65.868,27.9999,5.1896,11.5296,0.6938
2026-01-03 12:04:00.000000001,60.0667,35.009,6.9143,6.7698,64.503,27.8585,5.1378,11.504,0.7361
2026-01-03 12:04:59.999999998,60.0833,35.047,6.9471,6.8025,65.563,28.0467,5.2087,11.5714,0.6929
2026-01-03 12:06:00.000000000,60.1,34.925,6.9318,6.787,64.264,28.0978,5.1021,11.5488,0.7092
2026-01-03 12:07:00.000000001,60.1167,35.083,6.9089,6.764,64.113,27.9794,5.4784,11.4302,0.7087
2026-01-03 12:07:59.999999998,60.1333,35.05,6.9833,6.8382,65.214,28.0107,5.137,11.4929,0.6734
2026-01-03 12:09:00.000000000,60.15,35.01,6.9384,6.7932,63.948,27.9824,5.2601,11.5102,0.6978
2026-01-03 12:10:00.000000001,60.1667,35.045,6.9169,6.7716,65.266,27.9693,5.0741,11.5242,0.7476
2026-01-03 12:10:59.999999998,60.1833,34.976,6.9682,6.8228,64.851,28.0186,5.3142,11.5944,0.6816
2026-01-03 12:12:00.000000000,60.2,34.987,6.9363,6.7907,63.832,27.9373,5.284,11.6943,0.7125
2026-01-03 12:13:00.000000001,60.2167,34.994,6.9732,6.8275,64.435,27.9812,5.2367,11.4113,0.6769
2026-01-03 12:13:59.999999998,60.2333,34.925,6.9373,6.7914,64.014,27.9276,5.0195,11.5494,0.6813
2026-01-03 12:15:00.000000000,60.25,35.062,6.9417,6.7957,64.694,28.0471,5.0606,11.5377,0.6717
2026-01-03 12:16:00.000000001,60.2667,35.08,6.96,6.8139,65.887,28.0191,5.4261,11.5252,0.7188
2026-01-03 12:16:59.999999998,60.2833,34.987,6.9655,6.8193,64.041,27.9655,5.0585,11.5614,0.6826
2026-01-03 12:18:00.000000000,60.3,35.04,6.9696,6.8232,64.727,28.003,5.2689,11.5417,0.7253
2026-01-03 12:19:00.000000001,60.3167,35.011,6.953,6.8065,64.281,27.9823,5.0309,11.5162,0.6894
2026-01-03 12:19:59.999999998,60.3333,35.042,6.9659,6.8193,64.243,28.0915,5.3237,11.5357,0.7026
2026-01-03 12:21:00.000000000,60.35,34.995,6.9708,6.824,64.054,27.9647,5.0693,11.5621,0.7082
2026-01-03 12:22:00.000000001,60.3667,34.983,6.9605,6.8136,63.462,28.0508,5.0275,11.5573,0.6677
2026-01-03 12:22:59.999999998,60.3833,35.081,6.9542,6.8071,64.378,27.9436,5.065,11.5437,0.7041
2026-01-03 12:24:00.000000000,60.4,35.026,6.9287,6.7815,63.842,28.0651,5.0886,11.5051,0.707
2026-01-03 12:25:00.000000001,60.4167,35.132,6.9701,6.8228,63.312,28.083,5.2321,11.6752,0.7228
2026-01-03 12:25:59.999999998,60.4333,35.034,6.9596,6.8121,64.81,28.0868,5.1816,11.5522,0.6808
2026-01-03 12:27:00.000000000,60.45,34.987,6.951,6.8034,64.041,28.1177,5.0068,11.5724,0.6837
2026-01-03 12:28:00.000000001,60.4667,35.095,6.9854,6.8377,63.742,28.0234,5.1666,11.5088,0.7132
2026-01-03 12:28:59.999999998,60.4833,35.066,6.9318,6.784,64.96,28.099,4.9991,11.5437,0.7282
2026-01-03 12:30:00.000000000,60.5,35.072,6.9938,6.8458,62.383,28.1299,5.267,11.5433,0.6881
2026-01-03 12:31:00.000000001,60.5167,35.096,6.961,6.8129,64.834,27.9102,5.2943,11.4386,0.6753
2026-01-03 12:31:59.999999998,60.5333,35.005,6.9684,6.8201,63.076,27.9517,5.1665,11.4984,0.6937
2026-01-03 12:33:00.000000000,60.55,35.032,6.9547,6.8063,63.913,27.8803,5.2106,11.4975,0.6797
2026-01-03 12:34:00.000000001,60.5667,35.031,6.9298,6.7813,63.238,28.0849,5.4325,11.5042,0.708
2026-01-03 12:34:59.999999998,60.5833,34.976,6.9609,6.8122,62.935,27.8793,5.1458,11.4807,0.6784
2026-01-03 12:36:00.000000000,60.6,35.028,6.9709,6.8221,64.689,27.8576,5.0276,11.5364,0.7195
2026-01-03 12:37:00.000000001,60.6167,35.109,6.9783,6.8294,65.088,27.9122,5.256,11.6041,0.7043
2026-01-03 12:37:59.999999998,60.6333,35.055,6.9614,6.8123,63.392,27.8609,4.999,11.5408,0.7201
2026-01-03 12:39:00.000000000,60.65,34.976,6.922,6.7728,63.803,28.0218,5.1371,11.4752,0.6515
2026-01-03 12:40:00.000000001,60.6667,34.967,6.9356,6.7863,63.546,27.9132,5.0787,11.4827,0.6648
2026-01-03 12:40:59.999999998,60.6833,35.128,7.008,6.8586,64.851,27.8648,5.063,11.5154,0.7259
2026-01-03 12:42:00.000000000,60.7,35.041,6.9457,6.7961,61.742,27.9967,5.1306,11.4634,0.6856
2026-01-03 12:43:00.000000001,60.7167,35.014,6.9966,6.8469,63.701,28.0014,5.3029,11.5495,0.6707
2026-01-03 12:43:59.999999998,60.7333,35.033,6.9499,6.8,62.784,27.8504,5.3336,11.6019,0.6959
2026-01-03 12:45:00.000000000,60.75,34.974,6.9655,6.8155,61.449,27.9429,5.3065,11.5054,0.7048
2026-01-03 12:46:00.000000001,60.7667,35.119,6.9822,6.832,63.012,27.994,5.2178,11.538,0.6968
2026-01-03 12:46:59.999999998,60.7833,35.029,6.9538,6.8035,64.747,27.9715,5.1285,11.5128,0.7094
2026-01-03 12:48:00.000000000,60.8,35.117,7.0026,6.8522,62.712,27.9736,4.8133,11.5027,0.7067
2026-01-03 12:49:00.000000001,60.8167,35.052,6.9728,6.8222,63.838,28.0943,5.2219,11.5437,0.7056
2026-01-03 12:49:59.999999998,60.8333,35.121,6.981,6.8303,64.133,28.1717,4.8247,11.5011,0.727
2026-01-03 12:51:00.000000000,60.85,35.063,6.967,6.8162,63.133,27.9749,4.8779,11.4938,0.6997
2026-01-03 12:52:00.000000001,60.8667,35.093,6.986,6.8351,63.208,27.8942,5.142,11.4533,0.6991
2026-01-03 12:52:59.999999998,60.8833,35.087,7.005,6.8539,61.709,27.9812,5.2057,11.5375,0.7161
2026-01-03 12:54:00.000000000,60.9,35.082,6.9713,6.8201,62.479,28.0155,5.0982,11.5876,0.7111
2026-01-03 12:55:00.000000001,60.9167,35.069,7.009,6.8577,63.748,27.9957,5.396,11.5696,0.6819
2026-01-03 12:55:59.999999998,60.9333,35.04,6.9627,6.8112,63.041,28.0489,5.2348,11.6088,0.6982
2026-01-03 12:57:00.000000000,60.95,35.148,6.9907,6.8391,63.257,28.177,5.1279,11.5005,0.7088
2026-01-03 12:58:00.000000001,60.9667,35.007,6.9858,6.834,63.041,27.863,5.373,11.5768,0.6883
2026-01-03 12:58:59.999999998,60.9833,35.052,6.9551,6.8032,64.66,27.9594,5.3997,11.4791,0.6892
2026-01-03 13:00:00.000000000,61.0,35.053,6.9813,6.8293,62.534,28.1233,5.2416,11.5697,0.6722
2026-01-03 13:01:00.000000001,61.0167,35.072,6.9777,6.8255,64.135,27.9582,5.0482,11.6164,0.6423
2026-01-03 13:01:59.999999998,61.0333,35.031,6.961,6.8087,62.931,28.0632,5.0818,11.5591,0.6925
2026-01-03 13:03:00.000000000,61.05,35.068,6.9857,6.8333,64.152,28.0505,4.9471,11.6173,0.7025
2026-01-03 13:04:00.000000001,61.0667,35.044,6.982,6.8294,61.791,28.099,5.1576,11.5043,0.6781
2026-01-03 13:04:59.999999998,61.0833,34.973,6.9781,6.8254,62.892,28.1531,5.0063,11.5275,0.7276
2026-01-03 13:06:00.000000000,61.1,35.052,6.9787,6.8259,62.404,28.0266,5.1142,11.4884,0.6791
2026-01-03 13:07:00.000000001,61.1167,34.997,6.9787,6.8258,62.805,27.8603,5.2025,11.536,0.7183
2026-01-03 13:07:59.999999998,61.1333,34.965,6.9737,6.8206,63.646,27.944,4.8657,11.5477,0.7084
2026-01-03 13:09:00.000000000,61.15,35.058,6.9843,6.8311,62.947,28.1749,4.9735,11.5355,0.7435
2026-01-03 13:10:00.000000001,61.1667,35.075,6.9691,6.8158,63.596,27.8869,5.0868,11.5105,0.7108
2026-01-03 13:10:59.999999998,61.1833,35.077,7.0356,6.8822,62.06,28.0397,5.1548,11.5097,0.6711
2026-01-03 13:12:00.000000000,61.2,35.078,6.9548,6.8012,61.915,27.7988,5.0884,11.5515,0.7211
2026-01-03 13:13:00.000000001,61.2167,34.953,6.9718,6.818,62.563,27.8919,5.1217,11.5263,0.734
2026-01-03 13:13:59.999999998,61.2333,34.981,6.9738,6.82,62.497,28.071,5.0562,11.4766,0.6646
2026-01-03 13:15:00.000000000,61.25,35.147,7.0252,6.8712,62.357,28.0029,4.9445,11.4394,0.7128
2026-01-03 13:16:00.000000001,61.2667,34.996,6.9585,6.8044,61.717,27.9699,5.0816,11.5045,0.7172
2026-01-03 13:16:59.999999998,61.2833,35.078,6.9939,6.8396,63.422,27.9349,5.1296,11.4651,0.6957
2026-01-03 13:18:00.000000000,61.3,35.012,6.9908,6.8364,62.152,27.8403,5.1148,11.4925,0.6516
2026-01-03 13:19:00.000000001,61.3167,35.05,6.993,6.8385,63.563,28.0555,5.178,11.5131,0.6941
2026-01-03 13:19:59.999999998,61.3333,35.013,7.0115,6.8569,62.412,27.9773,5.2239,11.5269,0.6884
2026-01-03 13:21:00.000000000,61.35,35.072,7.0116,6.8568,62.901,27.8783,5.2631,11.5009,0.7306
2026-01-03 13:22:00.000000001,61.3667,35.05,6.9787,6.8238,62.81,28.0024,5.0657,11.6438,0.6982
2026-01-03 13:22:59.999999998,61.3833,35.02,6.9921,6.837,61.686,28.0465,4.9241,11.4712,0.6918
2026-01-03 13:24:00.000000000,61.4,34.989,6.9514,6.7962,62.621,27.9839,5.3511,11.5947,0.6883
2026-01-03 13:25:00.000000001,61.4167,35.054,6.9911,6.8358,63.852,28.0093,5.218,11.5261,0.7065
2026-01-03 13:25:59.999999998,61.4333,34.979,6.9737,6.8182,62.494,28.0031,5.0168,11.5014,0.7011
2026-01-03 13:27:00.000000000,61.45,35.06,6.9863,6.8307,62.997,27.9435,5.2014,11.5636,0.6842
2026-01-03 13:28:00.000000001,61.4667,35.169,6.9568,6.801,62.814,28.0043,5.3198,11.5116,0.7053
2026-01-03 13:28:59.999999998,61.4833,35.104,6.999,6.8431,62.489,28.0588,5.4188,11.4939,0.6889
2026-01-03 13:30:00.000000000,61.5,35.071,6.9574,6.8014,62.378,28.0828,5.1968,11.6237,0.6482
2026-01-03 13:31:00.000000001,61.5167,35.03,6.9948,6.8386,62.651,28.0633,5.318,11.4245,0.7134
2026-01-03 13:31:59.999999998,61.5333,34.936,6.9677,6.8114,62.81,27.946,4.9775,11.522,0.7115
2026-01-03 13:33:00.000000000,61.55,34.965,6.9757,6.8193,61.104,28.0509,5.1533,11.5437,0.704
2026-01-03 13:34:00.000000001,61.5667,35.094,7.0162,6.8597,62.37,28.0372,5.1083,11.6046,0.6912
2026-01-03 13:34:59.999999998,61.5833,34.989,7.0053,6.8486,62.012,27.9432,5.2098,11.5143,0.6986
2026-01-03 13:36:00.000000000,61.6,34.992,7.0169,6.8601,61.834,27.9629,5.3999,11.6673,0.7164
2026-01-03 13:37:00.000000001,61.6167,35.017,7.0256,6.8686,63.172,28.0544,5.1955,11.5722,0.6874
2026-01-03 13:37:59.999999998,61.6333,34.971,6.9793,6.8223,61.537,28.1102,5.0172,11.4159,0.7172
2026-01-03 13:39:00.000000000,61.65,34.961,7.0252,6.868,60.997,27.8551,4.9682,11.4615,0.6705
2026-01-03 13:40:00.000000001,61.6667,35.018,6.9663,6.809,62.739,28.1312,5.4044,11.5461,0.7034
2026-01-03 13:40:59.999999998,61.6833,34.975,7.011,6.8535,60.956,28.0931,5.2344,11.477,0.7005
2026-01-03 13:42:00.000000000,61.7,34.981,6.9866,6.829,60.541,28.0159,5.2244,11.5616,0.7201
2026-01-03 13:43:00.000000001,61.7167,34.977,6.9783,6.8205,62.801,27.9807,5.1054,11.5115,0.6816
2026-01-03 13:43:59.999999998,61.7333,35.04,7.0096,6.8517,62.193,28.0312,5.197,11.4744,0.6838
2026-01-03 13:45:00.000000000,61.75,35.001,7.0166,6.8586,62.436,27.9488,5.0086,11.486,0.6721
2026-01-03 13:46:00.000000001,61.7667,35.001,7.0164,6.8582,61.696,27.9858,5.2145,11.5768,0.6887
2026-01-03 13:46:59.999999998,61.7833,35.038,7.0028,6.8445,60.936,27.882,4.98,11.4331,0.7051
2026-01-03 13:48:00.000000000,61.8,34.999,7.0015,6.8431,61.088,27.8607,5.1022,11.5865,0.664
2026-01-03 13:49:00.000000001,61.8167,34.991,7.0098,6.8512,61.813,28.1866,5.0595,11.588,0.6911
2026-01-03 13:49:59.999999998,61.8333,35.026,7.0057,6.847,61.008,28.005,4.6672,11.5177,0.7122
2026-01-03 13:51:00.000000000,61.85,35.034,7.0108,6.852,62.266,28.0163,5.1036,11.464,0.6979
2026-01-03 13:52:00.000000001,61.8667,34.991,7.0045,6.8455,61.646,27.9975,5.0206,11.562,0.7015
2026-01-03 13:52:59.999999998,61.8833,35.0,7.0176,6.8585,62.161,27.9338,5.1237,11.5099,0.6699
2026-01-03 13:54:00.000000000,61.9,34.955,6.9686,6.8094,62.133,27.9754,5.1553,11.4585,0.698
2026-01-03 13:55:00.000000001,61.9167,34.949,6.9989,6.8395,62.316,28.0073,5.4201,11.6297,0.7006
2026-01-03 13:55:59.999999998,61.9333,35.028,6.9742,6.8147,62.404,27.9843,5.2004,11.49,0.6967
2026-01-03 13:57:00.000000000,61.95,35.009,7.0078,6.8482,61.727,27.9398,5.2047,11.4606,0.7031
2026-01-03 13:58:00.000000001,61.9667,35.007,7.0354,6.8757,62.148,28.0384,5.2287,11.5485,0.6938
2026-01-03 13:58:59.999999998,61.9833,34.996,6.9935,6.8336,62.189,28.0151,5.285,11.5308,0.6909
2026-01-03 14:00:00.000000000,62.0,34.982,7.0058,6.8458,60.057,28.0314,5.2222,11.6085,0.6792
2026-01-03 14:01:00.000000001,62.0167,35.012,7.0188,6.8586,62.517,28.0564,5.1961,11.5152,0.7195
2026-01-03 14:01:59.999999998,62.0333,35.022,6.9626,6.8024,62.121,27.9864,5.2604,11.5157,0.6755
2026-01-03 14:03:00.000000000,62.05,35.018,6.9939,6.8335,62.454,27.9865,4.7896,11.551,0.7032
2026-01-03 14:04:00.000000001,62.0667,34.965,7.012,6.8514,60.975,28.1186,5.4667,11.5442,0.7363
2026-01-03 14:04:59.999999998,62.0833,35.037,6.9471,6.7864,61.754,27.9245,5.3917,11.5457,0.722
2026-01-03 14:06:00.000000000,62.1,34.976,6.9858,6.825,61.136,27.8501,5.1856,11.5478,0.7102
2026-01-03 14:07:00.000000001,62.1167,34.994,7.0277,6.8668,62.608,28.0444,4.9409,11.5425,0.705
2026-01-03 14:07:59.999999998,62.1333,34.973,7.0261,6.865,60.892,27.9497,5.3343,11.5134,0.6974
2026-01-03 14:09:00.000000000,62.15,34.969,7.0138,6.8526,61.278,27.9138,5.0485,11.5759,0.682
2026-01-03 14:10:00.000000001,62.1667,34.917,7.0243,6.863,62.453,28.0708,5.2325,11.5162,0.6949
2026-01-03 14:10:59.999999998,62.1833,34.986,7.0113,6.8498,61.528,27.9884,4.9598,11.5744,0.7115
2026-01-03 14:12:00.000000000,62.2,35.09,7.0184,6.8568,61.294,27.8989,5.486,11.6036,0.7078
2026-01-03 14:13:00.000000001,62.2167,34.926,7.0013,6.8395,62.769,28.1548,4.9355,11.5004,0.7158
2026-01-03 14:13:59.999999998,62.2333,34.946,7.0102,6.8483,62.808,27.8711,5.1621,11.6545,0.7244
2026-01-03 14:15:00.000000000,62.25,34.917,6.9955,6.8335,62.635,27.9931,4.8332,11.4986,0.6968
2026-01-03 14:16:00.000000001,62.2667,34.912,7.0338,6.8716,62.745,27.8489,5.1452,11.499,0.7038
2026-01-03 14:16:59.999999998,62.2833,35.011,7.0392,6.877,61.889,28.0217,5.0874,11.5612,0.662
2026-01-03 14:18:00.000000000,62.3,34.897,7.0367,6.8743,61.919,27.9487,5.3216,11.5563,0.7451
2026-01-03 14:19:00.000000001,62.3167,34.904,7.0012,6.8387,61.574,28.0655,5.0871,11.5378,0.6917
2026-01-03 14:19:59.999999998,62.3333,34.845,6.9906,6.8279,62.236,27.9986,5.3215,11.5751,0.713
2026-01-03 14:21:00.000000000,62.35,34.883,7.0355,6.8727,61.69,28.108,4.9969,11.5469,0.6917
2026-01-03 14:22:00.000000001,62.3667,34.833,7.0211,6.8582,61.777,27.9656,5.1081,11.6375,0.6912
2026-01-03 14:22:59.999999998,62.3833,34.947,7.0171,6.854,62.615,27.8716,5.1109,11.5316,0.6953
2026-01-03 14:24:00.000000000,62.4,35.052,6.9981,6.8349,63.094,28.019,5.2244,11.4915,0.6751
2026-01-03 14:25:00.000000001,62.4167,34.89,7.0195,6.8562,62.478,27.9798,5.2052,11.5066,0.6504
2026-01-03 14:25:59.999999998,62.4333,34.822,6.9896,6.8261,63.608,27.8545,5.2581,11.5578,0.7232
2026-01-03 14:27:00.000000000,62.45,34.947,7.0242,6.8606,61.621,27.9156,5.1896,11.5585,0.7109
2026-01-03 14:28:00.000000001,62.4667,34.863,7.0394,6.8756,60.729,27.941,5.2486,11.5446,0.6817
2026-01-03 14:28:59.999999998,62.4833,34.961,7.0447,6.8808,62.785,28.1244,5.0146,11.4918,0.709
2026-01-03 14:30:00.000000000,62.5,34.878,7.0265,6.8625,61.611,28.0566,5.2074,11.5897,0.7165
2026-01-03 14:31:00.000000001,62.5167,34.857,6.9849,6.8208,62.025,27.9722,5.3902,11.6311,0.6861
2026-01-03 14:31:59.999999998,62.5333,34.877,7.0167,6.8525,60.844,28.0377,4.8968,11.5357,0.7082
2026-01-03 14:33:00.000000000,62.55,34.92,7.0558,6.8914,61.556,27.8368,5.222,11.6248,0.7201
2026-01-03 14:34:00.000000001,62.5667,34.868,6.9959,6.8313,61.09,27.9548,5.25,11.5775,0.6712
2026-01-03 14:34:59.999999998,62.5833,34.851,7.0123,6.8476,61.962,28.0321,5.3675,11.6452,0.7107
2026-01-03 14:36:00.000000000,62.6,34.862,7.042,6.8772,62.011,28.0132,5.257,11.5579,0.7073
2026-01-03 14:37:00.000000001,62.6167,34.805,7.0263,6.8613,62.417,27.9569,5.163,11.5411,0.7376
2026-01-03 14:37:59.999999998,62.6333,34.885,7.0638,6.8987,63.355,27.9969,5.2123,11.5763,0.7111
2026-01-03 14:39:00.000000000,62.65,34.773,6.9997,6.8345,62.924,28.027,5.0374,11.5125,0.6918
2026-01-03 14:40:00.000000001,62.6667,34.836,6.9948,6.8294,61.104,27.9993,5.0893,11.5546,0.6941
2026-01-03 14:40:59.999999998,62.6833,34.893,7.0393,6.8738,62.908,28.0689,4.947,11.6008,0.7405
2026-01-03 14:42:00.000000000,62.7,34.867,6.9911,6.8255,62.531,28.0255,5.3702,11.5752,0.6929
2026-01-03 14:43:00.000000001,62.7167,34.878,7.0112,6.8455,62.385,28.0409,5.2145,11.5327,0.7117
2026-01-03 14:43:59.999999998,62.7333,34.841,7.0141,6.8482,62.466,28.1371,5.0094,11.5442,0.6952
2026-01-03 14:45:00.000000000,62.75,34.9,7.0363,6.8703,62.669,28.0662,5.1874,11.5721,0.7216
2026-01-03 14:46:00.000000001,62.7667,34.884,7.028,6.8619,61.974,28.1393,5.3204,11.5705,0.7226
2026-01-03 14:46:59.999999998,62.7833,34.856,7.0251,6.8588,62.404,27.9462,5.2953,11.5717,0.6995
2026-01-03 14:48:00.000000000,62.8,34.877,7.0081,6.8417,63.52,27.8726,5.0071,11.5512,0.6919
2026-01-03 14:49:00.000000001,62.8167,34.864,7.0406,6.8741,62.033,27.9888,4.676,11.493,0.6914
2026-01-03 14:49:59.999999998,62.8333,34.801,7.097,6.9303,61.796,27.982,5.2052,11.501,0.6655
2026-01-03 14:51:00.000000000,62.85,34.753,7.0305,6.8637,62.595,28.1168,5.0127,11.5573,0.702
2026-01-03 14:52:00.000000001,62.8667,34.837,7.0188,6.8519,61.764,27.9096,5.2389,11.5758,0.7016
2026-01-03 14:52:59.999999998,62.8833,34.84,6.991,6.8239,61.315,27.9937,5.288,11.5693,0.6837
2026-01-03 14:54:00.000000000,62.9,34.864,7.0044,6.8372,62.443,28.0324,5.3123,11.5005,0.6633
2026-01-03 14:55:00.000000001,62.9167,34.759,7.013,6.8457,63.903,28.008,5.4068,11.5267,0.7041
2026-01-03 14:55:59.999999998,62.9333,34.757,7.0067,6.8393,62.74,27.9863,5.3304,11.4755,0.7067
2026-01-03 14:57:00.000000000,62.95,34.822,7.0173,6.8497,62.94,28.0287,5.4072,11.4647,0.7079
2026-01-03 14:58:00.000000001,62.9667,34.791,7.0533,6.8856,61.12,28.0863,5.3515,11.5383,0.6802
2026-01-03 14:58:59.999999998,62.9833,34.697,7.0428,6.8749,63.202,28.1229,5.3644,11.6021,0.7079
2026-01-03 15:00:00.000000000,63.0,34.807,7.0148,6.8468,62.953,28.0026,5.1382,11.5392,0.6964
2026-01-03 15:01:00.000000001,63.0167,34.692,6.994,6.8258,62.375,27.9347,4.9508,11.6296,0.7173
2026-01-03 15:01:59.999999998,63.0333,34.734,7.045,6.8767,63.079,28.1228,5.5164,11.526,0.6805
2026-01-03 15:03:00.000000000,63.05,34.845,7.0174,6.849,63.1,27.9138,5.1533,11.5358,0.723
2026-01-03 15:04:00.000000001,63.0667,34.865,6.984,6.8154,62.145,28.1432,5.328,11.4847,0.7302
2026-01-03 15:04:59.999999998,63.0833,34.709,7.0329,6.8642,63.287,28.1075,5.061,11.5169,0.7023
2026-01-03 15:06:00.000000000,63.1,34.75,7.0392,6.8704,64.009,28.1192,5.288,11.4747,0.7081
2026-01-03 15:07:00.000000001,63.1167,34.765,6.9703,6.8014,62.899,28.0548,4.7765,11.457,0.7157
2026-01-03 15:07:59.999999998,63.1333,34.849,7.0025,6.8334,62.418,27.831,5.0816,11.4756,0.6795
2026-01-03 15:09:00.000000000,63.15,34.732,7.0168,6.8476,63.001,27.9169,5.1282,11.5385,0.6903
2026-01-03 15:10:00.000000001,63.1667,34.729,7.0338,6.8645,63.857,28.0246,5.2122,11.4974,0.7037
2026-01-03 15:10:59.999999998,63.1833,34.827,7.0089,6.8395,62.224,27.9459,5.3035,11.5092,0.7405
2026-01-03 15:12:00.000000000,63.2,34.727,7.0027,6.8331,63.699,27.9748,4.9784,11.5547,0.6761
2026-01-03 15:13:00.000000001,63.2167,34.779,7.034,6.8642,62.726,28.049,5.2414,11.4568,0.7328
2026-01-03 15:13:59.999999998,63.2333,34.665,7.0101,6.8403,63.494,27.9864,5.3262,11.5383,0.6961
2026-01-03 15:15:00.000000000,63.25,34.727,7.0304,6.8604,62.882,27.9025,5.4939,11.5766,0.6993
2026-01-03 15:16:00.000000001,63.2667,34.649,6.9974,6.8273,62.912,28.0709,5.2479,11.581,0.7244
2026-01-03 15:16:59.999999998,63.2833,34.676,6.9927,6.8224,64.618,28.0412,5.0728,11.5601,0.7404
2026-01-03 15:18:00.000000000,63.3,34.767,7.0349,6.8645,62.305,27.9801,4.9508,11.5316,0.7085
2026-01-03 15:19:00.000000001,63.3167,34.72,7.0249,6.8544,63.854,28.0569,5.4158,11.503,0.7233
2026-01-03 15:19:59.999999998,63.3333,34.703,7.0384,6.8677,64.885,28.0076,5.2519,11.5301,0.6816
2026-01-03 15:21:00.000000000,63.35,34.678,7.0093,6.8385,64.083,28.1065,5.1379,11.6169,0.6894
2026-01-03 15:22:00.000000001,63.3667,34.701,7.0041,6.8332,62.504,28.0121,4.898,11.5479,0.673
2026-01-03 15:22:59.999999998,63.3833,34.724,7.0473,6.8762,62.578,28.1059,5.0012,11.5289,0.6897
2026-01-03 15:24:00.000000000,63.4,34.755,6.9896,6.8184,63.037,27.8501,5.2354,11.5624,0.7113
2026-01-03 15:25:00.000000001,63.4167,34.571,7.0452,6.8738,63.799,28.0367,5.1936,11.5367,0.7042
2026-01-03 15:25:59.999999998,63.4333,34.658,7.0466,6.8751,63.889,27.9682,4.8485,11.5455,0.7345
2026-01-03 15:27:00.000000000,63.45,34.704,7.0374,6.8658,62.727,27.9313,5.2352,11.5219,0.7411
2026-01-03 15:28:00.000000001,63.4667,34.688,7.0065,6.8348,63.082,28.0927,4.9048,11.5135,0.6973
2026-01-03 15:28:59.999999998,63.4833,34.71,7.0039,6.8321,63.167,28.0711,5.3431,11.584,0.6864
2026-01-03 15:30:00.000000000,63.5,34.7,7.0161,6.8441,63.707,27.8395,5.1711,11.4367,0.7232
2026-01-03 15:31:00.000000001,63.5167,34.669,6.9944,6.8223,65.476,28.0572,5.0702,11.5582,0.7253
2026-01-03 15:31:59.999999998,63.5333,34.655,7.0011,6.8288,63.178,28.0475,5.288,11.5104,0.7088
2026-01-03 15:33:00.000000000,63.55,34.666,7.0332,6.8608,63.18,27.9422,5.1924,11.439,0.7141
2026-01-03 15:34:00.000000001,63.5667,34.732,7.0333,6.8608,63.092,27.9332,5.338,11.4855,0.711
2026-01-03 15:34:59.999999998,63.5833,34.635,6.9994,6.8267,64.544,27.8728,5.1512,11.5324,0.6802
2026-01-03 15:36:00.000000000,63.6,34.666,7.0339,6.8611,64.04,27.973,5.1598,11.5393,0.6756
2026-01-03 15:37:00.000000001,63.6167,34.675,7.0294,6.8565,63.393,27.9858,5.096,11.5712,0.699
2026-01-03 15:37:59.999999998,63.6333,34.741,7.0505,6.8775,63.858,28.0638,5.1781,11.5746,0.696
2026-01-03 15:39:00.000000000,63.65,34.646,7.0317,6.8585,63.552,28.0216,5.3932,11.4569,0.7055
2026-01-03 15:40:00.000000001,63.6667,34.706,7.0415,6.8682,64.46,27.9152,5.0629,11.5531,0.6974
2026-01-03 15:40:59.999999998,63.6833,34.717,7.0298,6.8564,66.409,28.0191,5.2354,11.5707,0.6659
2026-01-03 15:42:00.000000000,63.7,34.649,7.0399,6.8663,64.74,27.9797,5.006,11.5452,0.6578
2026-01-03 15:43:00.000000001,63.7167,34.639,6.9945,6.8208,64.264,27.9252,4.8279,11.5594,0.7147
2026-01-03 15:43:59.999999998,63.7333,34.631,7.0178,6.8439,63.844,27.8728,5.1689,11.4376,0.6867
2026-01-03 15:45:00.000000000,63.75,34.632,7.0194,6.8454,63.34,28.05,5.1932,11.4847,0.6954
2026-01-03 15:46:00.000000001,63.7667,34.685,7.0153,6.8412,65.04,28.0357,5.121,11.6025,0.6888
2026-01-03 15:46:59.999999998,63.7833,34.651,7.029,6.8547,65.035,28.0445,4.9129,11.5202,0.6817
2026-01-03 15:48:00.000000000,63.8,34.649,7.0328,6.8584,64.158,27.9417,5.1828,11.6454,0.6812
2026-01-03 15:49:00.000000001,63.8167,34.578,7.0279,6.8533,65.54,28.0137,5.177,11.4703,0.7204
2026-01-03 15:49:59.999999998,63.8333,34.584,7.0164,6.8418,64.625,27.89,5.0036,11.6124,0.6952
2026-01-03 15:51:00.000000000,63.85,34.737,7.0052,6.8304,65.267,27.9211,4.9337,11.5037,0.7127
2026-01-03 15:52:00.000000001,63.8667,34.618,7.0418,6.8669,64.923,28.0027,5.0988,11.5774,0.7154
2026-01-03 15:52:59.999999998,63.8833,34.586,7.0268,6.8517,64.584,28.021,5.2344,11.5195,0.7063
2026-01-03 15:54:00.000000000,63.9,34.694,6.9994,6.8242,64.001,27.8697,5.1988,11.54,0.716
2026-01-03 15:55:00.000000001,63.9167,34.635,7.0158,6.8405,64.687,27.9154,5.0041,11.564,0.7003
2026-01-03 15:55:59.999999998,63.9333,34.647,6.9847,6.8093,65.517,27.9708,5.1566,11.5036,0.7273
2026-01-03 15:57:00.000000000,63.95,34.609,7.0202,6.8446,64.476,28.0767,5.269,11.5743,0.7165
2026-01-03 15:58:00.000000001,63.9667,34.598,7.0155,6.8398,65.273,27.935,4.9599,11.5209,0.7191
2026-01-03 15:58:59.999999998,63.9833,34.604,7.0079,6.832,64.095,28.0112,5.1451,11.5431,0.6812
2026-01-03 16:00:00.000000000,64.0,34.541,7.051,6.875,65.624,28.0196,5.3364,11.402,0.7053
2026-01-03 16:01:00.000000001,64.0167,34.604,6.9961,6.82,65.29,27.98,4.9441,11.5174,0.6633
2026-01-03 16:01:59.999999998,64.0333,34.621,7.0333,6.857,64.117,28.0214,5.3085,11.5974,0.728
2026-01-03 16:03:00.000000000,64.05,34.697,7.0628,6.8864,64.939,27.8924,5.3779,11.569,0.6875
2026-01-03 16:04:00.000000001,64.0667,34.607,7.0405,6.8639,65.902,27.9475,5.1016,11.5786,0.6903
2026-01-03 16:04:59.999999998,64.0833,34.484,7.0182,6.8415,64.189,28.1147,5.0833,11.5369,0.6727
2026-01-03 16:06:00.000000000,64.1,34.595,6.9961,6.8193,64.379,28.1204,5.2896,11.618,0.6993
2026-01-03 16:07:00.000000001,64.1167,34.735,6.9914,6.8145,65.219,28.0674,5.1066,11.5487,0.6946
2026-01-03 16:07:59.999999998,64.1333,34.639,7.0103,6.8332,67.02,28.088,4.7814,11.5012,0.7365
2026-01-03 16:09:00.000000000,64.15,34.554,7.0047,6.8275,64.815,27.8539,5.1194,11.577,0.7172
2026-01-03 16:10:00.000000001,64.1667,34.622,7.0039,6.8266,65.788,27.9241,5.2046,11.5804,0.6897
2026-01-03 16:10:59.999999998,64.1833,34.554,7.0116,6.8342,65.639,27.9751,5.2449,11.5657,0.6667
2026-01-03 16:12:00.000000000,64.2,34.522,7.016,6.8384,64.998,28.1933,5.0017,11.5141,0.6543
2026-01-03 16:13:00.000000001,64.2167,34.571,7.0276,6.8499,65.637,27.975,5.0932,11.5483,0.6795
2026-01-03 16:13:59.999999998,64.2333,34.592,6.993,6.8152,65.188,28.0596,5.2801,11.6039,0.6734
2026-01-03 16:15:00.000000000,64.25,34.492,7.004,6.826,65.299,28.0303,5.1244,11.5581,0.707
2026-01-03 16:16:00.000000001,64.2667,34.527,7.0143,6.8362,64.295,28.0285,4.9039,11.4603,0.6971
2026-01-03 16:16:59.999999998,64.2833,34.584,7.0135,6.8352,65.643,27.9981,5.3187,11.5028,0.7003
2026-01-03 16:18:00.000000000,64.3,34.562,7.054,6.8756,66.42,27.904,5.1008,11.5005,0.681
2026-01-03 16:19:00.000000001,64.3167,34.601,7.0218,6.8432,65.784,27.7839,5.2965,11.4965,0.703
2026-01-03 16:19:59.999999998,64.3333,34.52,6.9847,6.806,66.649,28.1025,4.9234,11.4287,0.6716
2026-01-03 16:21:00.000000000,64.35,34.615,7.0252,6.8464,66.279,27.9507,5.1144,11.6288,0.6982
2026-01-03 16:22:00.000000001,64.3667,34.519,7.0276,6.8486,65.804,27.8506,5.2089,11.4904,0.7166
2026-01-03 16:22:59.999999998,64.3833,34.66,7.014,6.8349,65.387,28.035,5.1192,11.494,0.6927
2026-01-03 16:24:00.000000000,64.4,34.491,6.9921,6.8129,65.538,28.0335,4.9547,11.4371,0.7089
2026-01-03 16:25:00.000000001,64.4167,34.521,7.0514,6.872,64.788,28.0614,4.774,11.5776,0.6605
2026-01-03 16:25:59.999999998,64.4333,34.596,6.9946,6.8152,65.788,28.0893,5.3604,11.5297,0.6589
2026-01-03 16:27:00.000000000,64.45,34.658,7.0291,6.8495,66.155,27.9265,5.1689,11.5167,0.7065
2026-01-03 16:28:00.000000001,64.4667,34.59,7.0197,6.84,67.447,27.93,5.3066,11.5193,0.7209
2026-01-03 16:28:59.999999998,64.4833,34.602,7.0275,6.8477,66.534,27.9745,5.2708,11.5636,0.6952
2026-01-03 16:30:00.000000000,64.5,34.574,7.0495,6.8695,65.456,28.0657,5.2208,11.5102,0.7429
2026-01-03 16:31:00.000000001,64.5167,34.521,7.0264,6.8463,65.033,27.8318,5.083,11.4348,0.6711
2026-01-03 16:31:59.999999998,64.5333,34.547,7.0038,6.8236,66.055,28.0103,5.2045,11.4697,0.6864
2026-01-03 16:33:00.000000000,64.55,34.511,7.0369,6.8565,66.905,28.0746,5.3458,11.4671,0.7028
2026-01-03 16:34:00.000000001,64.5667,34.507,7.002,6.8215,66.115,28.0713,5.1432,11.548,0.7093
2026-01-03 16:34:59.999999998,64.5833,34.591,7.0177,6.8371,66.76,28.0567,5.4159,11.5807,0.6883
2026-01-03 16:36:00.000000000,64.6,34.515,6.9884,6.8076,66.217,28.085,4.9056,11.6075,0.6788
2026-01-03 16:37:00.000000001,64.6167,34.587,6.9934,6.8125,66.97,27.7802,4.8893,11.4525,0.7124
2026-01-03 16:37:59.999999998,64.6333,34.505,7.0149,6.8338,65.154,28.1291,5.2785,11.5652,0.7027
2026-01-03 16:39:00.000000000,64.65,34.585,7.021,6.8398,67.749,28.0264,5.0073,11.5035,0.6931
2026-01-03 16:40:00.000000001,64.6667,34.546,6.9794,6.7981,65.61,28.1068,5.4365,11.6804,0.71
2026-01-03 16:40:59.999999998,64.6833,34.641,7.0232,6.8417,67.169,27.906,5.3304,11.6034,0.6973
2026-01-03 16:42:00.000000000,64.7,34.587,6.9967,6.8151,66.35,27.8597,5.3678,11.6193,0.6972
2026-01-03 16:43:00.000000001,64.7167,34.632,7.0385,6.8567,66.508,28.1429,5.2622,11.5744,0.6965
2026-01-03 16:43:59.999999998,64.7333,34.533,7.0056,6.8237,66.441,27.9259,4.9912,11.5533,0.6836
2026-01-03 16:45:00.000000000,64.75,34.574,6.99,6.808,66.871,27.9751,4.8804,11.5141,0.6815
2026-01-03 16:46:00.000000001,64.7667,34.522,7.0137,6.8316,67.065,28.0422,5.3535,11.5043,0.6895
2026-01-03 16:46:59.999999998,64.7833,34.551,6.9937,6.8114,67.578,28.0618,4.9041,11.4942,0.7006
2026-01-03 16:48:00.000000000,64.8,34.559,7.0372,6.8548,67.89,28.0863,5.3666,11.5651,0.6626
2026-01-03 16:49:00.000000001,64.8167,34.536,7.0116,6.829,67.06,28.0179,5.2292,11.6122,0.7189
2026-01-03 16:49:59.999999998,64.8333,34.512,7.0083,6.8256,68.197,27.9157,5.1172,11.5164,0.7004
2026-01-03 16:51:00.000000000,64.85,34.503,7.023,6.8402,66.932,28.0565,5.1948,11.4981,0.6787
2026-01-03 16:52:00.000000001,64.8667,34.457,6.9908,6.8079,67.75,28.0578,5.1982,11.4601,0.7323
2026-01-03 16:52:59.999999998,64.8833,34.522,6.9849,6.8018,67.261,27.8548,5.0979,11.5465,0.7008
2026-01-03 16:54:00.000000000,64.9,34.607,7.0186,6.8354,66.509,28.1135,5.342,11.5957,0.6733
2026-01-03 16:55:00.000000001,64.9167,34.496,6.9882,6.8049,67.123,27.801,5.3367,11.5982,0.7314
2026-01-03 16:55:59.999999998,64.9333,34.508,6.988,6.8045,67.41,28.0828,5.1512,11.6032,0.7271
2026-01-03 16:57:00.000000000,64.95,34.667,7.0265,6.8429,67.011,27.9493,5.0377,11.555,0.6818
2026-01-03 16:58:00.000000001,64.9667,34.547,7.02,6.8363,67.395,28.0564,5.3235,11.5387,0.6935
2026-01-03 16:58:59.999999998,64.9833,34.595,6.9842,6.8003,67.786,28.0408,4.8241,11.5983,0.6908
2026-01-03 17:00:00.000000000,65.0,34.612,6.9966,6.8126,67.103,27.997,5.1939,11.4787,0.6622
2026-01-03 17:01:00.000000001,65.0167,34.614,6.9907,6.8065,64.794,28.0361,5.2381,11.5122,0.7065
2026-01-03 17:01:59.999999998,65.0333,34.506,7.044,6.8598,68.519,27.9931,5.0028,11.6198,0.7169
2026-01-03 17:03:00.000000000,65.05,34.572,7.0264,6.842,66.965,28.0571,5.273,11.4805,0.7131
2026-01-03 17:04:00.000000001,65.0667,34.504,6.9996,6.8151,66.571,28.1748,5.1229,11.5325,0.7007
2026-01-03 17:04:59.999999998,65.0833,34.708,7.0193,6.8346,66.356,27.8927,5.0448,11.5658,0.7188
2026-01-03 17:06:00.000000000,65.1,34.507,6.9804,6.7956,67.012,27.7449,5.271,11.5384,0.6773
2026-01-03 17:07:00.000000001,65.1167,34.536,6.9938,6.8089,66.856,27.9667,4.9636,11.5917,0.7364
2026-01-03 17:07:59.999999998,65.1333,34.537,7.0091,6.824,66.742,27.9613,5.2567,11.6105,0.6846
2026-01-03 17:09:00.000000000,65.15,34.516,7.0158,6.8306,66.81,27.9698,4.8288,11.5582,0.6868
2026-01-03 17:10:00.000000001,65.1667,34.66,7.0045,6.8192,67.804,27.9259,5.1689,11.6037,0.6885
2026-01-03 17:10:59.999999998,65.1833,34.715,7.0112,6.8257,69.028,28.0698,5.1325,11.4878,0.687
2026-01-03 17:12:00.000000000,65.2,34.571,7.0075,6.8219,68.084,27.8895,5.0448,11.5264,0.6961
2026-01-03 17:13:00.000000001,65.2167,34.531,7.0024,6.8167,68.348,28.0361,5.1841,11.6545,0.6954
2026-01-03 17:13:59.999999998,65.2333,34.486,6.9995,6.8136,67.17,28.0511,5.1136,11.6314,0.7026
2026-01-03 17:15:00.000000000,65.25,34.587,6.9966,6.8106,67.578,28.0253,5.2836,11.4704,0.6836
2026-01-03 17:16:00.000000001,65.2667,34.585,7.0095,6.8234,67.857,28.039,5.2093,11.5336,0.7033
2026-01-03 17:16:59.999999998,65.2833,34.57,7.0128,6.8265,67.01,28.0759,5.1931,11.541,0.6782
2026-01-03 17:18:00.000000000,65.3,34.616,7.0083,6.8219,67.217,28.0043,5.1688,11.5551,0.7146
2026-01-03 17:19:00.000000001,65.3167,34.626,6.9805,6.7939,68.262,27.9723,5.0541,11.5979,0.7144
2026-01-03 17:19:59.999999998,65.3333,34.624,6.9838,6.7971,68.47,28.0389,5.0795,11.6262,0.6999
2026-01-03 17:21:00.000000000,65.35,34.594,7.0115,6.8247,67.671,28.048,5.1619,11.5361,0.687
2026-01-03 17:22:00.000000001,65.3667,34.557,7.0326,6.8457,66.68,28.0712,5.0985,11.5903,0.7062
2026-01-03 17:22:59.999999998,65.3833,34.647,7.006,6.8189,67.418,27.863,5.2911,11.5666,0.6822
2026-01-03 17:24:00.000000000,65.4,34.616,6.9944,6.8072,66.52,27.9853,5.1383,11.5332,0.7007
2026-01-03 17:25:00.000000001,65.4167,34.662,7.0069,6.8195,67.751,27.9148,5.1805,11.4493,0.697
2026-01-03 17:25:59.999999998,65.4333,34.659,6.9793,6.7919,67.912,28.0449,4.9136,11.5852,0.7526
2026-01-03 17:27:00.000000000,65.45,34.55,7.028,6.8404,67.508,28.0581,5.2654,11.5645,0.6755
2026-01-03 17:28:00.000000001,65.4667,34.552,7.0052,6.8175,67.934,27.978,5.0366,11.5537,0.6467
2026-01-03 17:28:59.999999998,65.4833,34.588,6.9878,6.8,68.09,27.9417,4.9672,11.4852,0.6872
2026-01-03 17:30:00.000000000,65.5,34.575,6.9976,6.8096,67.977,28.0478,5.3704,11.6322,0.6657
2026-01-03 17:31:00.000000001,65.5167,34.667,6.9901,6.802,66.825,27.9893,5.228,11.5419,0.6855
2026-01-03 17:31:59.999999998,65.5333,34.649,7.0266,6.8383,67.598,28.1141,5.2698,11.4772,0.674
2026-01-03 17:33:00.000000000,65.55,34.689,6.996,6.8076,68.142,28.1418,5.1913,11.4691,0.6819
2026-01-03 17:34:00.000000001,65.5667,34.656,7.0029,6.8144,69.091,28.0801,5.109,11.5681,0.6787
2026-01-03 17:34:59.999999998,65.5833,34.649,7.011,6.8223,67.623,28.0186,5.081,11.5696,0.7193
2026-01-03 17:36:00.000000000,65.6,34.701,6.9844,6.7956,68.294,28.146,5.2396,11.5111,0.699
2026-01-03 17:37:00.000000001,65.6167,34.666,7.0028,6.8138,68.568,28.0193,5.2925,11.5574,0.7215
2026-01-03 17:37:59.999999998,65.6333,34.649,7.0041,6.815,67.719,27.9617,5.1123,11.5676,0.7008
2026-01-03 17:39:00.000000000,65.65,34.722,6.9672,6.778,68.806,27.946,5.4333,11.5412,0.7186
2026-01-03 17:40:00.000000001,65.6667,34.656,7.0031,6.8137,68.86,27.9437,5.0927,11.4992,0.694
2026-01-03 17:40:59.999999998,65.6833,34.637,6.9968,6.8073,69.012,27.9995,4.9131,11.5823,0.7319
2026-01-03 17:42:00.000000000,65.7,34.613,7.0,6.8104,68.284,28.037,4.8638,11.5761,0.7094
2026-01-03 17:43:00.000000001,65.7167,34.692,6.9978,6.8081,69.814,27.8868,4.8687,11.5626,0.6844
2026-01-03 17:43:59.999999998,65.7333,34.721,7.002,6.8121,67.442,27.9641,5.0597,11.4925,0.7124
2026-01-03 17:45:00.000000000,65.75,34.659,7.0233,6.8333,69.642,28.017,5.0869,11.4677,0.7005
2026-01-03 17:46:00.000000001,65.7667,34.73,6.9726,6.7825,68.564,28.0515,5.2239,11.5381,0.6959
2026-01-03 17:46:59.999999998,65.7833,34.568,6.9891,6.7988,69.029,27.9979,5.1171,11.5807,0.7019
2026-01-03 17:48:00.000000000,65.8,34.666,7.009,6.8186,67.707,28.0196,5.2478,11.5862,0.715
2026-01-03 17:49:00.000000001,65.8167,34.67,7.0049,6.8144,68.645,27.9009,5.1279,11.5634,0.6576
2026-01-03 17:49:59.999999998,65.8333,34.638,7.0042,6.8135,69.116,27.9271,5.1231,11.5117,0.693
2026-01-03 17:51:00.000000000,65.85,34.796,7.0498,6.859,67.109,27.9951,5.0343,11.494,0.7137
2026-01-03 17:52:00.000000001,65.8667,34.676,7.0067,6.8158,67.853,28.0408,5.3342,11.5334,0.705
2026-01-03 17:52:59.999999998,65.8833,34.661,7.0167,6.8257,66.274,28.0185,4.891,11.5339,0.6775
2026-01-03 17:54:00.000000000,65.9,34.686,6.9877,6.7965,67.848,27.9321,5.1658,11.5896,0.6526
2026-01-03 17:55:00.000000001,65.9167,34.587,6.9737,6.7823,67.341,27.9811,5.0932,11.5102,0.734
2026-01-03 17:55:59.999999998,65.9333,34.652,6.9869,6.7955,67.822,28.1209,5.2376,11.5144,0.6963
2026-01-03 17:57:00.000000000,65.95,34.741,7.0071,6.8155,70.337,28.0435,5.1171,11.637,0.7303
2026-01-03 17:58:00.000000001,65.9667,34.663,7.0007,6.809,69.373,27.987,5.1214,11.6118,0.7159
2026-01-03 17:58:59.999999998,65.9833,34.656,7.0004,6.8085,66.848,27.9179,5.08,11.4901,0.6841
2026-01-03 18:00:00.000000000,66.0,34.765,6.9877,6.7957,68.445,27.9429,5.3288,11.6077,0.65
2026-01-03 18:01:00.000000001,66.0167,34.77,6.9842,6.7921,68.639,28.0005,5.1201,11.4781,0.6908
2026-01-03 18:01:59.999999998,66.0333,34.731,6.9878,6.7955,67.729,28.0221,5.4151,11.5125,0.6993
2026-01-03 18:03:00.000000000,66.05,34.685,7.0056,6.8132,68.14,28.0452,5.1603,11.5182,0.709
2026-01-03 18:04:00.000000001,66.0667,34.699,7.0076,6.8151,68.217,28.031,5.1226,11.5303,0.6778
2026-01-03 18:04:59.999999998,66.0833,34.673,6.9704,6.7777,66.916,27.9704,5.0975,11.5652,0.7036
2026-01-03 18:06:00.000000000,66.1,34.666,7.0054,6.8126,67.166,27.9591,5.2038,11.5396,0.7036
2026-01-03 18:07:00.000000001,66.1167,34.666,6.9769,6.7839,68.125,28.1638,5.0308,11.565,0.7197
2026-01-03 18:07:59.999999998,66.1333,34.69,6.999,6.8059,68.063,27.9555,5.1408,11.5141,0.6939
2026-01-03 18:09:00.000000000,66.15,34.672,6.9854,6.7922,67.412,27.8967,5.12,11.5529,0.7089
2026-01-03 18:10:00.000000001,66.1667,34.648,7.0203,6.827,67.339,27.8689,5.1674,11.5382,0.7058
2026-01-03 18:10:59.999999998,66.1833,34.74,6.9803,6.7868,67.897,27.9717,5.171,11.4648,0.7175
2026-01-03 18:12:00.000000000,66.2,34.743,6.9919,6.7983,68.672,28.0752,5.1787,11.5584,0.6836
2026-01-03 18:13:00.000000001,66.2167,34.819,7.0002,6.8065,67.895,27.9539,5.1325,11.539,0.6386
2026-01-03 18:13:59.999999998,66.2333,34.703,6.9703,6.7764,69.248,28.1182,5.3535,11.4985,0.6953
2026-01-03 18:15:00.000000000,66.25,34.754,6.986,6.792,67.386,27.9994,5.1815,11.513,0.6954
2026-01-03 18:16:00.000000001,66.2667,34.758,6.9818,6.7877,68.089,28.0888,5.5089,11.5142,0.6768
2026-01-03 18:16:59.999999998,66.2833,34.732,6.9766,6.7823,67.643,27.9394,5.1253,11.522,0.6698
2026-01-03 18:18:00.000000000,66.3,34.784,6.9778,6.7834,68.387,27.9406,5.2616,11.6222,0.6885
2026-01-03 18:19:00.000000001,66.3167,34.789,7.0085,6.814,67.282,28.0073,5.0087,11.6387,0.6977
2026-01-03 18:19:59.999999998,66.3333,34.769,6.974,6.7793,69.44,28.0386,5.3276,11.3979,0.7019
2026-01-03 18:21:00.000000000,66.35,34.742,6.997,6.8022,66.535,27.9857,5.0117,11.5586,0.6543
2026-01-03 18:22:00.000000001,66.3667,34.74,6.9917,6.7968,69.249,28.0234,5.1856,11.582,0.6649
2026-01-03 18:22:59.999999998,66.3833,34.692,6.9572,6.7621,67.937,28.0471,5.0775,11.5234,0.7226
2026-01-03 18:24:00.000000000,66.4,34.722,6.9952,6.8,68.295,27.8864,5.1848,11.5806,0.6962
2026-01-03 18:25:00.000000001,66.4167,34.734,6.9562,6.7609,68.908,27.9727,5.0817,11.6169,0.7
2026-01-03 18:25:59.999999998,66.4333,34.711,6.9968,6.8013,68.514,27.9585,4.9984,11.4656,0.6733
2026-01-03 18:27:00.000000000,66.45,34.792,6.9738,6.7782,67.231,27.9624,5.0759,11.5409,0.6999
2026-01-03 18:28:00.000000001,66.4667,34.832,6.9838,6.7881,68.281,28.0326,5.3478,11.6321,0.6925
2026-01-03 18:28:59.999999998,66.4833,34.73,6.9575,6.7616,69.28,27.9596,5.1865,11.4723,0.6876
2026-01-03 18:30:00.000000000,66.5,34.792,6.9855,6.7895,67.062,27.8396,4.923,11.5285,0.6708
2026-01-03 18:31:00.000000001,66.5167,34.728,7.0013,6.8052,69.451,27.9811,5.2805,11.5118,0.6826
2026-01-03 18:31:59.999999998,66.5333,34.767,6.9663,6.7701,68.049,27.9148,4.9824,11.5868,0.7394
2026-01-03 18:33:00.000000000,66.55,34.75,6.9701,6.7737,67.378,28.0397,5.2275,11.5938,0.693
2026-01-03 18:34:00.000000001,66.5667,34.817,6.991,6.7945,66.993,28.0645,5.1988,11.5423,0.7158
2026-01-03 18:34:59.999999998,66.5833,34.756,6.9912,6.7946,67.512,27.826,5.2082,11.5358,0.6961
2026-01-03 18:36:00.000000000,66.6,34.842,6.9327,6.7359,66.109,27.9381,5.3936,11.4483,0.6938
2026-01-03 18:37:00.000000001,66.6167,34.782,7.0214,6.8244,67.323,28.0283,4.9912,11.6054,0.6873
2026-01-03 18:37:59.999999998,66.6333,34.764,6.9914,6.7943,67.426,27.8873,5.207,11.5166,0.7269
2026-01-03 18:39:00.000000000,66.65,34.736,6.9944,6.7972,66.758,28.0626,5.3042,11.5271,0.7075
2026-01-03 18:40:00.000000001,66.6667,34.814,6.9774,6.78,68.196,28.0839,5.0187,11.5828,0.6842
2026-01-03 18:40:59.999999998,66.6833,34.848,6.9428,6.7454,67.403,27.987,5.0032,11.5441,0.6921
2026-01-03 18:42:00.000000000,66.7,34.819,6.9932,6.7956,67.049,27.9381,5.0719,11.5844,0.7215
2026-01-03 18:43:00.000000001,66.7167,34.92,6.9681,6.7704,67.277,27.8152,5.1636,11.5644,0.6432
2026-01-03 18:43:59.999999998,66.7333,34.881,6.99,6.7921,67.8,28.0651,4.9032,11.5444,0.7062
2026-01-03 18:45:00.000000000,66.75,34.796,6.9745,6.7765,67.553,28.1602,5.1973,11.5498,0.7108
2026-01-03 18:46:00.000000001,66.7667,34.798,6.9834,6.7852,66.912,28.1437,4.9032,11.4781,0.685
2026-01-03 18:46:59.999999998,66.7833,34.839,6.9628,6.7646,67.55,27.9844,5.3084,11.5268,0.7031
2026-01-03 18:48:00.000000000,66.8,34.776,6.9954,6.797,67.387,27.9126,5.1913,11.5884,0.71
2026-01-03 18:49:00.000000001,66.8167,34.878,6.954,6.7555,66.492,28.067,5.4011,11.4893,0.6754
2026-01-03 18:49:59.999999998,66.8333,34.84,7.0224,6.8238,67.149,27.9899,5.2144,11.4985,0.7168
2026-01-03 18:51:00.000000000,66.85,34.837,7.022,6.8232,67.819,28.0383,5.0682,11.4902,0.7059
2026-01-03 18:52:00.000000001,66.8667,34.86,7.0097,6.8107,67.789,28.0242,4.994,11.5419,0.6969
2026-01-03 18:52:59.999999998,66.8833,34.914,7.0023,6.8032,67.123,28.0074,5.1496,11.6044,0.7021
2026-01-03 18:54:00.000000000,66.9,34.838,6.9748,6.7756,67.823,28.0823,5.1091,11.5616,0.7141
2026-01-03 18:55:00.000000001,66.9167,34.826,6.9996,6.8002,66.472,28.0853,5.2914,11.4254,0.7463
2026-01-03 18:55:59.999999998,66.9333,34.909,6.9741,6.7746,66.47,27.9582,4.9741,11.5667,0.7122
2026-01-03 18:57:00.000000000,66.95,34.883,6.9447,6.7451,67.002,27.9262,5.4164,11.5121,0.7162
2026-01-03 18:58:00.000000001,66.9667,34.821,7.0056,6.8058,68.374,27.8001,5.3044,11.5597,0.7039
2026-01-03 18:58:59.999999998,66.9833,34.839,6.9978,6.798,67.28,27.9723,5.0825,11.5268,0.738
2026-01-03 19:00:00.000000000,67.0,34.85,6.9744,6.7744,66.901,27.9125,5.3826,11.4912,0.6707
2026-01-03 19:01:00.000000001,67.0167,34.86,6.9503,6.7501,68.329,28.0335,4.9954,11.5307,0.6653
2026-01-03 19:01:59.999999998,67.0333,34.776,6.9628,6.7625,66.836,27.9731,5.1436,11.5122,0.7031
2026-01-03 19:03:00.000000000,67.05,34.768,6.9379,6.7375,68.824,27.9818,4.9211,11.5496,0.7132
2026-01-03 19:04:00.000000001,67.0667,34.802,6.9929,6.7924,66.598,28.065,5.3895,11.4899,0.6485
2026-01-03 19:04:59.999999998,67.0833,34.8,6.9417,6.7411,66.169,28.0318,4.8653,11.478,0.6999
2026-01-03 19:06:00.000000000,67.1,34.817,6.9793,6.7785,66.815,27.9907,4.8962,11.5708,0.6964
2026-01-03 19:07:00.000000001,67.1167,34.883,6.9565,6.7555,66.719,28.1349,5.017,11.5897,0.7149
2026-01-03 19:07:59.999999998,67.1333,34.844,6.9446,6.7435,66.242,28.0591,5.3104,11.5632,0.7086
2026-01-03 19:09:00.000000000,67.15,34.863,6.9776,6.7764,68.939,27.9667,5.2552,11.5018,0.6638
2026-01-03 19:10:00.000000001,67.1667,34.794,6.966,6.7646,67.081,27.9703,5.1301,11.4972,0.6784
2026-01-03 19:10:59.999999998,67.1833,34.833,6.9892,6.7877,67.166,28.0631,5.2646,11.5001,0.6839
2026-01-03 19:12:00.000000000,67.2,34.887,6.9469,6.7453,66.394,28.0162,5.0943,11.5787,0.7148
2026-01-03 19:13:00.000000001,67.2167,34.888,6.9568,6.7551,66.269,27.9103,5.1749,11.493,0.7075
2026-01-03 19:13:59.999999998,67.2333,34.823,6.924,6.7222,67.52,28.0716,5.3592,11.5784,0.6876
2026-01-03 19:15:00.000000000,67.25,34.869,6.9279,6.7259,65.326,28.1006,5.0743,11.5661,0.7029
2026-01-03 19:16:00.000000001,67.2667,34.972,7.0073,6.8052,65.72,28.0945,4.9962,11.5961,0.6788
2026-01-03 19:16:59.999999998,67.2833,34.862,7.0128,6.8105,66.403,28.1234,5.1816,11.5874,0.741
2026-01-03 19:18:00.000000000,67.3,34.829,6.9728,6.7704,67.648,28.1655,5.222,11.5614,0.7115
2026-01-03 19:19:00.000000001,67.3167,34.856,6.9543,6.7517,66.234,28.1384,5.1274,11.4608,0.7157
2026-01-03 19:19:59.999999998,67.3333,34.87,6.9646,6.7619,66.833,28.0273,5.2613,11.5647,0.7275
2026-01-03 19:21:00.000000000,67.35,34.859,6.9878,6.785,66.488,27.9833,5.0805,11.54,0.7203
2026-01-03 19:22:00.000000001,67.3667,34.866,6.9598,6.7569,67.468,27.8536,5.1297,11.5156,0.7006
2026-01-03 19:22:59.999999998,67.3833,34.796,6.9747,6.7716,65.129,28.0009,5.1666,11.6023,0.6963
2026-01-03 19:24:00.000000000,67.4,34.821,6.9695,6.7663,66.951,28.0415,5.1534,11.5267,0.7258
2026-01-03 19:25:00.000000001,67.4167,34.862,6.9582,6.7548,66.168,28.0035,5.3522,11.5078,0.7005
2026-01-03 19:25:59.999999998,67.4333,34.862,6.9588,6.7554,67.031,27.8489,5.1655,11.5904,0.685
2026-01-03 19:27:00.000000000,67.45,34.843,6.975,6.7714,65.601,27.9771,5.0644,11.514,0.7393
2026-01-03 19:28:00.000000001,67.4667,34.863,6.9495,6.7457,66.24,28.0516,5.1891,11.5053,0.6813
2026-01-03 19:28:59.999999998,67.4833,34.875,6.9779,6.774,66.102,27.9179,5.2611,11.4779,0.6653
2026-01-03 19:30:00.000000000,67.5,34.917,6.9592,6.7552,65.346,28.0133,5.2258,11.4932,0.7199
2026-01-03 19:31:00.000000001,67.5167,34.868,6.971,6.7669,65.087,28.0345,5.2174,11.4975,0.6854
2026-01-03 19:31:59.999999998,67.5333,34.894,6.996,6.7917,65.611,28.0894,4.8848,11.5653,0.7087
2026-01-03 19:33:00.000000000,67.55,34.847,6.9648,6.7604,66.142,28.137,4.7355,11.4833,0.7363
2026-01-03 19:34:00.000000001,67.5667,34.903,6.9864,6.7818,65.396,27.9698,5.3005,11.4413,0.6725
2026-01-03 19:34:59.999999998,67.5833,34.894,6.932,6.7273,65.7,28.0147,5.175,11.5494,0.6992
2026-01-03 19:36:00.000000000,67.6,34.918,6.9582,6.7534,64.418,28.0172,5.1058,11.5025,0.7297
2026-01-03 19:37:00.000000001,67.6167,34.911,6.968,6.7631,65.593,28.0519,5.2131,11.5334,0.7136
2026-01-03 19:37:59.999999998,67.6333,34.905,7.0058,6.8007,66.671,28.043,5.3979,11.5983,0.6964
2026-01-03 19:39:00.000000000,67.65,34.871,6.928,6.7228,66.378,28.114,5.3208,11.5378,0.7478
2026-01-03 19:40:00.000000001,67.6667,34.888,6.9651,6.7598,65.707,27.8135,5.253,11.6097,0.6981
2026-01-03 19:40:59.999999998,67.6833,34.929,6.996,6.7906,65.933,28.0334,4.9755,11.5308,0.7079
2026-01-03 19:42:00.000000000,67.7,34.843,6.951,6.7454,65.038,28.039,4.9949,11.5846,0.733
2026-01-03 19:43:00.000000001,67.7167,34.845,6.9623,6.7566,66.962,27.9812,4.7503,11.5069,0.7196
2026-01-03 19:43:59.999999998,67.7333,34.885,6.9731,6.7672,67.278,27.8189,5.2032,11.5396,0.7264
2026-01-03 19:45:00.000000000,67.75,34.897,6.97,6.764,65.717,27.9951,5.2744,11.4876,0.682
2026-01-03 19:46:00.000000001,67.7667,34.835,6.9975,6.7914,67.619,27.9432,5.2865,11.4935,0.7246
2026-01-03 19:46:59.999999998,67.7833,34.872,6.975,6.7688,64.964,28.1342,5.2092,11.523,0.7034
2026-01-03 19:48:00.000000000,67.8,34.871,6.9925,6.7861,64.468,28.03,5.0847,11.4678,0.6851
2026-01-03 19:49:00.000000001,67.8167,34.764,6.9586,6.7521,64.863,27.9364,5.023,11.5422,0.7044
2026-01-03 19:49:59.999999998,67.8333,34.864,6.9509,6.7442,65.216,27.8358,4.9838,11.5191,0.7038
2026-01-03 19:51:00.000000000,67.85,34.867,6.9611,6.7543,67.202,28.0472,5.083,11.546,0.7374
2026-01-03 19:52:00.000000001,67.8667,34.866,6.9423,6.7354,65.089,28.0557,4.9607,11.4686,0.7076
2026-01-03 19:52:59.999999998,67.8833,34.945,6.975,6.768,64.587,27.9827,5.3707,11.5693,0.6844
2026-01-03 19:54:00.000000000,67.9,34.813,6.9575,6.7503,64.517,28.0483,4.9118,11.6191,0.6798
2026-01-03 19:55:00.000000001,67.9167,34.832,6.9517,6.7444,66.108,27.9721,5.0775,11.6086,0.6991
2026-01-03 19:55:59.999999998,67.9333,34.742,6.975,6.7676,65.955,28.0854,4.8165,11.6294,0.6731
2026-01-03 19:57:00.000000000,67.95,34.848,6.9421,6.7345,64.729,28.0794,5.1513,11.5364,0.6857
2026-01-03 19:58:00.000000001,67.9667,34.852,6.9803,6.7726,63.578,27.8689,5.1064,11.5166,0.6951
2026-01-03 19:58:59.999999998,67.9833,34.845,6.9552,6.7474,64.136,27.8884,5.0531,11.5586,0.6916
2026-01-03 20:00:00.000000000,68.0,34.925,6.9879,6.7799,66.377,28.1625,4.9666,11.5223,0.7145
2026-01-03 20:01:00.000000001,68.0167,34.912,6.9568,6.7486,65.512,28.0746,5.1068,11.4472,0.6852
2026-01-03 20:01:59.999999998,68.0333,34.873,6.9772,6.7689,64.974,27.899,5.0247,11.5752,0.6506
2026-01-03 20:03:00.000000000,68.05,34.849,6.9681,6.7597,66.377,27.8744,5.0857,11.5225,0.6663
2026-01-03 20:04:00.000000001,68.0667,34.919,6.9793,6.7707,66.41,28.0166,5.3997,11.4609,0.6996
2026-01-03 20:04:59.999999998,68.0833,34.865,6.9665,6.7578,64.775,27.9086,5.1319,11.5088,0.6883
2026-01-03 20:06:00.000000000,68.1,34.825,6.931,6.7222,64.751,27.9747,5.1859,11.5236,0.6753
2026-01-03 20:07:00.000000001,68.1167,34.779,6.9844,6.7754,64.26,27.9962,5.0362,11.5348,0.7392
2026-01-03 20:07:59.999999998,68.1333,34.842,6.9624,6.7533,64.459,27.9928,4.9881,11.5354,0.7166
2026-01-03 20:09:00.000000000,68.15,34.901,6.9799,6.7707,63.458,28.0901,5.1022,11.6027,0.6988
2026-01-03 20:10:00.000000001,68.1667,34.976,6.9778,6.7685,63.416,28.1468,5.4811,11.4698,0.7047
2026-01-03 20:10:59.999999998,68.1833,34.864,6.9485,6.739,63.191,27.9617,5.0623,11.5266,0.6947
2026-01-03 20:12:00.000000000,68.2,34.822,6.9456,6.736,65.398,27.9095,5.1595,11.4903,0.6749
2026-01-03 20:13:00.000000001,68.2167,34.8,6.977,6.7673,63.243,28.0311,4.981,11.597,0.7206
2026-01-03 20:13:59.999999998,68.2333,34.885,6.9578,6.7479,66.013,28.1305,4.6918,11.5062,0.717
2026-01-03 20:15:00.000000000,68.25,34.768,6.9825,6.7725,63.83,27.9677,4.9865,11.517,0.6605
2026-01-03 20:16:00.000000001,68.2667,34.883,6.9602,6.7501,65.766,28.068,5.462,11.5867,0.7045
2026-01-03 20:16:59.999999998,68.2833,34.895,6.9842,6.7739,64.046,27.933,5.1941,11.6005,0.7067
2026-01-03 20:18:00.000000000,68.3,34.875,6.9722,6.7618,63.047,28.0017,5.3509,11.6079,0.6936
2026-01-03 20:19:00.000000001,68.3167,34.841,6.9695,6.7589,65.289,27.907,5.0525,11.4521,0.7419
2026-01-03 20:19:59.999999998,68.3333,34.879,6.9562,6.7455,65.345,28.0009,4.751,11.5584,0.7398
2026-01-03 20:21:00.000000000,68.35,34.858,6.9683,6.7575,63.461,27.9907,4.9381,11.5477,0.6924
2026-01-03 20:22:00.000000001,68.3667,34.809,6.9875,6.7766,63.883,28.0486,5.1639,11.5317,0.6955
2026-01-03 20:22:59.999999998,68.3833,34.939,6.9626,6.7515,63.386,28.1422,5.1399,11.5376,0.6932
2026-01-03 20:24:00.000000000,68.4,34.828,6.9743,6.7631,63.977,27.9689,5.1025,11.5985,0.6878
2026-01-03 20:25:00.000000001,68.4167,34.883,6.9646,6.7532,64.122,27.84,5.0245,11.5862,0.6816
2026-01-03 20:25:59.999999998,68.4333,34.722,6.9661,6.7547,63.717,27.9838,5.2449,11.5791,0.7101
2026-01-03 20:27:00.000000000,68.45,34.905,6.9981,6.7865,62.507,28.0239,5.0286,11.5446,0.7392
2026-01-03 20:28:00.000000001,68.4667,34.913,6.9877,6.776,63.46,28.0162,5.1499,11.6478,0.731
2026-01-03 20:28:59.999999998,68.4833,34.84,6.9653,6.7534,64.451,27.9874,5.1329,11.5142,0.7158
2026-01-03 20:30:00.000000000,68.5,34.865,6.968,6.756,63.685,28.119,5.0482,11.4534,0.6519
2026-01-03 20:31:00.000000001,68.5167,34.863,6.9497,6.7376,63.554,28.0109,4.9712,11.521,0.6627
2026-01-03 20:31:59.999999998,68.5333,34.802,6.9603,6.748,63.035,27.9916,5.0392,11.5371,0.7213
2026-01-03 20:33:00.000000000,68.55,34.86,6.97,6.7576,63.256,27.9378,5.3843,11.5994,0.7324
2026-01-03 20:34:00.000000001,68.5667,34.791,6.9808,6.7683,64.836,27.8603,5.27,11.5087,0.7111
2026-01-03 20:34:59.999999998,68.5833,34.799,6.9788,6.7662,62.761,28.0263,5.2561,11.5588,0.6939
2026-01-03 20:36:00.000000000,68.6,34.884,6.9417,6.7289,64.215,28.0196,4.985,11.4604,0.727
2026-01-03 20:37:00.000000001,68.6167,34.875,6.9835,6.7705,63.641,27.9153,4.8872,11.5883,0.7151
2026-01-03 20:37:59.999999998,68.6333,34.789,6.9622,6.7491,63.764,27.9965,5.2672,11.5376,0.7227
2026-01-03 20:39:00.000000000,68.65,34.786,6.9443,6.7311,62.948,27.9885,5.2383,11.5202,0.6629
2026-01-03 20:40:00.000000001,68.6667,34.789,6.9908,6.7775,63.219,27.95,5.1231,11.6408,0.7069
2026-01-03 20:40:59.999999998,68.6833,34.856,6.9934,6.78,63.462,27.9365,5.0469,11.5877,0.7355
2026-01-03 20:42:00.000000000,68.7,34.768,6.9695,6.7559,63.016,28.0324,4.8827,11.4822,0.7105
2026-01-03 20:43:00.000000001,68.7167,34.834,6.9785,6.7647,63.664,27.9819,5.2323,11.5288,0.719
2026-01-03 20:43:59.999999998,68.7333,34.852,6.9797,6.7658,63.732,27.9527,5.2801,11.671,0.7007
2026-01-03 20:45:00.000000000,68.75,34.809,6.9923,6.7783,65.071,27.9311,5.0002,11.6332,0.7021
2026-01-03 20:46:00.000000001,68.7667,34.862,6.9791,6.7649,63.523,27.9896,4.9876,11.5804,0.7281
2026-01-03 20:46:59.999999998,68.7833,34.795,6.938,6.7238,61.739,28.074,5.288,11.4419,0.6866
2026-01-03 20:48:00.000000000,68.8,34.798,7.0049,6.7905,64.167,28.0165,5.0055,11.6008,0.6846
2026-01-03 20:49:00.000000001,68.8167,34.758,6.9861,6.7715,63.042,27.981,5.3685,11.5025,0.6904
2026-01-03 20:49:59.999999998,68.8333,34.856,6.9547,6.74,64.783,28.0247,5.0852,11.6004,0.7005
2026-01-03 20:51:00.000000000,68.85,34.765,6.9444,6.7296,64.319,28.1092,5.0435,11.4981,0.6678
2026-01-03 20:52:00.000000001,68.8667,34.819,6.9752,6.7602,62.708,28.0392,5.1081,11.5587,0.7146
2026-01-03 20:52:59.999999998,68.8833,34.796,6.9596,6.7445,63.659,28.0208,5.0433,11.5022,0.6967
2026-01-03 20:54:00.000000000,68.9,34.745,6.9719,6.7567,62.576,28.0511,5.2701,11.5161,0.7171
2026-01-03 20:55:00.000000001,68.9167,34.766,6.9802,6.7649,63.024,27.9874,5.234,11.5653,0.6576
2026-01-03 20:55:59.999999998,68.9333,34.864,6.9542,6.7387,63.533,28.0147,5.2642,11.4683,0.7172
2026-01-03 20:57:00.000000000,68.95,34.803,6.9433,6.7277,63.854,27.9609,5.1286,11.6528,0.7267
2026-01-03 20:58:00.000000001,68.9667,34.741,6.9735,6.7577,63.651,27.876,5.0323,11.4829,0.7088
2026-01-03 20:58:59.999999998,68.9833,34.805,6.9552,6.7393,62.967,28.0274,5.0993,11.4801,0.7006
2026-01-03 21:00:00.000000000,69.0,34.781,6.9689,6.7529,64.865,28.0277,5.0367,11.5655,0.7173
2026-01-03 21:01:00.000000001,69.0167,34.959,6.9393,6.7231,62.559,27.977,5.3205,11.5988,0.7254
2026-01-03 21:01:59.999999998,69.0333,34.799,6.9612,6.745,61.538,28.0829,5.2508,11.518,0.7105
2026-01-03 21:03:00.000000000,69.05,34.764,6.9807,6.7643,61.665,27.9423,5.0866,11.4807,0.712
2026-01-03 21:04:00.000000001,69.0667,34.852,6.9787,6.7621,63.95,27.8583,4.9612,11.4881,0.7331
2026-01-03 21:04:59.999999998,69.0833,34.687,6.9509,6.7343,62.683,27.9442,5.3312,11.4827,0.7152
2026-01-03 21:06:00.000000000,69.1,34.783,6.9435,6.7267,62.846,27.8767,5.1205,11.5496,0.684
2026-01-03 21:07:00.000000001,69.1167,34.876,6.9673,6.7504,62.259,28.027,5.0804,11.5307,0.7253
2026-01-03 21:07:59.999999998,69.1333,34.769,6.9784,6.7613,62.306,27.9398,5.3323,11.5555,0.6975
2026-01-03 21:09:00.000000000,69.15,34.686,6.9755,6.7583,62.014,28.0788,5.0233,11.5525,0.7007
2026-01-03 21:10:00.000000001,69.1667,34.751,6.9573,6.7399,62.997,28.0771,5.0518,11.5754,0.7021
2026-01-03 21:10:59.999999998,69.1833,34.842,6.9737,6.7562,62.518,27.926,5.0649,11.5137,0.7194
2026-01-03 21:12:00.000000000,69.2,34.787,6.9979,6.7803,62.921,27.9354,4.902,11.4973,0.735
2026-01-03 21:13:00.000000001,69.2167,34.725,6.9722,6.7544,62.822,28.0428,5.1467,11.542,0.7005
2026-01-03 21:13:59.999999998,69.2333,34.731,6.9356,6.7177,62.187,28.0784,4.9849,11.5315,0.7346
2026-01-03 21:15:00.000000000,69.25,34.735,6.9725,6.7545,61.339,27.839,5.0136,11.5469,0.7033
2026-01-03 21:16:00.000000001,69.2667,34.78,7.0095,6.7914,61.247,28.0225,4.9934,11.4986,0.728
2026-01-03 21:16:59.999999998,69.2833,34.827,6.9431,6.7248,64.884,27.8242,5.0109,11.5663,0.704
2026-01-03 21:18:00.000000000,69.3,34.811,6.9696,6.7512,63.625,27.9561,4.9731,11.4753,0.6902
2026-01-03 21:19:00.000000001,69.3167,34.78,6.9647,6.7462,63.494,28.0875,5.1359,11.5122,0.7384
2026-01-03 21:19:59.999999998,69.3333,34.689,6.9713,6.7527,61.862,28.2408,5.0754,11.5907,0.6882
2026-01-03 21:21:00.000000000,69.35,34.688,6.9735,6.7547,62.39,27.9809,5.1058,11.4777,0.6869
2026-01-03 21:22:00.000000001,69.3667,34.78,6.9927,6.7737,61.711,27.9002,5.4516,11.5867,0.6749
2026-01-03 21:22:59.999999998,69.3833,34.684,6.9718,6.7527,61.295,27.9589,5.0751,11.4638,0.7253
2026-01-03 21:24:00.000000000,69.4,34.739,6.9958,6.7766,61.856,28.0053,5.1891,11.455,0.7301
2026-01-03 21:25:00.000000001,69.4167,34.764,6.9682,6.7488,63.37,27.9464,5.2061,11.4595,0.7075
2026-01-03 21:25:59.999999998,69.4333,34.691,6.9637,6.7443,62.965,27.926,5.0887,11.5401,0.6803
2026-01-03 21:27:00.000000000,69.45,34.695,6.9576,6.738,61.5,27.9659,5.1391,11.5707,0.6999
2026-01-03 21:28:00.000000001,69.4667,34.74,6.9349,6.7151,62.008,28.0316,5.1011,11.5989,0.6939
2026-01-03 21:28:59.999999998,69.4833,34.769,6.977,6.7571,62.843,27.9864,5.1283,11.5949,0.6794
2026-01-03 21:30:00.000000000,69.5,34.795,7.0128,6.7928,61.772,27.9295,5.0098,11.5774,0.6902
2026-01-03 21:31:00.000000001,69.5167,34.772,6.9811,6.761,62.277,27.9464,5.0236,11.4926,0.7101
2026-01-03 21:31:59.999999998,69.5333,34.744,6.9859,6.7657,62.521,27.9669,5.1001,11.4922,0.6879
2026-01-03 21:33:00.000000000,69.55,34.701,6.9642,6.7438,62.498,27.92,4.8017,11.5736,0.7058
2026-01-03 21:34:00.000000001,69.5667,34.684,6.9678,6.7473,62.375,27.9434,5.3218,11.6053,0.6645
2026-01-03 21:34:59.999999998,69.5833,34.711,6.9927,6.772,61.636,28.0515,5.4215,11.4827,0.7336
2026-01-03 21:36:00.000000000,69.6,34.756,7.0134,6.7926,61.706,27.9816,5.1228,11.5989,0.6922
2026-01-03 21:37:00.000000001,69.6167,34.751,7.0033,6.7823,61.228,27.8597,5.197,11.4382,0.7174
2026-01-03 21:37:59.999999998,69.6333,34.628,6.9899,6.7688,60.874,28.082,5.2592,11.5537,0.7038
2026-01-03 21:39:00.000000000,69.65,34.693,6.9748,6.7536,62.021,28.0333,4.8983,11.529,0.708
2026-01-03 21:40:00.000000001,69.6667,34.792,6.9785,6.7572,62.755,27.8893,5.2361,11.524,0.6774
2026-01-03 21:40:59.999999998,69.6833,34.735,6.9596,6.7381,60.988,27.9708,5.0328,11.5358,0.6848
2026-01-03 21:42:00.000000000,69.7,34.659,6.946,6.7244,62.301,27.9366,5.4403,11.4915,0.6852
2026-01-03 21:43:00.000000001,69.7167,34.847,6.9527,6.7309,62.702,28.0542,5.0684,11.5565,0.7005
2026-01-03 21:43:59.999999998,69.7333,34.727,6.9765,6.7546,60.596,27.9703,5.2327,11.5373,0.7265
2026-01-03 21:45:00.000000000,69.75,34.746,6.97,6.748,61.841,27.9942,5.0697,11.581,0.7087
2026-01-03 21:46:00.000000001,69.7667,34.746,6.9467,6.7246,63.367,27.9849,5.4258,11.6137,0.682
2026-01-03 21:46:59.999999998,69.7833,34.707,6.9757,6.7534,62.485,27.8816,5.0194,11.5406,0.7017
2026-01-03 21:48:00.000000000,69.8,34.689,6.9704,6.748,60.541,28.1124,5.2709,11.4933,0.6984
2026-01-03 21:49:00.000000001,69.8167,34.831,6.9536,6.731,62.558,28.053,5.1901,11.4773,0.693
2026-01-03 21:49:59.999999998,69.8333,34.774,6.9699,6.7473,61.427,27.9402,5.1566,11.6191,0.6997
2026-01-03 21:51:00.000000000,69.85,34.764,6.9713,6.7485,62.574,28.0153,5.1302,11.6127,0.7153
2026-01-03 21:52:00.000000001,69.8667,34.752,6.9657,6.7427,61.464,28.0779,4.9957,11.5786,0.6856
2026-01-03 21:52:59.999999998,69.8833,34.672,6.9969,6.7738,61.97,28.0045,4.7078,11.5372,0.6931
2026-01-03 21:54:00.000000000,69.9,34.786,6.9406,6.7174,61.579,28.1245,5.2568,11.575,0.7196
2026-01-03 21:55:00.000000001,69.9167,34.679,6.9393,6.7159,62.009,28.2334,5.0222,11.5995,0.7094
2026-01-03 21:55:59.999999998,69.9333,34.735,6.9794,6.7559,61.55,27.9899,5.2709,11.5033,0.7256
2026-01-03 21:57:00.000000000,69.95,34.639,6.9816,6.758,61.823,27.9534,5.1481,11.5357,0.7287
2026-01-03 21:58:00.000000001,69.9667,34.618,6.9881,6.7644,61.061,27.9208,5.2753,11.4789,0.6728
2026-01-03 21:58:59.999999998,69.9833,34.736,6.9696,6.7457,62.393,27.8229,5.2154,11.5278,0.7058
2026-01-03 22:00:00.000000000,70.0,34.68,6.9623,6.7383,62.14,28.0999,4.7254,11.6114,0.6898
2026-01-03 22:01:00.000000001,70.0167,34.62,6.9809,6.7568,60.707,27.9717,5.1872,11.5882,0.676
2026-01-03 22:01:59.999999998,70.0333,34.747,6.9726,6.7483,62.795,28.07,5.0433,11.541,0.6842
2026-01-03 22:03:00.000000000,70.05,34.826,7.0128,6.7884,61.861,28.0861,5.2696,11.3996,0.694
2026-01-03 22:04:00.000000001,70.0667,34.789,6.9756,6.7511,62.134,27.9135,5.1834,11.5014,0.6941
2026-01-03 22:04:59.999999998,70.0833,34.707,6.9814,6.7568,62.618,27.9255,5.1851,11.5393,0.6879
2026-01-03 22:06:00.000000000,70.1,34.72,7.0324,6.8076,62.272,28.1396,5.0537,11.5234,0.6997
2026-01-03 22:07:00.000000001,70.1167,34.764,6.9793,6.7544,62.945,27.9944,4.9576,11.5359,0.7489
2026-01-03 22:07:59.999999998,70.1333,34.776,6.9947,6.7697,61.782,27.9472,5.0294,11.5464,0.6655
2026-01-03 22:09:00.000000000,70.15,34.703,6.9969,6.7717,62.848,27.9164,4.8243,11.5075,0.7227
2026-01-03 22:10:00.000000001,70.1667,34.722,6.999,6.7737,62.124,27.9887,5.0056,11.5339,0.6996
2026-01-03 22:10:59.999999998,70.1833,34.736,6.9906,6.7651,62.437,28.1206,4.8745,11.5268,0.6912
2026-01-03 22:12:00.000000000,70.2,34.749,6.989,6.7634,62.36,28.0548,4.8784,11.4991,0.6596
2026-01-03 22:13:00.000000001,70.2167,34.715,6.9875,6.7618,63.036,28.0145,5.1114,11.6265,0.7153
2026-01-03 22:13:59.999999998,70.2333,34.716,6.9744,6.7485,62.627,28.1271,5.1739,11.5104,0.6712
2026-01-03 22:15:00.000000000,70.25,34.791,6.9928,6.7668,61.703,28.1117,5.089,11.4215,0.7166
2026-01-03 22:16:00.000000001,70.2667,34.783,7.0273,6.8012,61.553,28.0267,5.0188,11.6234,0.7348
2026-01-03 22:16:59.999999998,70.2833,34.747,7.0113,6.7851,62.034,28.2221,4.9515,11.4919,0.6743
2026-01-03 22:18:00.000000000,70.3,34.81,6.9936,6.7672,61.475,27.9802,5.0459,11.5792,0.7234
2026-01-03 22:19:00.000000001,70.3167,34.705,7.0051,6.7785,61.251,28.0878,4.9701,11.5002,0.7005
2026-01-03 22:19:59.999999998,70.3333,34.807,6.971,6.7443,60.4,27.9686,5.0839,11.5627,0.6581
2026-01-03 22:21:00.000000000,70.35,34.753,6.9836,6.7568,60.873,28.0722,4.865,11.5318,0.6759
2026-01-03 22:22:00.000000001,70.3667,34.891,7.0082,6.7812,63.712,27.9801,5.1983,11.5842,0.7036
2026-01-03 22:22:59.999999998,70.3833,34.668,7.0194,6.7923,61.61,28.0369,5.008,11.5235,0.708
2026-01-03 22:24:00.000000000,70.4,34.694,6.9746,6.7474,63.67,28.1912,5.1494,11.5015,0.6684
2026-01-03 22:25:00.000000001,70.4167,34.751,6.9808,6.7535,62.482,28.0761,5.226,11.5471,0.7006
2026-01-03 22:25:59.999999998,70.4333,34.751,7.0345,6.8071,62.132,28.0381,5.142,11.5151,0.7165
2026-01-03 22:27:00.000000000,70.45,34.829,6.9933,6.7657,60.985,27.938,5.2126,11.4378,0.72
2026-01-03 22:28:00.000000001,70.4667,34.699,7.0282,6.8005,62.203,28.0151,4.7826,11.5042,0.6917
2026-01-03 22:28:59.999999998,70.4833,34.779,6.9963,6.7685,63.727,27.9194,5.0186,11.6777,0.7088
2026-01-03 22:30:00.000000000,70.5,34.793,6.9976,6.7696,63.474,28.071,5.2579,11.4432,0.7214
2026-01-03 22:31:00.000000001,70.5167,34.772,6.987,6.7588,62.463,28.069,5.1687,11.5463,0.717
2026-01-03 22:31:59.999999998,70.5333,34.69,7.0124,6.7841,61.34,27.9856,5.3695,11.5221,0.7178
2026-01-03 22:33:00.000000000,70.55,34.809,7.0211,6.7927,61.51,28.1331,5.3478,11.626,0.7023
2026-01-03 22:34:00.000000001,70.5667,34.802,6.9737,6.7452,61.61,28.1218,5.137,11.4787,0.6981
2026-01-03 22:34:59.999999998,70.5833,34.772,6.9878,6.7592,63.332,28.012,5.0542,11.5393,0.7054
2026-01-03 22:36:00.000000000,70.6,34.754,7.0136,6.7848,63.632,28.0452,4.9482,11.5685,0.6847
2026-01-03 22:37:00.000000001,70.6167,34.756,6.9932,6.7643,62.502,27.9529,5.0205,11.5253,0.7222
2026-01-03 22:37:59.999999998,70.6333,34.742,6.9864,6.7573,62.121,27.9782,5.0305,11.4959,0.6694
2026-01-03 22:39:00.000000000,70.65,34.78,7.0169,6.7877,63.621,27.9138,5.0027,11.5331,0.6899
2026-01-03 22:40:00.000000001,70.6667,34.751,7.0193,6.7899,61.619,27.9617,4.9538,11.5188,0.6993
2026-01-03 22:40:59.999999998,70.6833,34.709,6.9887,6.7592,62.463,27.9916,5.1517,11.5186,0.7094
2026-01-03 22:42:00.000000000,70.7,34.701,7.0024,6.7728,62.812,27.8672,5.3459,11.5808,0.7132
2026-01-03 22:43:00.000000001,70.7167,34.717,6.9744,6.7447,61.773,28.0461,5.2313,11.5544,0.7298
2026-01-03 22:43:59.999999998,70.7333,34.768,6.9812,6.7513,61.975,28.0818,5.0429,11.5618,0.7016
2026-01-03 22:45:00.000000000,70.75,34.757,7.002,6.772,61.935,27.9994,5.2433,11.5507,0.6856
2026-01-03 22:46:00.000000001,70.7667,34.771,7.0007,6.7705,63.661,27.7842,5.1431,11.5822,0.6971
2026-01-03 22:46:59.999999998,70.7833,34.788,6.9812,6.7509,64.082,27.9798,5.0849,11.5994,0.6936
2026-01-03 22:48:00.000000000,70.8,34.733,6.9867,6.7563,62.665,27.8885,5.0755,11.5199,0.7104
2026-01-03 22:49:00.000000001,70.8167,34.84,6.9802,6.7497,62.382,27.9512,5.0608,11.5752,0.6787
2026-01-03 22:49:59.999999998,70.8333,34.755,7.0111,6.7804,62.14,28.1162,5.1884,11.4694,0.6965
2026-01-03 22:51:00.000000000,70.85,34.749,6.9631,6.7323,62.645,27.8052,5.1116,11.4216,0.7325
2026-01-03 22:52:00.000000001,70.8667,34.797,6.9827,6.7518,62.228,27.9347,4.9813,11.6255,0.7036
2026-01-03 22:52:59.999999998,70.8833,34.684,6.9662,6.7351,62.616,28.0664,4.974,11.5176,0.6789
2026-01-03 22:54:00.000000000,70.9,34.738,7.0123,6.7811,63.049,27.9438,5.1363,11.5469,0.6932
2026-01-03 22:55:00.000000001,70.9167,34.829,6.9684,6.7371,62.42,27.9377,5.1546,11.473,0.6553
2026-01-03 22:55:59.999999998,70.9333,34.696,7.0056,6.7741,62.619,28.1626,5.0433,11.4707,0.6988
2026-01-03 22:57:00.000000000,70.95,34.841,7.0383,6.8067,62.649,28.0303,4.9204,11.4986,0.733
2026-01-03 22:58:00.000000001,70.9667,34.863,7.0395,6.8077,62.57,28.0747,5.2777,11.5664,0.6763
2026-01-03 22:58:59.999999998,70.9833,34.771,6.9704,6.7385,62.498,28.0396,5.2458,11.5084,0.6709
2026-01-03 23:00:00.000000000,71.0,34.807,7.013,6.781,63.488,28.0129,4.7918,11.5174,0.6869
2026-01-03 23:01:00.000000001,71.0167,34.851,6.9877,6.7556,61.49,28.1011,5.2908,11.497,0.7184
2026-01-03 23:01:59.999999998,71.0333,34.774,6.9842,6.7519,64.194,28.1524,5.0584,11.5925,0.7341
2026-01-03 23:03:00.000000000,71.05,34.844,7.0063,6.7739,63.072,27.8653,5.1182,11.5777,0.709
2026-01-03 23:04:00.000000001,71.0667,34.77,7.0336,6.8011,63.481,27.9972,5.2603,11.51,0.6743
2026-01-03 23:04:59.999999998,71.0833,34.782,7.0216,6.7889,63.602,27.9965,5.3374,11.5684,0.6996
2026-01-03 23:06:00.000000000,71.1,34.769,6.9958,6.763,62.485,27.9657,5.2398,11.522,0.7358
2026-01-03 23:07:00.000000001,71.1167,34.829,7.0247,6.7918,62.35,28.0785,5.1255,11.5174,0.6938
2026-01-03 23:07:59.999999998,71.1333,34.872,6.9663,6.7332,62.286,28.0206,4.8829,11.5317,0.7028
2026-01-03 23:09:00.000000000,71.15,34.808,6.9966,6.7634,62.945,28.154,4.7852,11.5664,0.7048
2026-01-03 23:10:00.000000001,71.1667,34.757,6.9957,6.7624,63.733,28.088,5.2208,11.4896,0.6691
2026-01-03 23:10:59.999999998,71.1833,34.769,7.0143,6.7808,62.738,28.1092,5.2903,11.5593,0.72
2026-01-03 23:12:00.000000000,71.2,34.846,7.0092,6.7756,63.723,27.9041,4.9667,11.6591,0.7171
2026-01-03 23:13:00.000000001,71.2167,34.921,7.011,6.7772,61.374,27.9355,5.0484,11.5434,0.6601
2026-01-03 23:13:59.999999998,71.2333,34.852,7.0108,6.777,62.992,27.9421,5.0052,11.536,0.6734
2026-01-03 23:15:00.000000000,71.25,34.816,7.0153,6.7813,64.267,28.1058,5.0011,11.53,0.6806
2026-01-03 23:16:00.000000001,71.2667,34.877,7.0262,6.7921,63.229,27.9226,5.2498,11.5581,0.715
2026-01-03 23:16:59.999999998,71.2833,34.83,7.0189,6.7847,62.736,27.925,5.1213,11.4537,0.685
2026-01-03 23:18:00.000000000,71.3,34.826,7.0108,6.7764,62.907,27.9103,5.0541,11.6193,0.708
2026-01-03 23:19:00.000000001,71.3167,34.8,7.0251,6.7905,61.044,28.2202,5.487,11.5833,0.6964
2026-01-03 23:19:59.999999998,71.3333,34.922,7.0341,6.7994,62.691,27.9886,4.8731,11.502,0.7014
2026-01-03 23:21:00.000000000,71.35,34.728,7.007,6.7722,64.38,28.0424,5.1704,11.5358,0.7099
2026-01-03 23:22:00.000000001,71.3667,34.898,7.0175,6.7825,63.102,27.9088,4.9308,11.5064,0.7054
2026-01-03 23:22:59.999999998,71.3833,34.838,7.0424,6.8074,63.232,28.0767,5.0644,11.5492,0.6996
2026-01-03 23:24:00.000000000,71.4,34.844,6.9977,6.7625,61.773,27.8581,5.1102,11.5373,0.7065
2026-01-03 23:25:00.000000001,71.4167,34.953,7.0564,6.8211,62.368,27.9217,5.2146,11.5457,0.7043
2026-01-03 23:25:59.999999998,71.4333,34.836,6.9941,6.7586,64.661,27.9415,5.0486,11.4828,0.6958
2026-01-03 23:27:00.000000000,71.45,34.841,7.0145,6.7789,64.238,28.0175,5.0327,11.5102,0.6914
2026-01-03 23:28:00.000000001,71.4667,34.872,7.0029,6.7672,62.742,27.9366,5.0458,11.5915,0.7376
2026-01-03 23:28:59.999999998,71.4833,34.903,7.0663,6.8304,63.311,28.1219,4.9256,11.5075,0.6911
2026-01-03 23:30:00.000000000,71.5,34.864,7.013,6.777,63.829,28.0403,5.1823,11.4021,0.7273
2026-01-03 23:31:00.000000001,71.5167,34.811,7.0136,6.7775,62.931,27.9448,5.1296,11.5267,0.6863
2026-01-03 23:31:59.999999998,71.5333,34.85,7.0168,6.7805,62.322,28.0798,5.1526,11.6548,0.7162
2026-01-03 23:33:00.000000000,71.55,34.961,7.0266,6.7902,63.834,27.9685,5.0768,11.5767,0.7357
2026-01-03 23:34:00.000000001,71.5667,34.904,7.0187,6.7822,64.457,27.9528,5.0582,11.505,0.6932
2026-01-03 23:34:59.999999998,71.5833,34.927,7.0232,6.7865,64.509,28.0717,5.2634,11.5317,0.6867
2026-01-03 23:36:00.000000000,71.6,34.895,6.9558,6.719,64.773,27.8038,5.2403,11.5682,0.6914
2026-01-03 23:37:00.000000001,71.6167,34.878,7.0281,6.7912,62.868,28.0588,5.2991,11.4464,0.6996
2026-01-03 23:37:59.999999998,71.6333,34.999,7.0279,6.7908,64.194,27.943,5.1427,11.4914,0.7064
2026-01-03 23:39:00.000000000,71.65,34.909,7.0489,6.8117,63.971,27.9428,5.2896,11.5541,0.6992
2026-01-03 23:40:00.000000001,71.6667,34.9,7.0548,6.8175,64.154,28.1567,5.0243,11.614,0.6916
2026-01-03 23:40:59.999999998,71.6833,34.981,7.0255,6.788,64.092,27.9575,5.0565,11.5123,0.7391
2026-01-03 23:42:00.000000000,71.7,34.894,7.0461,6.8085,63.771,28.0765,5.2658,11.6126,0.696
2026-01-03 23:43:00.000000001,71.7167,34.904,7.0083,6.7706,61.924,28.0223,5.2129,11.4965,0.6876
2026-01-03 23:43:59.999999998,71.7333,34.938,7.0463,6.8084,65.306,28.0306,5.0428,11.365,0.7166
2026-01-03 23:45:00.000000000,71.75,34.942,7.02,6.782,64.679,27.98,4.9293,11.5714,0.7169
2026-01-03 23:46:00.000000001,71.7667,34.958,7.0083,6.7702,63.266,27.9758,5.0556,11.5612,0.7282
2026-01-03 23:46:59.999999998,71.7833,35.054,7.0289,6.7906,64.87,28.1222,4.9834,11.571,0.7386
2026-01-03 23:48:00.000000000,71.8,34.97,7.0612,6.8228,64.173,28.0744,5.3447,11.5691,0.7069
2026-01-03 23:49:00.000000001,71.8167,34.838,7.0374,6.7988,64.234,27.96,5.2,11.5438,0.6942
2026-01-03 23:49:59.999999998,71.8333,34.977,7.0642,6.8256,63.994,27.9163,4.971,11.5213,0.662
2026-01-03 23:51:00.000000000,71.85,34.967,7.0199,6.7811,65.077,27.9532,4.9291,11.5232,0.6812
2026-01-03 23:52:00.000000001,71.8667,34.971,7.0564,6.8175,64.047,28.0785,4.969,11.5112,0.7042
2026-01-03 23:52:59.999999998,71.8833,34.985,7.023,6.7839,63.848,28.0943,5.0018,11.5142,0.6764
2026-01-03 23:54:00.000000000,71.9,34.975,7.0411,6.8019,65.67,28.0444,5.0606,11.4437,0.6683
2026-01-03 23:55:00.000000001,71.9167,34.978,7.0415,6.8022,64.661,27.8707,5.2527,11.4735,0.7013
2026-01-03 23:55:59.999999998,71.9333,35.015,7.051,6.8115,64.725,28.0603,4.9404,11.5261,0.7155
2026-01-03 23:57:00.000000000,71.95,34.961,7.0433,6.8037,65.436,28.1043,5.4288,11.4222,0.6951
2026-01-03 23:58:00.000000001,71.9667,34.945,7.0241,6.7843,64.387,28.0139,4.9438,11.4338,0.7179
2026-01-03 23:58:59.999999998,71.9833,35.147,7.057,6.8172,64.586,28.1584,4.8738,11.5175,0.7123
2026-01-04 00:00:00.000000000,72.0,34.964,7.0746,6.8346,65.245,27.8943,5.3383,11.5278,0.723
